danceability,energy,key,loudness,mode,speechiness,acousticness,instrumentalness,liveness,valence,tempo,duration_ms,time_signature,Hit
0.577,0.522,5,-6.594,0,0.0984,0.13,9.03e-05,0.142,0.119,159.772,218320,4,1.0
0.768,0.517,7,-4.323,0,0.0312,0.186,3.8e-05,0.104,0.418,104.992,216897,4,1.0
0.762,0.7,9,-6.021,0,0.0694,0.00261,1.56e-05,0.153,0.608,116.073,209320,4,1.0
0.715,0.802,11,-4.647,0,0.0394,0.139,0.0,0.177,0.327,124.989,197993,4,1.0
0.825,0.652,1,-3.183,0,0.0802,0.581,0.0,0.0931,0.931,95.977,233713,4,1.0
0.757,0.748,8,-5.794,0,0.473,0.17,0.0,0.0759,0.693,90.052,221013,4,1.0
0.724,0.895,7,-3.617,1,0.0411,0.0322,0.0,0.097,0.64,96.022,173720,4,1.0
0.795,0.615,5,-5.211,0,0.0671,0.0786,2.98e-06,0.0855,0.393,110.009,199849,4,1.0
0.936,0.523,5,-6.71,1,0.0597,0.239,0.0,0.117,0.699,119.889,124056,4,1.0
0.589,0.731,2,-6.343,1,0.0868,0.0534,0.0,0.308,0.191,87.908,268867,4,1.0
0.599,0.448,8,-6.312,1,0.0232,0.163,0.0,0.106,0.168,95.05,263400,3,1.0
0.694,0.815,2,-4.328,1,0.12,0.229,0.0,0.0924,0.813,88.931,228827,4,1.0
0.659,0.716,5,-5.673,0,0.111,0.33,0.0,0.173,0.437,148.015,212120,4,1.0
0.871,0.768,4,-5.401,0,0.122,0.283,2.25e-05,0.162,0.765,98.989,184067,4,1.0
0.52,0.761,4,-3.093,1,0.0853,0.256,4.96e-06,0.17,0.286,141.971,180823,4,1.0
0.854,0.868,0,-3.455,1,0.154,0.24,0.00204,0.152,0.631,115.99,192000,4,0.0
0.522,0.385,0,-7.355,1,0.0288,0.536,0.0,0.135,0.236,89.792,207520,4,0.0
0.779,0.867,3,-3.704,0,0.0457,0.0491,7.98e-06,0.197,0.915,138.858,258040,4,0.0
0.763,0.726,1,-6.405,1,0.282,0.259,0.0,0.0976,0.349,139.059,126346,4,0.0
0.855,0.624,1,-4.093,1,0.0488,0.158,0.0,0.0513,0.962,117.959,180757,4,0.0
0.91,0.444,1,-8.126,0,0.344,0.022,0.0,0.137,0.53,149.953,276333,4,0.0
0.852,0.773,8,-2.921,0,0.0776,0.187,3.05e-05,0.159,0.907,102.034,195840,4,0.0
0.66,0.775,2,-4.926,1,0.172,0.0553,0.0,0.129,0.635,157.036,157643,4,0.0
0.5,0.748,4,-9.072,1,0.0363,0.127,0.0,0.447,0.514,118.852,250987,4,0.0
0.778,0.824,10,-5.892,0,0.0712,0.284,0.0,0.405,0.756,100.024,218093,4,0.0
0.855,0.664,9,-7.11,0,0.0607,0.165,3.97e-05,0.0937,0.626,98.015,226800,4,0.0
0.746,0.653,7,-6.745,1,0.289,0.378,0.0,0.229,0.672,75.016,253107,4,0.0
0.532,0.767,7,-5.509,1,0.0574,0.00287,0.000513,0.39,0.755,127.361,210173,4,0.0
0.755,0.57,9,-7.132,1,0.0888,0.0416,0.0,0.0891,0.406,102.991,204400,4,0.0
0.613,0.764,2,-6.509,1,0.136,0.0527,0.0,0.197,0.417,160.015,208187,4,0.0
0.577,0.522,5,-6.594,0,0.0984,0.13,9.03e-05,0.142,0.119,159.772,218320,4,1.0
0.768,0.517,7,-4.323,0,0.0312,0.186,3.8e-05,0.104,0.418,104.992,216897,4,1.0
0.757,0.748,8,-5.794,0,0.473,0.17,0.0,0.0759,0.693,90.052,221013,4,1.0
0.762,0.7,9,-6.021,0,0.0694,0.00261,1.56e-05,0.153,0.608,116.073,209320,4,1.0
0.715,0.802,11,-4.647,0,0.0394,0.139,0.0,0.177,0.327,124.989,197993,4,1.0
0.599,0.448,8,-6.312,1,0.0232,0.163,0.0,0.106,0.168,95.05,263400,3,1.0
0.589,0.731,2,-6.343,1,0.0868,0.0534,0.0,0.308,0.191,87.908,268867,4,1.0
0.659,0.716,5,-5.673,0,0.111,0.33,0.0,0.173,0.437,148.015,212120,4,1.0
0.795,0.615,5,-5.211,0,0.0671,0.0786,2.98e-06,0.0855,0.393,110.009,199849,4,1.0
0.724,0.895,7,-3.617,1,0.0411,0.0322,0.0,0.097,0.64,96.022,173720,4,1.0
0.825,0.652,1,-3.183,0,0.0802,0.581,0.0,0.0931,0.931,95.977,233713,4,1.0
0.681,0.372,5,-8.237,1,0.0432,0.64,0.0,0.169,0.476,91.873,201000,4,1.0
0.936,0.523,5,-6.71,1,0.0597,0.239,0.0,0.117,0.699,119.889,124056,4,1.0
0.52,0.761,4,-3.093,1,0.0853,0.256,4.96e-06,0.17,0.286,141.971,180823,4,1.0
0.587,0.299,8,-7.365,1,0.0263,0.779,0.0,0.123,0.356,94.992,259550,3,1.0
0.728,0.563,1,-8.053,0,0.134,0.621,0.0,0.179,0.352,100.017,217707,4,0.0
0.748,0.819,10,-4.032,0,0.198,0.13,0.0,0.111,0.792,110.645,187973,3,0.0
0.818,0.803,1,-4.282,1,0.0797,0.034,0.0,0.153,0.632,106.97,225983,4,0.0
0.476,0.718,8,-5.309,1,0.0576,0.0784,1.02e-05,0.122,0.142,199.864,205947,4,0.0
0.736,0.795,1,-3.299,0,0.0545,0.498,1.21e-06,0.254,0.511,104.066,230813,4,0.0
0.792,0.819,5,-5.418,1,0.0867,0.0309,0.0,0.389,0.433,89.98,205520,4,0.0
0.604,0.661,0,-5.914,1,0.0375,0.234,0.0,0.0951,0.506,107.016,221440,4,0.0
0.69,0.872,11,-2.984,0,0.0588,0.226,0.0,0.0858,0.731,94.0,252200,4,0.0
0.855,0.664,9,-7.11,0,0.0607,0.165,3.97e-05,0.0937,0.626,98.015,226800,4,0.0
0.839,0.81,5,-5.274,0,0.0568,0.501,0.0,0.117,0.814,129.014,209269,4,0.0
0.608,0.753,0,-4.748,0,0.368,0.103,0.0,0.0996,0.482,97.626,200987,4,0.0
0.378,0.896,2,-4.066,1,0.0407,0.000452,0.0,0.194,0.469,174.302,258773,4,0.0
0.732,0.458,5,-7.225,1,0.0311,0.447,0.0,0.136,0.661,98.938,165387,4,0.0
0.557,0.442,5,-7.224,1,0.0243,0.731,1.46e-05,0.11,0.213,146.277,309600,4,0.0
0.675,0.724,7,-5.503,1,0.0787,0.0166,0.0,0.697,0.506,92.051,233072,4,0.0
0.577,0.522,5,-6.594,0,0.0984,0.13,9.03e-05,0.142,0.119,159.772,218320,4,1.0
0.768,0.517,7,-4.323,0,0.0312,0.186,3.8e-05,0.104,0.418,104.992,216897,4,1.0
0.757,0.748,8,-5.794,0,0.473,0.17,0.0,0.0759,0.693,90.052,221013,4,1.0
0.762,0.7,9,-6.021,0,0.0694,0.00261,1.56e-05,0.153,0.608,116.073,209320,4,1.0
0.715,0.802,11,-4.647,0,0.0394,0.139,0.0,0.177,0.327,124.989,197993,4,1.0
0.599,0.448,8,-6.312,1,0.0232,0.163,0.0,0.106,0.168,95.05,263400,3,1.0
0.589,0.731,2,-6.343,1,0.0868,0.0534,0.0,0.308,0.191,87.908,268867,4,1.0
0.659,0.716,5,-5.673,0,0.111,0.33,0.0,0.173,0.437,148.015,212120,4,1.0
0.724,0.895,7,-3.617,1,0.0411,0.0322,0.0,0.097,0.64,96.022,173720,4,1.0
0.795,0.615,5,-5.211,0,0.0671,0.0786,2.98e-06,0.0855,0.393,110.009,199849,4,1.0
0.825,0.652,1,-3.183,0,0.0802,0.581,0.0,0.0931,0.931,95.977,233713,4,1.0
0.681,0.372,5,-8.237,1,0.0432,0.64,0.0,0.169,0.476,91.873,201000,4,1.0
0.52,0.761,4,-3.093,1,0.0853,0.256,4.96e-06,0.17,0.286,141.971,180823,4,1.0
0.587,0.299,8,-7.365,1,0.0263,0.779,0.0,0.123,0.356,94.992,259550,3,1.0
0.936,0.523,5,-6.71,1,0.0597,0.239,0.0,0.117,0.699,119.889,124056,4,1.0
0.542,0.859,11,-5.651,1,0.197,0.16,0.00466,0.137,0.403,159.797,208053,4,0.0
0.356,0.924,1,-3.74,1,0.0808,0.00101,0.0,0.0953,0.232,148.017,222587,4,0.0
0.792,0.819,5,-5.418,1,0.0867,0.0309,0.0,0.389,0.433,89.98,205520,4,0.0
0.728,0.563,1,-8.053,0,0.134,0.621,0.0,0.179,0.352,100.017,217707,4,0.0
0.791,0.839,11,-4.284,1,0.266,0.0588,6.26e-05,0.259,0.383,170.113,202636,4,0.0
0.732,0.458,5,-7.225,1,0.0311,0.447,0.0,0.136,0.661,98.938,165387,4,0.0
0.69,0.872,11,-2.984,0,0.0588,0.226,0.0,0.0858,0.731,94.0,252200,4,0.0
0.702,0.77,7,-9.411,1,0.128,0.00558,0.000802,0.211,0.235,118.034,225933,4,0.0
0.748,0.819,10,-4.032,0,0.198,0.13,0.0,0.111,0.792,110.645,187973,3,0.0
0.839,0.81,5,-5.274,0,0.0568,0.501,0.0,0.117,0.814,129.014,209269,4,0.0
0.774,0.611,6,-2.883,1,0.134,0.109,0.0,0.0805,0.388,89.995,161593,4,0.0
0.818,0.803,1,-4.282,1,0.0797,0.034,0.0,0.153,0.632,106.97,225983,4,0.0
0.378,0.896,2,-4.066,1,0.0407,0.000452,0.0,0.194,0.469,174.302,258773,4,0.0
0.813,0.876,1,-4.278,0,0.172,0.182,0.0,0.394,0.746,94.987,210773,4,0.0
0.761,0.386,4,-6.158,1,0.0399,0.355,0.0,0.0953,0.526,134.943,238440,3,0.0
0.577,0.522,5,-6.594,0,0.0984,0.13,9.03e-05,0.142,0.119,159.772,218320,4,1.0
0.768,0.517,7,-4.323,0,0.0312,0.186,3.8e-05,0.104,0.418,104.992,216897,4,1.0
0.757,0.748,8,-5.794,0,0.473,0.17,0.0,0.0759,0.693,90.052,221013,4,1.0
0.762,0.7,9,-6.021,0,0.0694,0.00261,1.56e-05,0.153,0.608,116.073,209320,4,1.0
0.715,0.802,11,-4.647,0,0.0394,0.139,0.0,0.177,0.327,124.989,197993,4,1.0
0.589,0.731,2,-6.343,1,0.0868,0.0534,0.0,0.308,0.191,87.908,268867,4,1.0
0.599,0.448,8,-6.312,1,0.0232,0.163,0.0,0.106,0.168,95.05,263400,3,1.0
0.659,0.716,5,-5.673,0,0.111,0.33,0.0,0.173,0.437,148.015,212120,4,1.0
0.724,0.895,7,-3.617,1,0.0411,0.0322,0.0,0.097,0.64,96.022,173720,4,1.0
0.795,0.615,5,-5.211,0,0.0671,0.0786,2.98e-06,0.0855,0.393,110.009,199849,4,1.0
0.681,0.372,5,-8.237,1,0.0432,0.64,0.0,0.169,0.476,91.873,201000,4,1.0
0.825,0.652,1,-3.183,0,0.0802,0.581,0.0,0.0931,0.931,95.977,233713,4,1.0
0.587,0.299,8,-7.365,1,0.0263,0.779,0.0,0.123,0.356,94.992,259550,3,1.0
0.52,0.761,4,-3.093,1,0.0853,0.256,4.96e-06,0.17,0.286,141.971,180823,4,1.0
0.556,0.538,8,-5.408,0,0.0382,0.0689,0.0,0.196,0.291,143.95,223347,4,1.0
0.855,0.664,9,-7.11,0,0.0607,0.165,3.97e-05,0.0937,0.626,98.015,226800,4,0.0
0.792,0.819,5,-5.418,1,0.0867,0.0309,0.0,0.389,0.433,89.98,205520,4,0.0
0.66,0.775,2,-4.926,1,0.172,0.0553,0.0,0.129,0.635,157.036,157643,4,0.0
0.728,0.563,1,-8.053,0,0.134,0.621,0.0,0.179,0.352,100.017,217707,4,0.0
0.378,0.896,2,-4.066,1,0.0407,0.000452,0.0,0.194,0.469,174.302,258773,4,0.0
0.516,0.518,4,-10.383,1,0.04,0.00483,0.00895,0.585,0.0834,108.027,349560,4,0.0
0.854,0.868,0,-3.455,1,0.154,0.24,0.00204,0.152,0.631,115.99,192000,4,0.0
0.69,0.872,11,-2.984,0,0.0588,0.226,0.0,0.0858,0.731,94.0,252200,4,0.0
0.542,0.859,11,-5.651,1,0.197,0.16,0.00466,0.137,0.403,159.797,208053,4,0.0
0.813,0.876,1,-4.278,0,0.172,0.182,0.0,0.394,0.746,94.987,210773,4,0.0
0.748,0.819,10,-4.032,0,0.198,0.13,0.0,0.111,0.792,110.645,187973,3,0.0
0.522,0.833,0,-3.715,1,0.0575,0.0454,0.0,0.127,0.296,180.009,193569,4,0.0
0.839,0.81,5,-5.274,0,0.0568,0.501,0.0,0.117,0.814,129.014,209269,4,0.0
0.732,0.458,5,-7.225,1,0.0311,0.447,0.0,0.136,0.661,98.938,165387,4,0.0
0.667,0.83,0,-5.715,1,0.0749,0.0123,0.0,0.191,0.701,113.03,236002,4,0.0
0.577,0.522,5,-6.594,0,0.0984,0.13,9.03e-05,0.142,0.119,159.772,218320,4,1.0
0.768,0.517,7,-4.323,0,0.0312,0.186,3.8e-05,0.104,0.418,104.992,216897,4,1.0
0.757,0.748,8,-5.794,0,0.473,0.17,0.0,0.0759,0.693,90.052,221013,4,1.0
0.762,0.7,9,-6.021,0,0.0694,0.00261,1.56e-05,0.153,0.608,116.073,209320,4,1.0
0.715,0.802,11,-4.647,0,0.0394,0.139,0.0,0.177,0.327,124.989,197993,4,1.0
0.589,0.731,2,-6.343,1,0.0868,0.0534,0.0,0.308,0.191,87.908,268867,4,1.0
0.724,0.895,7,-3.617,1,0.0411,0.0322,0.0,0.097,0.64,96.022,173720,4,1.0
0.659,0.716,5,-5.673,0,0.111,0.33,0.0,0.173,0.437,148.015,212120,4,1.0
0.599,0.448,8,-6.312,1,0.0232,0.163,0.0,0.106,0.168,95.05,263400,3,1.0
0.795,0.615,5,-5.211,0,0.0671,0.0786,2.98e-06,0.0855,0.393,110.009,199849,4,1.0
0.681,0.372,5,-8.237,1,0.0432,0.64,0.0,0.169,0.476,91.873,201000,4,1.0
0.704,0.859,5,-4.877,0,0.0996,0.0185,0.0,0.0215,0.926,105.115,217289,4,1.0
0.745,0.579,1,-5.771,1,0.138,0.0354,0.0118,0.246,0.645,97.002,293947,4,1.0
0.52,0.761,4,-3.093,1,0.0853,0.256,4.96e-06,0.17,0.286,141.971,180823,4,1.0
0.825,0.652,1,-3.183,0,0.0802,0.581,0.0,0.0931,0.931,95.977,233713,4,1.0
0.927,0.665,11,-5.313,1,0.244,0.061,0.0,0.123,0.175,127.076,343150,4,0.0
0.855,0.664,9,-7.11,0,0.0607,0.165,3.97e-05,0.0937,0.626,98.015,226800,4,0.0
0.75,0.404,9,-10.178,0,0.0682,0.216,0.000357,0.0911,0.0499,95.045,232253,4,0.0
0.611,0.644,6,-7.607,0,0.0553,0.124,0.0,0.124,0.13,105.969,221904,4,0.0
0.66,0.775,2,-4.926,1,0.172,0.0553,0.0,0.129,0.635,157.036,157643,4,0.0
0.516,0.595,5,-4.63,1,0.0313,0.0275,0.0,0.109,0.222,119.972,340707,4,0.0
0.774,0.529,5,-4.479,0,0.0532,0.0674,0.0,0.0814,0.227,138.072,228431,4,0.0
0.745,0.646,6,-6.987,0,0.17,0.157,0.0,0.338,0.46,79.993,203908,4,0.0
0.854,0.868,0,-3.455,1,0.154,0.24,0.00204,0.152,0.631,115.99,192000,4,0.0
0.667,0.83,0,-5.715,1,0.0749,0.0123,0.0,0.191,0.701,113.03,236002,4,0.0
0.516,0.518,4,-10.383,1,0.04,0.00483,0.00895,0.585,0.0834,108.027,349560,4,0.0
0.69,0.872,11,-2.984,0,0.0588,0.226,0.0,0.0858,0.731,94.0,252200,4,0.0
0.728,0.563,1,-8.053,0,0.134,0.621,0.0,0.179,0.352,100.017,217707,4,0.0
0.792,0.819,5,-5.418,1,0.0867,0.0309,0.0,0.389,0.433,89.98,205520,4,0.0
0.813,0.876,1,-4.278,0,0.172,0.182,0.0,0.394,0.746,94.987,210773,4,0.0
0.577,0.522,5,-6.594,0,0.0984,0.13,9.03e-05,0.142,0.119,159.772,218320,4,1.0
0.768,0.517,7,-4.323,0,0.0312,0.186,3.8e-05,0.104,0.418,104.992,216897,4,1.0
0.757,0.748,8,-5.794,0,0.473,0.17,0.0,0.0759,0.693,90.052,221013,4,1.0
0.762,0.7,9,-6.021,0,0.0694,0.00261,1.56e-05,0.153,0.608,116.073,209320,4,1.0
0.715,0.802,11,-4.647,0,0.0394,0.139,0.0,0.177,0.327,124.989,197993,4,1.0
0.724,0.895,7,-3.617,1,0.0411,0.0322,0.0,0.097,0.64,96.022,173720,4,1.0
0.589,0.731,2,-6.343,1,0.0868,0.0534,0.0,0.308,0.191,87.908,268867,4,1.0
0.659,0.716,5,-5.673,0,0.111,0.33,0.0,0.173,0.437,148.015,212120,4,1.0
0.599,0.448,8,-6.312,1,0.0232,0.163,0.0,0.106,0.168,95.05,263400,3,1.0
0.795,0.615,5,-5.211,0,0.0671,0.0786,2.98e-06,0.0855,0.393,110.009,199849,4,1.0
0.825,0.652,1,-3.183,0,0.0802,0.581,0.0,0.0931,0.931,95.977,233713,4,1.0
0.681,0.372,5,-8.237,1,0.0432,0.64,0.0,0.169,0.476,91.873,201000,4,1.0
0.704,0.859,5,-4.877,0,0.0996,0.0185,0.0,0.0215,0.926,105.115,217289,4,1.0
0.52,0.761,4,-3.093,1,0.0853,0.256,4.96e-06,0.17,0.286,141.971,180823,4,1.0
0.556,0.538,8,-5.408,0,0.0382,0.0689,0.0,0.196,0.291,143.95,223347,4,1.0
0.874,0.649,0,-4.385,1,0.0833,0.218,0.0,0.337,0.712,95.004,203813,4,0.0
0.468,0.444,9,-10.217,0,0.291,0.796,0.0,0.619,0.637,76.019,303640,3,0.0
0.712,0.51,8,-8.162,1,0.0633,0.446,2.46e-05,0.112,0.268,122.964,240507,4,0.0
0.854,0.868,0,-3.455,1,0.154,0.24,0.00204,0.152,0.631,115.99,192000,4,0.0
0.516,0.595,5,-4.63,1,0.0313,0.0275,0.0,0.109,0.222,119.972,340707,4,0.0
0.516,0.518,4,-10.383,1,0.04,0.00483,0.00895,0.585,0.0834,108.027,349560,4,0.0
0.667,0.83,0,-5.715,1,0.0749,0.0123,0.0,0.191,0.701,113.03,236002,4,0.0
0.813,0.876,1,-4.278,0,0.172,0.182,0.0,0.394,0.746,94.987,210773,4,0.0
0.611,0.644,6,-7.607,0,0.0553,0.124,0.0,0.124,0.13,105.969,221904,4,0.0
0.791,0.839,11,-4.284,1,0.266,0.0588,6.26e-05,0.259,0.383,170.113,202636,4,0.0
0.69,0.872,11,-2.984,0,0.0588,0.226,0.0,0.0858,0.731,94.0,252200,4,0.0
0.792,0.819,5,-5.418,1,0.0867,0.0309,0.0,0.389,0.433,89.98,205520,4,0.0
0.814,0.653,3,-0.02,0,0.0359,0.189,0.0,0.0876,0.706,130.099,228923,4,0.0
0.774,0.529,5,-4.479,0,0.0532,0.0674,0.0,0.0814,0.227,138.072,228431,4,0.0
0.728,0.563,1,-8.053,0,0.134,0.621,0.0,0.179,0.352,100.017,217707,4,0.0
0.577,0.522,5,-6.594,0,0.0984,0.13,9.03e-05,0.142,0.119,159.772,218320,4,1.0
0.768,0.517,7,-4.323,0,0.0312,0.186,3.8e-05,0.104,0.418,104.992,216897,4,1.0
0.757,0.748,8,-5.794,0,0.473,0.17,0.0,0.0759,0.693,90.052,221013,4,1.0
0.762,0.7,9,-6.021,0,0.0694,0.00261,1.56e-05,0.153,0.608,116.073,209320,4,1.0
0.715,0.802,11,-4.647,0,0.0394,0.139,0.0,0.177,0.327,124.989,197993,4,1.0
0.589,0.731,2,-6.343,1,0.0868,0.0534,0.0,0.308,0.191,87.908,268867,4,1.0
0.724,0.895,7,-3.617,1,0.0411,0.0322,0.0,0.097,0.64,96.022,173720,4,1.0
0.599,0.448,8,-6.312,1,0.0232,0.163,0.0,0.106,0.168,95.05,263400,3,1.0
0.659,0.716,5,-5.673,0,0.111,0.33,0.0,0.173,0.437,148.015,212120,4,1.0
0.704,0.859,5,-4.877,0,0.0996,0.0185,0.0,0.0215,0.926,105.115,217289,4,1.0
0.795,0.615,5,-5.211,0,0.0671,0.0786,2.98e-06,0.0855,0.393,110.009,199849,4,1.0
0.681,0.372,5,-8.237,1,0.0432,0.64,0.0,0.169,0.476,91.873,201000,4,1.0
0.825,0.652,1,-3.183,0,0.0802,0.581,0.0,0.0931,0.931,95.977,233713,4,1.0
0.556,0.538,8,-5.408,0,0.0382,0.0689,0.0,0.196,0.291,143.95,223347,4,1.0
0.52,0.761,4,-3.093,1,0.0853,0.256,4.96e-06,0.17,0.286,141.971,180823,4,1.0
0.468,0.444,9,-10.217,0,0.291,0.796,0.0,0.619,0.637,76.019,303640,3,0.0
0.927,0.665,11,-5.313,1,0.244,0.061,0.0,0.123,0.175,127.076,343150,4,0.0
0.516,0.595,5,-4.63,1,0.0313,0.0275,0.0,0.109,0.222,119.972,340707,4,0.0
0.745,0.646,6,-6.987,0,0.17,0.157,0.0,0.338,0.46,79.993,203908,4,0.0
0.701,0.728,2,-4.554,1,0.255,0.00971,0.00115,0.361,0.0591,171.388,326467,4,0.0
0.351,0.331,9,-10.316,1,0.0382,0.3,9.14e-06,0.0919,0.191,161.564,234360,3,0.0
0.66,0.775,2,-4.926,1,0.172,0.0553,0.0,0.129,0.635,157.036,157643,4,0.0
0.854,0.868,0,-3.455,1,0.154,0.24,0.00204,0.152,0.631,115.99,192000,4,0.0
0.611,0.644,6,-7.607,0,0.0553,0.124,0.0,0.124,0.13,105.969,221904,4,0.0
0.792,0.819,5,-5.418,1,0.0867,0.0309,0.0,0.389,0.433,89.98,205520,4,0.0
0.839,0.81,5,-5.274,0,0.0568,0.501,0.0,0.117,0.814,129.014,209269,4,0.0
0.69,0.872,11,-2.984,0,0.0588,0.226,0.0,0.0858,0.731,94.0,252200,4,0.0
0.75,0.404,9,-10.178,0,0.0682,0.216,0.000357,0.0911,0.0499,95.045,232253,4,0.0
0.734,0.57,7,-7.066,0,0.133,0.847,2.14e-05,0.112,0.689,129.953,95467,4,0.0
0.728,0.563,1,-8.053,0,0.134,0.621,0.0,0.179,0.352,100.017,217707,4,0.0
0.577,0.522,5,-6.594,0,0.0984,0.13,9.03e-05,0.142,0.119,159.772,218320,4,1.0
0.768,0.517,7,-4.323,0,0.0312,0.186,3.8e-05,0.104,0.418,104.992,216897,4,1.0
0.757,0.748,8,-5.794,0,0.473,0.17,0.0,0.0759,0.693,90.052,221013,4,1.0
0.762,0.7,9,-6.021,0,0.0694,0.00261,1.56e-05,0.153,0.608,116.073,209320,4,1.0
0.715,0.802,11,-4.647,0,0.0394,0.139,0.0,0.177,0.327,124.989,197993,4,1.0
0.704,0.859,5,-4.877,0,0.0996,0.0185,0.0,0.0215,0.926,105.115,217289,4,1.0
0.589,0.731,2,-6.343,1,0.0868,0.0534,0.0,0.308,0.191,87.908,268867,4,1.0
0.724,0.895,7,-3.617,1,0.0411,0.0322,0.0,0.097,0.64,96.022,173720,4,1.0
0.599,0.448,8,-6.312,1,0.0232,0.163,0.0,0.106,0.168,95.05,263400,3,1.0
0.659,0.716,5,-5.673,0,0.111,0.33,0.0,0.173,0.437,148.015,212120,4,1.0
0.795,0.615,5,-5.211,0,0.0671,0.0786,2.98e-06,0.0855,0.393,110.009,199849,4,1.0
0.681,0.372,5,-8.237,1,0.0432,0.64,0.0,0.169,0.476,91.873,201000,4,1.0
0.52,0.761,4,-3.093,1,0.0853,0.256,4.96e-06,0.17,0.286,141.971,180823,4,1.0
0.556,0.538,8,-5.408,0,0.0382,0.0689,0.0,0.196,0.291,143.95,223347,4,1.0
0.587,0.299,8,-7.365,1,0.0263,0.779,0.0,0.123,0.356,94.992,259550,3,1.0
0.516,0.595,5,-4.63,1,0.0313,0.0275,0.0,0.109,0.222,119.972,340707,4,0.0
0.613,0.764,2,-6.509,1,0.136,0.0527,0.0,0.197,0.417,160.015,208187,4,0.0
0.735,0.703,6,-4.249,1,0.0611,0.2,0.0,0.259,0.323,120.007,233827,4,0.0
0.721,0.711,7,-9.294,1,0.293,0.000662,0.0,0.347,0.511,107.998,156057,5,0.0
0.653,0.658,2,-6.428,1,0.0304,0.0215,1.66e-06,0.0939,0.219,99.99,221507,4,0.0
0.253,0.139,6,-17.067,1,0.0414,0.726,5.01e-05,0.269,0.102,74.369,60453,3,0.0
0.763,0.726,1,-6.405,1,0.282,0.259,0.0,0.0976,0.349,139.059,126346,4,0.0
0.734,0.57,7,-7.066,0,0.133,0.847,2.14e-05,0.112,0.689,129.953,95467,4,0.0
0.705,0.714,11,-6.39,0,0.0792,0.0249,0.0,0.253,0.434,104.996,209733,4,0.0
0.611,0.644,6,-7.607,0,0.0553,0.124,0.0,0.124,0.13,105.969,221904,4,0.0
0.75,0.404,9,-10.178,0,0.0682,0.216,0.000357,0.0911,0.0499,95.045,232253,4,0.0
0.791,0.839,11,-4.284,1,0.266,0.0588,6.26e-05,0.259,0.383,170.113,202636,4,0.0
0.839,0.81,5,-5.274,0,0.0568,0.501,0.0,0.117,0.814,129.014,209269,4,0.0
0.728,0.563,1,-8.053,0,0.134,0.621,0.0,0.179,0.352,100.017,217707,4,0.0
0.557,0.442,5,-7.224,1,0.0243,0.731,1.46e-05,0.11,0.213,146.277,309600,4,0.0
0.577,0.522,5,-6.594,0,0.0984,0.13,9.03e-05,0.142,0.119,159.772,218320,4,1.0
0.768,0.517,7,-4.323,0,0.0312,0.186,3.8e-05,0.104,0.418,104.992,216897,4,1.0
0.757,0.748,8,-5.794,0,0.473,0.17,0.0,0.0759,0.693,90.052,221013,4,1.0
0.704,0.859,5,-4.877,0,0.0996,0.0185,0.0,0.0215,0.926,105.115,217289,4,1.0
0.762,0.7,9,-6.021,0,0.0694,0.00261,1.56e-05,0.153,0.608,116.073,209320,4,1.0
0.715,0.802,11,-4.647,0,0.0394,0.139,0.0,0.177,0.327,124.989,197993,4,1.0
0.589,0.731,2,-6.343,1,0.0868,0.0534,0.0,0.308,0.191,87.908,268867,4,1.0
0.724,0.895,7,-3.617,1,0.0411,0.0322,0.0,0.097,0.64,96.022,173720,4,1.0
0.659,0.716,5,-5.673,0,0.111,0.33,0.0,0.173,0.437,148.015,212120,4,1.0
0.599,0.448,8,-6.312,1,0.0232,0.163,0.0,0.106,0.168,95.05,263400,3,1.0
0.795,0.615,5,-5.211,0,0.0671,0.0786,2.98e-06,0.0855,0.393,110.009,199849,4,1.0
0.681,0.372,5,-8.237,1,0.0432,0.64,0.0,0.169,0.476,91.873,201000,4,1.0
0.52,0.761,4,-3.093,1,0.0853,0.256,4.96e-06,0.17,0.286,141.971,180823,4,1.0
0.587,0.299,8,-7.365,1,0.0263,0.779,0.0,0.123,0.356,94.992,259550,3,1.0
0.556,0.538,8,-5.408,0,0.0382,0.0689,0.0,0.196,0.291,143.95,223347,4,1.0
0.613,0.764,2,-6.509,1,0.136,0.0527,0.0,0.197,0.417,160.015,208187,4,0.0
0.818,0.803,1,-4.282,1,0.0797,0.034,0.0,0.153,0.632,106.97,225983,4,0.0
0.774,0.529,5,-4.479,0,0.0532,0.0674,0.0,0.0814,0.227,138.072,228431,4,0.0
0.653,0.658,2,-6.428,1,0.0304,0.0215,1.66e-06,0.0939,0.219,99.99,221507,4,0.0
0.721,0.711,7,-9.294,1,0.293,0.000662,0.0,0.347,0.511,107.998,156057,5,0.0
0.734,0.57,7,-7.066,0,0.133,0.847,2.14e-05,0.112,0.689,129.953,95467,4,0.0
0.722,0.744,11,-5.52,0,0.0363,0.0234,0.000157,0.143,0.686,125.985,207630,4,0.0
0.611,0.644,6,-7.607,0,0.0553,0.124,0.0,0.124,0.13,105.969,221904,4,0.0
0.802,0.744,6,-5.968,1,0.078,0.0807,0.0,0.0917,0.45,99.983,215083,4,0.0
0.705,0.714,11,-6.39,0,0.0792,0.0249,0.0,0.253,0.434,104.996,209733,4,0.0
0.75,0.404,9,-10.178,0,0.0682,0.216,0.000357,0.0911,0.0499,95.045,232253,4,0.0
0.763,0.726,1,-6.405,1,0.282,0.259,0.0,0.0976,0.349,139.059,126346,4,0.0
0.557,0.442,5,-7.224,1,0.0243,0.731,1.46e-05,0.11,0.213,146.277,309600,4,0.0
0.551,0.851,1,-3.277,1,0.197,0.0748,0.0,0.0784,0.1,171.411,297893,4,0.0
0.522,0.833,0,-3.715,1,0.0575,0.0454,0.0,0.127,0.296,180.009,193569,4,0.0
0.577,0.522,5,-6.594,0,0.0984,0.13,9.03e-05,0.142,0.119,159.772,218320,4,1.0
0.768,0.517,7,-4.323,0,0.0312,0.186,3.8e-05,0.104,0.418,104.992,216897,4,1.0
0.757,0.748,8,-5.794,0,0.473,0.17,0.0,0.0759,0.693,90.052,221013,4,1.0
0.704,0.859,5,-4.877,0,0.0996,0.0185,0.0,0.0215,0.926,105.115,217289,4,1.0
0.762,0.7,9,-6.021,0,0.0694,0.00261,1.56e-05,0.153,0.608,116.073,209320,4,1.0
0.715,0.802,11,-4.647,0,0.0394,0.139,0.0,0.177,0.327,124.989,197993,4,1.0
0.589,0.731,2,-6.343,1,0.0868,0.0534,0.0,0.308,0.191,87.908,268867,4,1.0
0.724,0.895,7,-3.617,1,0.0411,0.0322,0.0,0.097,0.64,96.022,173720,4,1.0
0.659,0.716,5,-5.673,0,0.111,0.33,0.0,0.173,0.437,148.015,212120,4,1.0
0.599,0.448,8,-6.312,1,0.0232,0.163,0.0,0.106,0.168,95.05,263400,3,1.0
0.795,0.615,5,-5.211,0,0.0671,0.0786,2.98e-06,0.0855,0.393,110.009,199849,4,1.0
0.681,0.372,5,-8.237,1,0.0432,0.64,0.0,0.169,0.476,91.873,201000,4,1.0
0.52,0.761,4,-3.093,1,0.0853,0.256,4.96e-06,0.17,0.286,141.971,180823,4,1.0
0.556,0.538,8,-5.408,0,0.0382,0.0689,0.0,0.196,0.291,143.95,223347,4,1.0
0.587,0.299,8,-7.365,1,0.0263,0.779,0.0,0.123,0.356,94.992,259550,3,1.0
0.818,0.803,1,-4.282,1,0.0797,0.034,0.0,0.153,0.632,106.97,225983,4,0.0
0.613,0.764,2,-6.509,1,0.136,0.0527,0.0,0.197,0.417,160.015,208187,4,0.0
0.468,0.444,9,-10.217,0,0.291,0.796,0.0,0.619,0.637,76.019,303640,3,0.0
0.722,0.744,11,-5.52,0,0.0363,0.0234,0.000157,0.143,0.686,125.985,207630,4,0.0
0.774,0.529,5,-4.479,0,0.0532,0.0674,0.0,0.0814,0.227,138.072,228431,4,0.0
0.802,0.744,6,-5.968,1,0.078,0.0807,0.0,0.0917,0.45,99.983,215083,4,0.0
0.734,0.57,7,-7.066,0,0.133,0.847,2.14e-05,0.112,0.689,129.953,95467,4,0.0
0.611,0.644,6,-7.607,0,0.0553,0.124,0.0,0.124,0.13,105.969,221904,4,0.0
0.705,0.714,11,-6.39,0,0.0792,0.0249,0.0,0.253,0.434,104.996,209733,4,0.0
0.356,0.924,1,-3.74,1,0.0808,0.00101,0.0,0.0953,0.232,148.017,222587,4,0.0
0.763,0.726,1,-6.405,1,0.282,0.259,0.0,0.0976,0.349,139.059,126346,4,0.0
0.551,0.851,1,-3.277,1,0.197,0.0748,0.0,0.0784,0.1,171.411,297893,4,0.0
0.839,0.81,5,-5.274,0,0.0568,0.501,0.0,0.117,0.814,129.014,209269,4,0.0
0.557,0.442,5,-7.224,1,0.0243,0.731,1.46e-05,0.11,0.213,146.277,309600,4,0.0
0.728,0.563,1,-8.053,0,0.134,0.621,0.0,0.179,0.352,100.017,217707,4,0.0
0.577,0.522,5,-6.594,0,0.0984,0.13,9.03e-05,0.142,0.119,159.772,218320,4,1.0
0.768,0.517,7,-4.323,0,0.0312,0.186,3.8e-05,0.104,0.418,104.992,216897,4,1.0
0.757,0.748,8,-5.794,0,0.473,0.17,0.0,0.0759,0.693,90.052,221013,4,1.0
0.704,0.859,5,-4.877,0,0.0996,0.0185,0.0,0.0215,0.926,105.115,217289,4,1.0
0.715,0.802,11,-4.647,0,0.0394,0.139,0.0,0.177,0.327,124.989,197993,4,1.0
0.762,0.7,9,-6.021,0,0.0694,0.00261,1.56e-05,0.153,0.608,116.073,209320,4,1.0
0.589,0.731,2,-6.343,1,0.0868,0.0534,0.0,0.308,0.191,87.908,268867,4,1.0
0.724,0.895,7,-3.617,1,0.0411,0.0322,0.0,0.097,0.64,96.022,173720,4,1.0
0.659,0.716,5,-5.673,0,0.111,0.33,0.0,0.173,0.437,148.015,212120,4,1.0
0.599,0.448,8,-6.312,1,0.0232,0.163,0.0,0.106,0.168,95.05,263400,3,1.0
0.795,0.615,5,-5.211,0,0.0671,0.0786,2.98e-06,0.0855,0.393,110.009,199849,4,1.0
0.556,0.538,8,-5.408,0,0.0382,0.0689,0.0,0.196,0.291,143.95,223347,4,1.0
0.681,0.372,5,-8.237,1,0.0432,0.64,0.0,0.169,0.476,91.873,201000,4,1.0
0.705,0.628,5,-5.362,0,0.0489,0.0287,0.0193,0.0863,0.465,96.799,235540,4,1.0
0.587,0.299,8,-7.365,1,0.0263,0.779,0.0,0.123,0.356,94.992,259550,3,1.0
0.653,0.658,2,-6.428,1,0.0304,0.0215,1.66e-06,0.0939,0.219,99.99,221507,4,0.0
0.611,0.644,6,-7.607,0,0.0553,0.124,0.0,0.124,0.13,105.969,221904,4,0.0
0.613,0.764,2,-6.509,1,0.136,0.0527,0.0,0.197,0.417,160.015,208187,4,0.0
0.351,0.331,9,-10.316,1,0.0382,0.3,9.14e-06,0.0919,0.191,161.564,234360,3,0.0
0.721,0.711,7,-9.294,1,0.293,0.000662,0.0,0.347,0.511,107.998,156057,5,0.0
0.734,0.57,7,-7.066,0,0.133,0.847,2.14e-05,0.112,0.689,129.953,95467,4,0.0
0.722,0.744,11,-5.52,0,0.0363,0.0234,0.000157,0.143,0.686,125.985,207630,4,0.0
0.468,0.444,9,-10.217,0,0.291,0.796,0.0,0.619,0.637,76.019,303640,3,0.0
0.763,0.726,1,-6.405,1,0.282,0.259,0.0,0.0976,0.349,139.059,126346,4,0.0
0.356,0.924,1,-3.74,1,0.0808,0.00101,0.0,0.0953,0.232,148.017,222587,4,0.0
0.667,0.83,0,-5.715,1,0.0749,0.0123,0.0,0.191,0.701,113.03,236002,4,0.0
0.774,0.529,5,-4.479,0,0.0532,0.0674,0.0,0.0814,0.227,138.072,228431,4,0.0
0.839,0.81,5,-5.274,0,0.0568,0.501,0.0,0.117,0.814,129.014,209269,4,0.0
0.551,0.851,1,-3.277,1,0.197,0.0748,0.0,0.0784,0.1,171.411,297893,4,0.0
0.378,0.896,2,-4.066,1,0.0407,0.000452,0.0,0.194,0.469,174.302,258773,4,0.0
0.765,0.523,2,-4.333,1,0.03,0.184,3.56e-05,0.132,0.394,104.988,217307,4,1.0
0.577,0.522,5,-6.594,0,0.0984,0.13,9.03e-05,0.142,0.119,159.772,218320,4,1.0
0.757,0.748,8,-5.794,0,0.473,0.17,0.0,0.0759,0.693,90.052,221013,4,1.0
0.637,0.713,0,-4.333,1,0.0747,0.181,0.000637,0.137,0.243,129.923,226973,4,1.0
0.704,0.859,5,-4.877,0,0.0996,0.0185,0.0,0.0215,0.926,105.115,217289,4,1.0
0.715,0.802,11,-4.647,0,0.0394,0.139,0.0,0.177,0.327,124.989,197993,4,1.0
0.762,0.7,9,-6.021,0,0.0694,0.00261,1.56e-05,0.153,0.608,116.073,209320,4,1.0
0.724,0.895,7,-3.617,1,0.0411,0.0322,0.0,0.097,0.64,96.022,173720,4,1.0
0.589,0.731,2,-6.343,1,0.0868,0.0534,0.0,0.308,0.191,87.908,268867,4,1.0
0.659,0.716,5,-5.673,0,0.111,0.33,0.0,0.173,0.437,148.015,212120,4,1.0
0.599,0.448,8,-6.312,1,0.0232,0.163,0.0,0.106,0.168,95.05,263400,3,1.0
0.795,0.615,5,-5.211,0,0.0671,0.0786,2.98e-06,0.0855,0.393,110.009,199849,4,1.0
0.705,0.628,5,-5.362,0,0.0489,0.0287,0.0193,0.0863,0.465,96.799,235540,4,1.0
0.556,0.538,8,-5.408,0,0.0382,0.0689,0.0,0.196,0.291,143.95,223347,4,1.0
0.52,0.761,4,-3.093,1,0.0853,0.256,4.96e-06,0.17,0.286,141.971,180823,4,1.0
0.773,0.819,0,-5.946,0,0.118,0.426,0.0,0.0679,0.585,92.99,269187,4,0.0
0.748,0.565,7,-5.895,1,0.0476,0.164,0.00169,0.103,0.812,175.92,193227,4,0.0
0.775,0.573,11,-4.933,1,0.0585,0.495,0.0,0.126,0.667,101.925,171806,4,0.0
0.72,0.763,9,-4.068,0,0.0523,0.406,0.0,0.18,0.742,101.965,251088,4,0.0
0.802,0.744,6,-5.968,1,0.078,0.0807,0.0,0.0917,0.45,99.983,215083,4,0.0
0.613,0.764,2,-6.509,1,0.136,0.0527,0.0,0.197,0.417,160.015,208187,4,0.0
0.623,0.909,4,-3.079,0,0.0758,0.158,0.0,0.0972,0.651,93.984,188787,4,0.0
0.705,0.714,11,-6.39,0,0.0792,0.0249,0.0,0.253,0.434,104.996,209733,4,0.0
0.722,0.744,11,-5.52,0,0.0363,0.0234,0.000157,0.143,0.686,125.985,207630,4,0.0
0.735,0.703,6,-4.249,1,0.0611,0.2,0.0,0.259,0.323,120.007,233827,4,0.0
0.516,0.595,5,-4.63,1,0.0313,0.0275,0.0,0.109,0.222,119.972,340707,4,0.0
0.818,0.803,1,-4.282,1,0.0797,0.034,0.0,0.153,0.632,106.97,225983,4,0.0
0.721,0.711,7,-9.294,1,0.293,0.000662,0.0,0.347,0.511,107.998,156057,5,0.0
0.763,0.726,1,-6.405,1,0.282,0.259,0.0,0.0976,0.349,139.059,126346,4,0.0
0.653,0.658,2,-6.428,1,0.0304,0.0215,1.66e-06,0.0939,0.219,99.99,221507,4,0.0
0.765,0.523,2,-4.333,1,0.03,0.184,3.56e-05,0.132,0.394,104.988,217307,4,1.0
0.577,0.522,5,-6.594,0,0.0984,0.13,9.03e-05,0.142,0.119,159.772,218320,4,1.0
0.757,0.748,8,-5.794,0,0.473,0.17,0.0,0.0759,0.693,90.052,221013,4,1.0
0.637,0.713,0,-4.333,1,0.0747,0.181,0.000637,0.137,0.243,129.923,226973,4,1.0
0.704,0.859,5,-4.877,0,0.0996,0.0185,0.0,0.0215,0.926,105.115,217289,4,1.0
0.715,0.802,11,-4.647,0,0.0394,0.139,0.0,0.177,0.327,124.989,197993,4,1.0
0.724,0.895,7,-3.617,1,0.0411,0.0322,0.0,0.097,0.64,96.022,173720,4,1.0
0.762,0.7,9,-6.021,0,0.0694,0.00261,1.56e-05,0.153,0.608,116.073,209320,4,1.0
0.589,0.731,2,-6.343,1,0.0868,0.0534,0.0,0.308,0.191,87.908,268867,4,1.0
0.659,0.716,5,-5.673,0,0.111,0.33,0.0,0.173,0.437,148.015,212120,4,1.0
0.599,0.448,8,-6.312,1,0.0232,0.163,0.0,0.106,0.168,95.05,263400,3,1.0
0.795,0.615,5,-5.211,0,0.0671,0.0786,2.98e-06,0.0855,0.393,110.009,199849,4,1.0
0.825,0.652,1,-3.183,0,0.0802,0.581,0.0,0.0931,0.931,95.977,233713,4,1.0
0.705,0.628,5,-5.362,0,0.0489,0.0287,0.0193,0.0863,0.465,96.799,235540,4,1.0
0.587,0.299,8,-7.365,1,0.0263,0.779,0.0,0.123,0.356,94.992,259550,3,1.0
0.818,0.803,1,-4.282,1,0.0797,0.034,0.0,0.153,0.632,106.97,225983,4,0.0
0.548,0.65,8,-5.827,0,0.0591,0.219,0.0,0.225,0.557,144.937,194897,4,0.0
0.701,0.728,2,-4.554,1,0.255,0.00971,0.00115,0.361,0.0591,171.388,326467,4,0.0
0.748,0.565,7,-5.895,1,0.0476,0.164,0.00169,0.103,0.812,175.92,193227,4,0.0
0.866,0.648,1,-3.675,1,0.0543,0.009,0.0,0.0967,0.0798,150.058,140793,4,0.0
0.774,0.611,6,-2.883,1,0.134,0.109,0.0,0.0805,0.388,89.995,161593,4,0.0
0.735,0.703,6,-4.249,1,0.0611,0.2,0.0,0.259,0.323,120.007,233827,4,0.0
0.623,0.909,4,-3.079,0,0.0758,0.158,0.0,0.0972,0.651,93.984,188787,4,0.0
0.741,0.667,10,-5.445,1,0.134,0.0575,0.0,0.106,0.595,112.956,223504,4,0.0
0.613,0.764,2,-6.509,1,0.136,0.0527,0.0,0.197,0.417,160.015,208187,4,0.0
0.653,0.658,2,-6.428,1,0.0304,0.0215,1.66e-06,0.0939,0.219,99.99,221507,4,0.0
0.927,0.665,11,-5.313,1,0.244,0.061,0.0,0.123,0.175,127.076,343150,4,0.0
0.705,0.714,11,-6.39,0,0.0792,0.0249,0.0,0.253,0.434,104.996,209733,4,0.0
0.854,0.868,0,-3.455,1,0.154,0.24,0.00204,0.152,0.631,115.99,192000,4,0.0
0.69,0.872,11,-2.984,0,0.0588,0.226,0.0,0.0858,0.731,94.0,252200,4,0.0
0.765,0.523,2,-4.333,1,0.03,0.184,3.56e-05,0.132,0.394,104.988,217307,4,1.0
0.577,0.522,5,-6.594,0,0.0984,0.13,9.03e-05,0.142,0.119,159.772,218320,4,1.0
0.757,0.748,8,-5.794,0,0.473,0.17,0.0,0.0759,0.693,90.052,221013,4,1.0
0.637,0.713,0,-4.333,1,0.0747,0.181,0.000637,0.137,0.243,129.923,226973,4,1.0
0.704,0.859,5,-4.877,0,0.0996,0.0185,0.0,0.0215,0.926,105.115,217289,4,1.0
0.715,0.802,11,-4.647,0,0.0394,0.139,0.0,0.177,0.327,124.989,197993,4,1.0
0.762,0.7,9,-6.021,0,0.0694,0.00261,1.56e-05,0.153,0.608,116.073,209320,4,1.0
0.724,0.895,7,-3.617,1,0.0411,0.0322,0.0,0.097,0.64,96.022,173720,4,1.0
0.589,0.731,2,-6.343,1,0.0868,0.0534,0.0,0.308,0.191,87.908,268867,4,1.0
0.599,0.448,8,-6.312,1,0.0232,0.163,0.0,0.106,0.168,95.05,263400,3,1.0
0.659,0.716,5,-5.673,0,0.111,0.33,0.0,0.173,0.437,148.015,212120,4,1.0
0.795,0.615,5,-5.211,0,0.0671,0.0786,2.98e-06,0.0855,0.393,110.009,199849,4,1.0
0.825,0.652,1,-3.183,0,0.0802,0.581,0.0,0.0931,0.931,95.977,233713,4,1.0
0.556,0.538,8,-5.408,0,0.0382,0.0689,0.0,0.196,0.291,143.95,223347,4,1.0
0.705,0.628,5,-5.362,0,0.0489,0.0287,0.0193,0.0863,0.465,96.799,235540,4,1.0
0.701,0.728,2,-4.554,1,0.255,0.00971,0.00115,0.361,0.0591,171.388,326467,4,0.0
0.818,0.803,1,-4.282,1,0.0797,0.034,0.0,0.153,0.632,106.97,225983,4,0.0
0.864,0.484,6,-9.159,0,0.344,0.205,0.0,0.248,0.534,160.052,144560,4,0.0
0.741,0.667,10,-5.445,1,0.134,0.0575,0.0,0.106,0.595,112.956,223504,4,0.0
0.735,0.703,6,-4.249,1,0.0611,0.2,0.0,0.259,0.323,120.007,233827,4,0.0
0.613,0.764,2,-6.509,1,0.136,0.0527,0.0,0.197,0.417,160.015,208187,4,0.0
0.712,0.51,8,-8.162,1,0.0633,0.446,2.46e-05,0.112,0.268,122.964,240507,4,0.0
0.748,0.565,7,-5.895,1,0.0476,0.164,0.00169,0.103,0.812,175.92,193227,4,0.0
0.927,0.665,11,-5.313,1,0.244,0.061,0.0,0.123,0.175,127.076,343150,4,0.0
0.653,0.658,2,-6.428,1,0.0304,0.0215,1.66e-06,0.0939,0.219,99.99,221507,4,0.0
0.516,0.595,5,-4.63,1,0.0313,0.0275,0.0,0.109,0.222,119.972,340707,4,0.0
0.351,0.331,9,-10.316,1,0.0382,0.3,9.14e-06,0.0919,0.191,161.564,234360,3,0.0
0.721,0.711,7,-9.294,1,0.293,0.000662,0.0,0.347,0.511,107.998,156057,5,0.0
0.722,0.744,11,-5.52,0,0.0363,0.0234,0.000157,0.143,0.686,125.985,207630,4,0.0
0.623,0.909,4,-3.079,0,0.0758,0.158,0.0,0.0972,0.651,93.984,188787,4,0.0
0.765,0.523,2,-4.333,1,0.03,0.184,3.56e-05,0.132,0.394,104.988,217307,4,1.0
0.577,0.522,5,-6.594,0,0.0984,0.13,9.03e-05,0.142,0.119,159.772,218320,4,1.0
0.757,0.748,8,-5.794,0,0.473,0.17,0.0,0.0759,0.693,90.052,221013,4,1.0
0.637,0.713,0,-4.333,1,0.0747,0.181,0.000637,0.137,0.243,129.923,226973,4,1.0
0.704,0.859,5,-4.877,0,0.0996,0.0185,0.0,0.0215,0.926,105.115,217289,4,1.0
0.715,0.802,11,-4.647,0,0.0394,0.139,0.0,0.177,0.327,124.989,197993,4,1.0
0.762,0.7,9,-6.021,0,0.0694,0.00261,1.56e-05,0.153,0.608,116.073,209320,4,1.0
0.724,0.895,7,-3.617,1,0.0411,0.0322,0.0,0.097,0.64,96.022,173720,4,1.0
0.589,0.731,2,-6.343,1,0.0868,0.0534,0.0,0.308,0.191,87.908,268867,4,1.0
0.659,0.716,5,-5.673,0,0.111,0.33,0.0,0.173,0.437,148.015,212120,4,1.0
0.599,0.448,8,-6.312,1,0.0232,0.163,0.0,0.106,0.168,95.05,263400,3,1.0
0.795,0.615,5,-5.211,0,0.0671,0.0786,2.98e-06,0.0855,0.393,110.009,199849,4,1.0
0.715,0.62,5,-5.428,0,0.0507,0.0322,0.0142,0.0881,0.456,96.812,235540,4,1.0
0.556,0.538,8,-5.408,0,0.0382,0.0689,0.0,0.196,0.291,143.95,223347,4,1.0
0.659,0.717,8,-4.202,1,0.0581,0.0393,0.0,0.0769,0.71,103.036,174800,4,1.0
0.802,0.744,6,-5.968,1,0.078,0.0807,0.0,0.0917,0.45,99.983,215083,4,0.0
0.775,0.573,11,-4.933,1,0.0585,0.495,0.0,0.126,0.667,101.925,171806,4,0.0
0.741,0.667,10,-5.445,1,0.134,0.0575,0.0,0.106,0.595,112.956,223504,4,0.0
0.548,0.65,8,-5.827,0,0.0591,0.219,0.0,0.225,0.557,144.937,194897,4,0.0
0.516,0.595,5,-4.63,1,0.0313,0.0275,0.0,0.109,0.222,119.972,340707,4,0.0
0.864,0.484,6,-9.159,0,0.344,0.205,0.0,0.248,0.534,160.052,144560,4,0.0
0.773,0.819,0,-5.946,0,0.118,0.426,0.0,0.0679,0.585,92.99,269187,4,0.0
0.613,0.764,2,-6.509,1,0.136,0.0527,0.0,0.197,0.417,160.015,208187,4,0.0
0.599,0.857,7,-5.7,1,0.299,0.0321,0.0,0.4,0.469,187.985,151915,4,0.0
0.712,0.51,8,-8.162,1,0.0633,0.446,2.46e-05,0.112,0.268,122.964,240507,4,0.0
0.72,0.763,9,-4.068,0,0.0523,0.406,0.0,0.18,0.742,101.965,251088,4,0.0
0.874,0.649,0,-4.385,1,0.0833,0.218,0.0,0.337,0.712,95.004,203813,4,0.0
0.866,0.648,1,-3.675,1,0.0543,0.009,0.0,0.0967,0.0798,150.058,140793,4,0.0
0.623,0.909,4,-3.079,0,0.0758,0.158,0.0,0.0972,0.651,93.984,188787,4,0.0
0.734,0.57,7,-7.066,0,0.133,0.847,2.14e-05,0.112,0.689,129.953,95467,4,0.0
0.765,0.523,2,-4.333,1,0.03,0.184,3.56e-05,0.132,0.394,104.988,217307,4,1.0
0.577,0.522,5,-6.594,0,0.0984,0.13,9.03e-05,0.142,0.119,159.772,218320,4,1.0
0.757,0.748,8,-5.794,0,0.473,0.17,0.0,0.0759,0.693,90.052,221013,4,1.0
0.637,0.713,0,-4.333,1,0.0747,0.181,0.000637,0.137,0.243,129.923,226973,4,1.0
0.704,0.859,5,-4.877,0,0.0996,0.0185,0.0,0.0215,0.926,105.115,217289,4,1.0
0.715,0.802,11,-4.647,0,0.0394,0.139,0.0,0.177,0.327,124.989,197993,4,1.0
0.762,0.7,9,-6.021,0,0.0694,0.00261,1.56e-05,0.153,0.608,116.073,209320,4,1.0
0.589,0.731,2,-6.343,1,0.0868,0.0534,0.0,0.308,0.191,87.908,268867,4,1.0
0.724,0.895,7,-3.617,1,0.0411,0.0322,0.0,0.097,0.64,96.022,173720,4,1.0
0.659,0.716,5,-5.673,0,0.111,0.33,0.0,0.173,0.437,148.015,212120,4,1.0
0.599,0.448,8,-6.312,1,0.0232,0.163,0.0,0.106,0.168,95.05,263400,3,1.0
0.795,0.615,5,-5.211,0,0.0671,0.0786,2.98e-06,0.0855,0.393,110.009,199849,4,1.0
0.715,0.62,5,-5.428,0,0.0507,0.0322,0.0142,0.0881,0.456,96.812,235540,4,1.0
0.836,0.544,7,-5.975,1,0.0943,0.0403,0.0,0.0824,0.51,97.028,217947,4,1.0
0.556,0.538,8,-5.408,0,0.0382,0.0689,0.0,0.196,0.291,143.95,223347,4,1.0
0.809,0.463,11,-11.377,1,0.0396,0.256,0.085,0.109,0.364,111.98,298941,4,0.0
0.558,0.766,6,-5.953,0,0.231,0.263,0.0,0.32,0.182,96.281,203960,4,0.0
0.545,0.458,5,-4.6,0,0.0279,0.367,0.0,0.118,0.164,79.943,236360,4,0.0
0.701,0.728,2,-4.554,1,0.255,0.00971,0.00115,0.361,0.0591,171.388,326467,4,0.0
0.516,0.595,5,-4.63,1,0.0313,0.0275,0.0,0.109,0.222,119.972,340707,4,0.0
0.874,0.649,0,-4.385,1,0.0833,0.218,0.0,0.337,0.712,95.004,203813,4,0.0
0.712,0.51,8,-8.162,1,0.0633,0.446,2.46e-05,0.112,0.268,122.964,240507,4,0.0
0.773,0.819,0,-5.946,0,0.118,0.426,0.0,0.0679,0.585,92.99,269187,4,0.0
0.548,0.65,8,-5.827,0,0.0591,0.219,0.0,0.225,0.557,144.937,194897,4,0.0
0.741,0.667,10,-5.445,1,0.134,0.0575,0.0,0.106,0.595,112.956,223504,4,0.0
0.866,0.648,1,-3.675,1,0.0543,0.009,0.0,0.0967,0.0798,150.058,140793,4,0.0
0.864,0.484,6,-9.159,0,0.344,0.205,0.0,0.248,0.534,160.052,144560,4,0.0
0.72,0.763,9,-4.068,0,0.0523,0.406,0.0,0.18,0.742,101.965,251088,4,0.0
0.734,0.57,7,-7.066,0,0.133,0.847,2.14e-05,0.112,0.689,129.953,95467,4,0.0
0.613,0.764,2,-6.509,1,0.136,0.0527,0.0,0.197,0.417,160.015,208187,4,0.0
0.765,0.523,2,-4.333,1,0.03,0.184,3.56e-05,0.132,0.394,104.988,217307,4,1.0
0.577,0.522,5,-6.594,0,0.0984,0.13,9.03e-05,0.142,0.119,159.772,218320,4,1.0
0.757,0.748,8,-5.794,0,0.473,0.17,0.0,0.0759,0.693,90.052,221013,4,1.0
0.637,0.713,0,-4.333,1,0.0747,0.181,0.000637,0.137,0.243,129.923,226973,4,1.0
0.715,0.802,11,-4.647,0,0.0394,0.139,0.0,0.177,0.327,124.989,197993,4,1.0
0.704,0.859,5,-4.877,0,0.0996,0.0185,0.0,0.0215,0.926,105.115,217289,4,1.0
0.589,0.731,2,-6.343,1,0.0868,0.0534,0.0,0.308,0.191,87.908,268867,4,1.0
0.762,0.7,9,-6.021,0,0.0694,0.00261,1.56e-05,0.153,0.608,116.073,209320,4,1.0
0.724,0.895,7,-3.617,1,0.0411,0.0322,0.0,0.097,0.64,96.022,173720,4,1.0
0.659,0.716,5,-5.673,0,0.111,0.33,0.0,0.173,0.437,148.015,212120,4,1.0
0.599,0.448,8,-6.312,1,0.0232,0.163,0.0,0.106,0.168,95.05,263400,3,1.0
0.715,0.62,5,-5.428,0,0.0507,0.0322,0.0142,0.0881,0.456,96.812,235540,4,1.0
0.836,0.544,7,-5.975,1,0.0943,0.0403,0.0,0.0824,0.51,97.028,217947,4,1.0
0.795,0.615,5,-5.211,0,0.0671,0.0786,2.98e-06,0.0855,0.393,110.009,199849,4,1.0
0.659,0.717,8,-4.202,1,0.0581,0.0393,0.0,0.0769,0.71,103.036,174800,4,1.0
0.516,0.595,5,-4.63,1,0.0313,0.0275,0.0,0.109,0.222,119.972,340707,4,0.0
0.351,0.331,9,-10.316,1,0.0382,0.3,9.14e-06,0.0919,0.191,161.564,234360,3,0.0
0.773,0.819,0,-5.946,0,0.118,0.426,0.0,0.0679,0.585,92.99,269187,4,0.0
0.701,0.728,2,-4.554,1,0.255,0.00971,0.00115,0.361,0.0591,171.388,326467,4,0.0
0.737,0.697,8,-5.31,1,0.0895,0.43,0.000382,0.0821,0.655,94.101,182560,4,0.0
0.558,0.766,6,-5.953,0,0.231,0.263,0.0,0.32,0.182,96.281,203960,4,0.0
0.741,0.667,10,-5.445,1,0.134,0.0575,0.0,0.106,0.595,112.956,223504,4,0.0
0.653,0.658,2,-6.428,1,0.0304,0.0215,1.66e-06,0.0939,0.219,99.99,221507,4,0.0
0.72,0.763,9,-4.068,0,0.0523,0.406,0.0,0.18,0.742,101.965,251088,4,0.0
0.425,0.548,7,-6.762,1,0.114,0.21,0.0,0.115,0.282,175.756,219827,4,0.0
0.623,0.909,4,-3.079,0,0.0758,0.158,0.0,0.0972,0.651,93.984,188787,4,0.0
0.551,0.851,1,-3.277,1,0.197,0.0748,0.0,0.0784,0.1,171.411,297893,4,0.0
0.613,0.764,2,-6.509,1,0.136,0.0527,0.0,0.197,0.417,160.015,208187,4,0.0
0.378,0.896,2,-4.066,1,0.0407,0.000452,0.0,0.194,0.469,174.302,258773,4,0.0
0.734,0.57,7,-7.066,0,0.133,0.847,2.14e-05,0.112,0.689,129.953,95467,4,0.0
0.765,0.523,2,-4.333,1,0.03,0.184,3.56e-05,0.132,0.394,104.988,217307,4,1.0
0.577,0.522,5,-6.594,0,0.0984,0.13,9.03e-05,0.142,0.119,159.772,218320,4,1.0
0.757,0.748,8,-5.794,0,0.473,0.17,0.0,0.0759,0.693,90.052,221013,4,1.0
0.637,0.713,0,-4.333,1,0.0747,0.181,0.000637,0.137,0.243,129.923,226973,4,1.0
0.715,0.802,11,-4.647,0,0.0394,0.139,0.0,0.177,0.327,124.989,197993,4,1.0
0.704,0.859,5,-4.877,0,0.0996,0.0185,0.0,0.0215,0.926,105.115,217289,4,1.0
0.589,0.731,2,-6.343,1,0.0868,0.0534,0.0,0.308,0.191,87.908,268867,4,1.0
0.762,0.7,9,-6.021,0,0.0694,0.00261,1.56e-05,0.153,0.608,116.073,209320,4,1.0
0.724,0.895,7,-3.617,1,0.0411,0.0322,0.0,0.097,0.64,96.022,173720,4,1.0
0.659,0.716,5,-5.673,0,0.111,0.33,0.0,0.173,0.437,148.015,212120,4,1.0
0.599,0.448,8,-6.312,1,0.0232,0.163,0.0,0.106,0.168,95.05,263400,3,1.0
0.836,0.544,7,-5.975,1,0.0943,0.0403,0.0,0.0824,0.51,97.028,217947,4,1.0
0.715,0.62,5,-5.428,0,0.0507,0.0322,0.0142,0.0881,0.456,96.812,235540,4,1.0
0.659,0.717,8,-4.202,1,0.0581,0.0393,0.0,0.0769,0.71,103.036,174800,4,1.0
0.795,0.615,5,-5.211,0,0.0671,0.0786,2.98e-06,0.0855,0.393,110.009,199849,4,1.0
0.874,0.649,0,-4.385,1,0.0833,0.218,0.0,0.337,0.712,95.004,203813,4,0.0
0.653,0.658,2,-6.428,1,0.0304,0.0215,1.66e-06,0.0939,0.219,99.99,221507,4,0.0
0.516,0.595,5,-4.63,1,0.0313,0.0275,0.0,0.109,0.222,119.972,340707,4,0.0
0.701,0.728,2,-4.554,1,0.255,0.00971,0.00115,0.361,0.0591,171.388,326467,4,0.0
0.672,0.82,0,-5.473,1,0.0767,0.0342,6.67e-06,0.0921,0.463,100.069,219387,4,0.0
0.548,0.65,8,-5.827,0,0.0591,0.219,0.0,0.225,0.557,144.937,194897,4,0.0
0.741,0.667,10,-5.445,1,0.134,0.0575,0.0,0.106,0.595,112.956,223504,4,0.0
0.378,0.896,2,-4.066,1,0.0407,0.000452,0.0,0.194,0.469,174.302,258773,4,0.0
0.351,0.331,9,-10.316,1,0.0382,0.3,9.14e-06,0.0919,0.191,161.564,234360,3,0.0
0.551,0.851,1,-3.277,1,0.197,0.0748,0.0,0.0784,0.1,171.411,297893,4,0.0
0.569,0.649,11,-8.175,1,0.482,0.451,0.0,0.128,0.441,108.77,175653,4,0.0
0.728,0.563,1,-8.053,0,0.134,0.621,0.0,0.179,0.352,100.017,217707,4,0.0
0.623,0.909,4,-3.079,0,0.0758,0.158,0.0,0.0972,0.651,93.984,188787,4,0.0
0.734,0.57,7,-7.066,0,0.133,0.847,2.14e-05,0.112,0.689,129.953,95467,4,0.0
0.522,0.833,0,-3.715,1,0.0575,0.0454,0.0,0.127,0.296,180.009,193569,4,0.0
0.765,0.523,2,-4.333,1,0.03,0.184,3.56e-05,0.132,0.394,104.988,217307,4,1.0
0.577,0.522,5,-6.594,0,0.0984,0.13,9.03e-05,0.142,0.119,159.772,218320,4,1.0
0.757,0.748,8,-5.794,0,0.473,0.17,0.0,0.0759,0.693,90.052,221013,4,1.0
0.715,0.802,11,-4.647,0,0.0394,0.139,0.0,0.177,0.327,124.989,197993,4,1.0
0.637,0.713,0,-4.333,1,0.0747,0.181,0.000637,0.137,0.243,129.923,226973,4,1.0
0.704,0.859,5,-4.877,0,0.0996,0.0185,0.0,0.0215,0.926,105.115,217289,4,1.0
0.724,0.895,7,-3.617,1,0.0411,0.0322,0.0,0.097,0.64,96.022,173720,4,1.0
0.762,0.7,9,-6.021,0,0.0694,0.00261,1.56e-05,0.153,0.608,116.073,209320,4,1.0
0.589,0.731,2,-6.343,1,0.0868,0.0534,0.0,0.308,0.191,87.908,268867,4,1.0
0.659,0.716,5,-5.673,0,0.111,0.33,0.0,0.173,0.437,148.015,212120,4,1.0
0.599,0.448,8,-6.312,1,0.0232,0.163,0.0,0.106,0.168,95.05,263400,3,1.0
0.836,0.544,7,-5.975,1,0.0943,0.0403,0.0,0.0824,0.51,97.028,217947,4,1.0
0.548,0.58,11,-7.524,0,0.121,0.104,0.0,0.127,0.462,180.066,193893,4,1.0
0.715,0.62,5,-5.428,0,0.0507,0.0322,0.0142,0.0881,0.456,96.812,235540,4,1.0
0.556,0.538,8,-5.408,0,0.0382,0.0689,0.0,0.196,0.291,143.95,223347,4,1.0
0.66,0.775,2,-4.926,1,0.172,0.0553,0.0,0.129,0.635,157.036,157643,4,0.0
0.519,0.554,0,-6.412,1,0.0385,0.381,0.0,0.115,0.194,153.676,223044,4,0.0
0.461,0.834,2,-4.868,1,0.0989,0.0232,1.14e-05,0.14,0.471,135.007,261154,4,0.0
0.864,0.484,6,-9.159,0,0.344,0.205,0.0,0.248,0.534,160.052,144560,4,0.0
0.734,0.418,0,-6.678,1,0.0425,0.0129,0.0,0.0579,0.868,85.909,188174,4,0.0
0.809,0.463,11,-11.377,1,0.0396,0.256,0.085,0.109,0.364,111.98,298941,4,0.0
0.701,0.728,2,-4.554,1,0.255,0.00971,0.00115,0.361,0.0591,171.388,326467,4,0.0
0.72,0.763,9,-4.068,0,0.0523,0.406,0.0,0.18,0.742,101.965,251088,4,0.0
0.773,0.819,0,-5.946,0,0.118,0.426,0.0,0.0679,0.585,92.99,269187,4,0.0
0.653,0.658,2,-6.428,1,0.0304,0.0215,1.66e-06,0.0939,0.219,99.99,221507,4,0.0
0.762,0.721,2,-5.293,1,0.0529,0.0269,0.00023,0.167,0.155,129.978,143693,4,0.0
0.741,0.667,10,-5.445,1,0.134,0.0575,0.0,0.106,0.595,112.956,223504,4,0.0
0.551,0.851,1,-3.277,1,0.197,0.0748,0.0,0.0784,0.1,171.411,297893,4,0.0
0.866,0.648,1,-3.675,1,0.0543,0.009,0.0,0.0967,0.0798,150.058,140793,4,0.0
0.527,0.465,7,-8.055,0,0.227,0.175,0.0,0.0661,0.765,137.033,202827,5,0.0
0.765,0.523,2,-4.333,1,0.03,0.184,3.56e-05,0.132,0.394,104.988,217307,4,1.0
0.758,0.448,7,-9.441,1,0.103,0.0309,8.67e-05,0.558,0.373,77.176,198960,4,1.0
0.577,0.522,5,-6.594,0,0.0984,0.13,9.03e-05,0.142,0.119,159.772,218320,4,1.0
0.757,0.748,8,-5.794,0,0.473,0.17,0.0,0.0759,0.693,90.052,221013,4,1.0
0.715,0.802,11,-4.647,0,0.0394,0.139,0.0,0.177,0.327,124.989,197993,4,1.0
0.724,0.895,7,-3.617,1,0.0411,0.0322,0.0,0.097,0.64,96.022,173720,4,1.0
0.704,0.859,5,-4.877,0,0.0996,0.0185,0.0,0.0215,0.926,105.115,217289,4,1.0
0.637,0.713,0,-4.333,1,0.0747,0.181,0.000637,0.137,0.243,129.923,226973,4,1.0
0.762,0.7,9,-6.021,0,0.0694,0.00261,1.56e-05,0.153,0.608,116.073,209320,4,1.0
0.589,0.731,2,-6.343,1,0.0868,0.0534,0.0,0.308,0.191,87.908,268867,4,1.0
0.659,0.716,5,-5.673,0,0.111,0.33,0.0,0.173,0.437,148.015,212120,4,1.0
0.599,0.448,8,-6.312,1,0.0232,0.163,0.0,0.106,0.168,95.05,263400,3,1.0
0.836,0.544,7,-5.975,1,0.0943,0.0403,0.0,0.0824,0.51,97.028,217947,4,1.0
0.663,0.846,0,-5.226,1,0.453,0.00472,0.0,0.292,0.526,75.137,255840,4,1.0
0.825,0.652,1,-3.183,0,0.0802,0.581,0.0,0.0931,0.931,95.977,233713,4,1.0
0.774,0.611,6,-2.883,1,0.134,0.109,0.0,0.0805,0.388,89.995,161593,4,0.0
0.68,0.613,5,-5.998,0,0.063,0.182,0.0,0.113,0.282,150.04,194173,4,0.0
0.697,0.648,7,-7.123,1,0.128,0.425,0.0,0.191,0.313,186.125,199813,4,0.0
0.703,0.757,1,-3.612,1,0.05,0.617,0.0,0.106,0.696,82.008,221747,4,0.0
0.782,0.436,2,-7.033,1,0.155,0.331,1.3e-05,0.342,0.243,82.994,268933,4,0.0
0.927,0.665,11,-5.313,1,0.244,0.061,0.0,0.123,0.175,127.076,343150,4,0.0
0.855,0.624,1,-4.093,1,0.0488,0.158,0.0,0.0513,0.962,117.959,180757,4,0.0
0.527,0.465,7,-8.055,0,0.227,0.175,0.0,0.0661,0.765,137.033,202827,5,0.0
0.773,0.819,0,-5.946,0,0.118,0.426,0.0,0.0679,0.585,92.99,269187,4,0.0
0.734,0.418,0,-6.678,1,0.0425,0.0129,0.0,0.0579,0.868,85.909,188174,4,0.0
0.653,0.658,2,-6.428,1,0.0304,0.0215,1.66e-06,0.0939,0.219,99.99,221507,4,0.0
0.818,0.803,1,-4.282,1,0.0797,0.034,0.0,0.153,0.632,106.97,225983,4,0.0
0.913,0.788,10,-2.889,0,0.263,0.0546,0.00064,0.168,0.544,120.934,143314,4,0.0
0.867,0.519,3,-5.822,0,0.0455,0.211,8.77e-06,0.298,0.379,120.016,187253,4,0.0
0.519,0.554,0,-6.412,1,0.0385,0.381,0.0,0.115,0.194,153.676,223044,4,0.0
0.758,0.448,7,-9.441,1,0.103,0.0309,8.67e-05,0.558,0.373,77.176,198960,4,1.0
0.765,0.523,2,-4.333,1,0.03,0.184,3.56e-05,0.132,0.394,104.988,217307,4,1.0
0.577,0.522,5,-6.594,0,0.0984,0.13,9.03e-05,0.142,0.119,159.772,218320,4,1.0
0.757,0.748,8,-5.794,0,0.473,0.17,0.0,0.0759,0.693,90.052,221013,4,1.0
0.715,0.802,11,-4.647,0,0.0394,0.139,0.0,0.177,0.327,124.989,197993,4,1.0
0.704,0.859,5,-4.877,0,0.0996,0.0185,0.0,0.0215,0.926,105.115,217289,4,1.0
0.724,0.895,7,-3.617,1,0.0411,0.0322,0.0,0.097,0.64,96.022,173720,4,1.0
0.655,0.839,9,-5.076,0,0.443,0.00534,0.0,0.308,0.55,74.867,255840,4,1.0
0.637,0.713,0,-4.333,1,0.0747,0.181,0.000637,0.137,0.243,129.923,226973,4,1.0
0.762,0.7,9,-6.021,0,0.0694,0.00261,1.56e-05,0.153,0.608,116.073,209320,4,1.0
0.589,0.731,2,-6.343,1,0.0868,0.0534,0.0,0.308,0.191,87.908,268867,4,1.0
0.599,0.448,8,-6.312,1,0.0232,0.163,0.0,0.106,0.168,95.05,263400,3,1.0
0.659,0.716,5,-5.673,0,0.111,0.33,0.0,0.173,0.437,148.015,212120,4,1.0
0.836,0.544,7,-5.975,1,0.0943,0.0403,0.0,0.0824,0.51,97.028,217947,4,1.0
0.825,0.652,1,-3.183,0,0.0802,0.581,0.0,0.0931,0.931,95.977,233713,4,1.0
0.703,0.757,1,-3.612,1,0.05,0.617,0.0,0.106,0.696,82.008,221747,4,0.0
0.599,0.734,3,-7.568,0,0.413,0.196,0.0,0.187,0.133,211.842,223787,4,0.0
0.716,0.805,4,-3.839,1,0.0856,0.014,3.1e-06,0.291,0.719,142.886,133995,4,0.0
0.309,0.649,7,-8.994,1,0.035,0.0158,0.00595,0.367,0.313,166.915,306440,4,0.0
0.721,0.873,1,-4.741,1,0.119,0.0789,0.0,0.0824,0.552,79.943,172687,4,0.0
0.927,0.665,11,-5.313,1,0.244,0.061,0.0,0.123,0.175,127.076,343150,4,0.0
0.72,0.763,9,-4.068,0,0.0523,0.406,0.0,0.18,0.742,101.965,251088,4,0.0
0.653,0.658,2,-6.428,1,0.0304,0.0215,1.66e-06,0.0939,0.219,99.99,221507,4,0.0
0.516,0.595,5,-4.63,1,0.0313,0.0275,0.0,0.109,0.222,119.972,340707,4,0.0
0.735,0.703,6,-4.249,1,0.0611,0.2,0.0,0.259,0.323,120.007,233827,4,0.0
0.782,0.436,2,-7.033,1,0.155,0.331,1.3e-05,0.342,0.243,82.994,268933,4,0.0
0.712,0.51,8,-8.162,1,0.0633,0.446,2.46e-05,0.112,0.268,122.964,240507,4,0.0
0.773,0.819,0,-5.946,0,0.118,0.426,0.0,0.0679,0.585,92.99,269187,4,0.0
0.943,0.798,4,-4.548,0,0.0629,0.386,0.000518,0.074,0.904,134.997,162444,4,0.0
0.855,0.624,1,-4.093,1,0.0488,0.158,0.0,0.0513,0.962,117.959,180757,4,0.0
0.758,0.448,7,-9.441,1,0.103,0.0309,8.67e-05,0.558,0.373,77.176,198960,4,1.0
0.765,0.523,2,-4.333,1,0.03,0.184,3.56e-05,0.132,0.394,104.988,217307,4,1.0
0.577,0.522,5,-6.594,0,0.0984,0.13,9.03e-05,0.142,0.119,159.772,218320,4,1.0
0.757,0.748,8,-5.794,0,0.473,0.17,0.0,0.0759,0.693,90.052,221013,4,1.0
0.704,0.859,5,-4.877,0,0.0996,0.0185,0.0,0.0215,0.926,105.115,217289,4,1.0
0.715,0.802,11,-4.647,0,0.0394,0.139,0.0,0.177,0.327,124.989,197993,4,1.0
0.637,0.713,0,-4.333,1,0.0747,0.181,0.000637,0.137,0.243,129.923,226973,4,1.0
0.655,0.839,9,-5.076,0,0.443,0.00534,0.0,0.308,0.55,74.867,255840,4,1.0
0.724,0.895,7,-3.617,1,0.0411,0.0322,0.0,0.097,0.64,96.022,173720,4,1.0
0.589,0.731,2,-6.343,1,0.0868,0.0534,0.0,0.308,0.191,87.908,268867,4,1.0
0.762,0.7,9,-6.021,0,0.0694,0.00261,1.56e-05,0.153,0.608,116.073,209320,4,1.0
0.836,0.544,7,-5.975,1,0.0943,0.0403,0.0,0.0824,0.51,97.028,217947,4,1.0
0.599,0.448,8,-6.312,1,0.0232,0.163,0.0,0.106,0.168,95.05,263400,3,1.0
0.659,0.716,5,-5.673,0,0.111,0.33,0.0,0.173,0.437,148.015,212120,4,1.0
0.715,0.62,5,-5.428,0,0.0507,0.0322,0.0142,0.0881,0.456,96.812,235540,4,1.0
0.703,0.757,1,-3.612,1,0.05,0.617,0.0,0.106,0.696,82.008,221747,4,0.0
0.551,0.851,1,-3.277,1,0.197,0.0748,0.0,0.0784,0.1,171.411,297893,4,0.0
0.584,0.54,1,-7.786,0,0.0576,0.0895,0.0,0.261,0.195,137.972,220883,4,0.0
0.691,0.683,0,-7.335,1,0.0954,0.547,0.0,0.221,0.456,140.002,262544,4,0.0
0.734,0.418,0,-6.678,1,0.0425,0.0129,0.0,0.0579,0.868,85.909,188174,4,0.0
0.599,0.734,3,-7.568,0,0.413,0.196,0.0,0.187,0.133,211.842,223787,4,0.0
0.855,0.624,1,-4.093,1,0.0488,0.158,0.0,0.0513,0.962,117.959,180757,4,0.0
0.781,0.765,8,-4.092,1,0.0385,0.534,0.0,0.152,0.564,104.987,198286,4,0.0
0.708,0.693,6,-5.516,1,0.138,0.246,0.0,0.129,0.427,143.965,271080,4,0.0
0.516,0.595,5,-4.63,1,0.0313,0.0275,0.0,0.109,0.222,119.972,340707,4,0.0
0.702,0.84,0,-3.547,1,0.0879,0.0112,0.0,0.119,0.624,101.99,183573,4,0.0
0.462,0.849,8,-4.635,0,0.0742,0.000791,5.6e-06,0.201,0.586,145.942,170920,4,0.0
0.866,0.648,1,-3.675,1,0.0543,0.009,0.0,0.0967,0.0798,150.058,140793,4,0.0
0.701,0.728,2,-4.554,1,0.255,0.00971,0.00115,0.361,0.0591,171.388,326467,4,0.0
0.782,0.436,2,-7.033,1,0.155,0.331,1.3e-05,0.342,0.243,82.994,268933,4,0.0
0.758,0.448,7,-9.441,1,0.103,0.0309,8.67e-05,0.558,0.373,77.176,198960,4,1.0
0.765,0.523,2,-4.333,1,0.03,0.184,3.56e-05,0.132,0.394,104.988,217307,4,1.0
0.577,0.522,5,-6.594,0,0.0984,0.13,9.03e-05,0.142,0.119,159.772,218320,4,1.0
0.757,0.748,8,-5.794,0,0.473,0.17,0.0,0.0759,0.693,90.052,221013,4,1.0
0.715,0.802,11,-4.647,0,0.0394,0.139,0.0,0.177,0.327,124.989,197993,4,1.0
0.704,0.859,5,-4.877,0,0.0996,0.0185,0.0,0.0215,0.926,105.115,217289,4,1.0
0.637,0.713,0,-4.333,1,0.0747,0.181,0.000637,0.137,0.243,129.923,226973,4,1.0
0.836,0.544,7,-5.975,1,0.0943,0.0403,0.0,0.0824,0.51,97.028,217947,4,1.0
0.724,0.895,7,-3.617,1,0.0411,0.0322,0.0,0.097,0.64,96.022,173720,4,1.0
0.589,0.731,2,-6.343,1,0.0868,0.0534,0.0,0.308,0.191,87.908,268867,4,1.0
0.659,0.716,5,-5.673,0,0.111,0.33,0.0,0.173,0.437,148.015,212120,4,1.0
0.762,0.7,9,-6.021,0,0.0694,0.00261,1.56e-05,0.153,0.608,116.073,209320,4,1.0
0.599,0.448,8,-6.312,1,0.0232,0.163,0.0,0.106,0.168,95.05,263400,3,1.0
0.655,0.839,9,-5.076,0,0.443,0.00534,0.0,0.308,0.55,74.867,255840,4,1.0
0.715,0.62,5,-5.428,0,0.0507,0.0322,0.0142,0.0881,0.456,96.812,235540,4,1.0
0.734,0.418,0,-6.678,1,0.0425,0.0129,0.0,0.0579,0.868,85.909,188174,4,0.0
0.351,0.331,9,-10.316,1,0.0382,0.3,9.14e-06,0.0919,0.191,161.564,234360,3,0.0
0.807,0.633,10,-6.016,0,0.0929,0.0564,0.0,0.107,0.325,138.038,311726,4,0.0
0.703,0.757,1,-3.612,1,0.05,0.617,0.0,0.106,0.696,82.008,221747,4,0.0
0.855,0.624,1,-4.093,1,0.0488,0.158,0.0,0.0513,0.962,117.959,180757,4,0.0
0.822,0.743,1,-2.152,1,0.0449,0.236,0.0346,0.124,0.744,98.049,248036,4,0.0
0.913,0.788,10,-2.889,0,0.263,0.0546,0.00064,0.168,0.544,120.934,143314,4,0.0
0.708,0.693,6,-5.516,1,0.138,0.246,0.0,0.129,0.427,143.965,271080,4,0.0
0.866,0.648,1,-3.675,1,0.0543,0.009,0.0,0.0967,0.0798,150.058,140793,4,0.0
0.516,0.595,5,-4.63,1,0.0313,0.0275,0.0,0.109,0.222,119.972,340707,4,0.0
0.702,0.84,0,-3.547,1,0.0879,0.0112,0.0,0.119,0.624,101.99,183573,4,0.0
0.701,0.728,2,-4.554,1,0.255,0.00971,0.00115,0.361,0.0591,171.388,326467,4,0.0
0.72,0.763,9,-4.068,0,0.0523,0.406,0.0,0.18,0.742,101.965,251088,4,0.0
0.697,0.648,7,-7.123,1,0.128,0.425,0.0,0.191,0.313,186.125,199813,4,0.0
0.712,0.51,8,-8.162,1,0.0633,0.446,2.46e-05,0.112,0.268,122.964,240507,4,0.0
0.758,0.448,7,-9.441,1,0.103,0.0309,8.67e-05,0.558,0.373,77.176,198960,4,1.0
0.765,0.523,2,-4.333,1,0.03,0.184,3.56e-05,0.132,0.394,104.988,217307,4,1.0
0.577,0.522,5,-6.594,0,0.0984,0.13,9.03e-05,0.142,0.119,159.772,218320,4,1.0
0.757,0.748,8,-5.794,0,0.473,0.17,0.0,0.0759,0.693,90.052,221013,4,1.0
0.836,0.544,7,-5.975,1,0.0943,0.0403,0.0,0.0824,0.51,97.028,217947,4,1.0
0.715,0.802,11,-4.647,0,0.0394,0.139,0.0,0.177,0.327,124.989,197993,4,1.0
0.637,0.713,0,-4.333,1,0.0747,0.181,0.000637,0.137,0.243,129.923,226973,4,1.0
0.704,0.859,5,-4.877,0,0.0996,0.0185,0.0,0.0215,0.926,105.115,217289,4,1.0
0.659,0.716,5,-5.673,0,0.111,0.33,0.0,0.173,0.437,148.015,212120,4,1.0
0.589,0.731,2,-6.343,1,0.0868,0.0534,0.0,0.308,0.191,87.908,268867,4,1.0
0.724,0.895,7,-3.617,1,0.0411,0.0322,0.0,0.097,0.64,96.022,173720,4,1.0
0.762,0.7,9,-6.021,0,0.0694,0.00261,1.56e-05,0.153,0.608,116.073,209320,4,1.0
0.599,0.448,8,-6.312,1,0.0232,0.163,0.0,0.106,0.168,95.05,263400,3,1.0
0.715,0.62,5,-5.428,0,0.0507,0.0322,0.0142,0.0881,0.456,96.812,235540,4,1.0
0.548,0.58,11,-7.524,0,0.121,0.104,0.0,0.127,0.462,180.066,193893,4,1.0
0.703,0.757,1,-3.612,1,0.05,0.617,0.0,0.106,0.696,82.008,221747,4,0.0
0.781,0.765,8,-4.092,1,0.0385,0.534,0.0,0.152,0.564,104.987,198286,4,0.0
0.777,0.721,6,-6.097,1,0.0719,0.0774,0.0,0.0801,0.665,161.976,205013,4,0.0
0.734,0.418,0,-6.678,1,0.0425,0.0129,0.0,0.0579,0.868,85.909,188174,4,0.0
0.855,0.624,1,-4.093,1,0.0488,0.158,0.0,0.0513,0.962,117.959,180757,4,0.0
0.351,0.331,9,-10.316,1,0.0382,0.3,9.14e-06,0.0919,0.191,161.564,234360,3,0.0
0.822,0.743,1,-2.152,1,0.0449,0.236,0.0346,0.124,0.744,98.049,248036,4,0.0
0.708,0.693,6,-5.516,1,0.138,0.246,0.0,0.129,0.427,143.965,271080,4,0.0
0.866,0.648,1,-3.675,1,0.0543,0.009,0.0,0.0967,0.0798,150.058,140793,4,0.0
0.516,0.595,5,-4.63,1,0.0313,0.0275,0.0,0.109,0.222,119.972,340707,4,0.0
0.701,0.728,2,-4.554,1,0.255,0.00971,0.00115,0.361,0.0591,171.388,326467,4,0.0
0.697,0.648,7,-7.123,1,0.128,0.425,0.0,0.191,0.313,186.125,199813,4,0.0
0.747,0.641,1,-4.502,1,0.0925,0.25,0.00107,0.106,0.453,100.028,186231,4,0.0
0.72,0.763,9,-4.068,0,0.0523,0.406,0.0,0.18,0.742,101.965,251088,4,0.0
0.712,0.51,8,-8.162,1,0.0633,0.446,2.46e-05,0.112,0.268,122.964,240507,4,0.0
0.758,0.448,7,-9.441,1,0.103,0.0309,8.67e-05,0.558,0.373,77.176,198960,4,1.0
0.765,0.523,2,-4.333,1,0.03,0.184,3.56e-05,0.132,0.394,104.988,217307,4,1.0
0.577,0.522,5,-6.594,0,0.0984,0.13,9.03e-05,0.142,0.119,159.772,218320,4,1.0
0.757,0.748,8,-5.794,0,0.473,0.17,0.0,0.0759,0.693,90.052,221013,4,1.0
0.836,0.544,7,-5.975,1,0.0943,0.0403,0.0,0.0824,0.51,97.028,217947,4,1.0
0.715,0.802,11,-4.647,0,0.0394,0.139,0.0,0.177,0.327,124.989,197993,4,1.0
0.704,0.859,5,-4.877,0,0.0996,0.0185,0.0,0.0215,0.926,105.115,217289,4,1.0
0.637,0.713,0,-4.333,1,0.0747,0.181,0.000637,0.137,0.243,129.923,226973,4,1.0
0.659,0.716,5,-5.673,0,0.111,0.33,0.0,0.173,0.437,148.015,212120,4,1.0
0.724,0.895,7,-3.617,1,0.0411,0.0322,0.0,0.097,0.64,96.022,173720,4,1.0
0.589,0.731,2,-6.343,1,0.0868,0.0534,0.0,0.308,0.191,87.908,268867,4,1.0
0.762,0.7,9,-6.021,0,0.0694,0.00261,1.56e-05,0.153,0.608,116.073,209320,4,1.0
0.599,0.448,8,-6.312,1,0.0232,0.163,0.0,0.106,0.168,95.05,263400,3,1.0
0.548,0.58,11,-7.524,0,0.121,0.104,0.0,0.127,0.462,180.066,193893,4,1.0
0.715,0.62,5,-5.428,0,0.0507,0.0322,0.0142,0.0881,0.456,96.812,235540,4,1.0
0.721,0.873,1,-4.741,1,0.119,0.0789,0.0,0.0824,0.552,79.943,172687,4,0.0
0.613,0.842,10,-4.332,0,0.219,0.0157,0.0,0.23,0.645,169.917,238726,4,0.0
0.734,0.418,0,-6.678,1,0.0425,0.0129,0.0,0.0579,0.868,85.909,188174,4,0.0
0.777,0.721,6,-6.097,1,0.0719,0.0774,0.0,0.0801,0.665,161.976,205013,4,0.0
0.708,0.693,6,-5.516,1,0.138,0.246,0.0,0.129,0.427,143.965,271080,4,0.0
0.855,0.624,1,-4.093,1,0.0488,0.158,0.0,0.0513,0.962,117.959,180757,4,0.0
0.701,0.728,2,-4.554,1,0.255,0.00971,0.00115,0.361,0.0591,171.388,326467,4,0.0
0.781,0.765,8,-4.092,1,0.0385,0.534,0.0,0.152,0.564,104.987,198286,4,0.0
0.822,0.743,1,-2.152,1,0.0449,0.236,0.0346,0.124,0.744,98.049,248036,4,0.0
0.866,0.648,1,-3.675,1,0.0543,0.009,0.0,0.0967,0.0798,150.058,140793,4,0.0
0.72,0.763,9,-4.068,0,0.0523,0.406,0.0,0.18,0.742,101.965,251088,4,0.0
0.697,0.648,7,-7.123,1,0.128,0.425,0.0,0.191,0.313,186.125,199813,4,0.0
0.702,0.84,0,-3.547,1,0.0879,0.0112,0.0,0.119,0.624,101.99,183573,4,0.0
0.378,0.896,2,-4.066,1,0.0407,0.000452,0.0,0.194,0.469,174.302,258773,4,0.0
0.351,0.331,9,-10.316,1,0.0382,0.3,9.14e-06,0.0919,0.191,161.564,234360,3,0.0
0.758,0.448,7,-9.441,1,0.103,0.0309,8.67e-05,0.558,0.373,77.176,198960,4,1.0
0.765,0.523,2,-4.333,1,0.03,0.184,3.56e-05,0.132,0.394,104.988,217307,4,1.0
0.577,0.522,5,-6.594,0,0.0984,0.13,9.03e-05,0.142,0.119,159.772,218320,4,1.0
0.757,0.748,8,-5.794,0,0.473,0.17,0.0,0.0759,0.693,90.052,221013,4,1.0
0.836,0.544,7,-5.975,1,0.0943,0.0403,0.0,0.0824,0.51,97.028,217947,4,1.0
0.724,0.895,7,-3.617,1,0.0411,0.0322,0.0,0.097,0.64,96.022,173720,4,1.0
0.704,0.859,5,-4.877,0,0.0996,0.0185,0.0,0.0215,0.926,105.115,217289,4,1.0
0.715,0.802,11,-4.647,0,0.0394,0.139,0.0,0.177,0.327,124.989,197993,4,1.0
0.637,0.713,0,-4.333,1,0.0747,0.181,0.000637,0.137,0.243,129.923,226973,4,1.0
0.659,0.716,5,-5.673,0,0.111,0.33,0.0,0.173,0.437,148.015,212120,4,1.0
0.589,0.731,2,-6.343,1,0.0868,0.0534,0.0,0.308,0.191,87.908,268867,4,1.0
0.762,0.7,9,-6.021,0,0.0694,0.00261,1.56e-05,0.153,0.608,116.073,209320,4,1.0
0.599,0.448,8,-6.312,1,0.0232,0.163,0.0,0.106,0.168,95.05,263400,3,1.0
0.909,0.631,9,-5.447,1,0.205,0.0717,0.0,0.108,0.394,145.968,276147,4,1.0
0.936,0.585,0,-6.914,1,0.125,0.0142,0.0,0.132,0.242,124.991,255379,4,1.0
0.696,0.817,1,-3.862,1,0.109,0.075,0.0,0.187,0.782,98.064,216409,4,0.0
0.813,0.439,5,-7.427,1,0.071,0.00321,0.0101,0.106,0.165,151.017,295487,4,0.0
0.788,0.477,4,-7.348,1,0.0434,0.549,0.0,0.349,0.86,94.983,213027,4,0.0
0.527,0.465,7,-8.055,0,0.227,0.175,0.0,0.0661,0.765,137.033,202827,5,0.0
0.681,0.594,7,-7.028,1,0.282,0.165,3.49e-06,0.134,0.535,186.054,230453,4,0.0
0.683,0.53,5,-4.918,0,0.142,0.207,0.0,0.394,0.645,75.016,190428,4,0.0
0.702,0.77,7,-9.411,1,0.128,0.00558,0.000802,0.211,0.235,118.034,225933,4,0.0
0.675,0.751,0,-3.539,1,0.0296,0.0604,0.0,0.0893,0.612,118.384,181279,4,0.0
0.546,0.822,7,-4.483,1,0.151,0.0145,0.0,0.742,0.615,150.06,177600,4,0.0
0.675,0.562,7,-7.678,1,0.0352,0.233,0.0,0.0816,0.309,130.098,256533,4,0.0
0.745,0.356,1,-10.425,1,0.0941,0.172,0.00943,0.123,0.607,160.033,326933,4,0.0
0.775,0.573,11,-4.933,1,0.0585,0.495,0.0,0.126,0.667,101.925,171806,4,0.0
0.69,0.622,5,-5.025,0,0.063,0.253,0.0,0.113,0.543,102.039,210400,4,0.0
0.516,0.518,4,-10.383,1,0.04,0.00483,0.00895,0.585,0.0834,108.027,349560,4,0.0
0.808,0.69,1,-4.151,1,0.148,0.0583,0.0,0.103,0.64,125.086,223147,4,0.0
0.758,0.448,7,-9.441,1,0.103,0.0309,8.67e-05,0.558,0.373,77.176,198960,4,1.0
0.765,0.523,2,-4.333,1,0.03,0.184,3.56e-05,0.132,0.394,104.988,217307,4,1.0
0.577,0.522,5,-6.594,0,0.0984,0.13,9.03e-05,0.142,0.119,159.772,218320,4,1.0
0.757,0.748,8,-5.794,0,0.473,0.17,0.0,0.0759,0.693,90.052,221013,4,1.0
0.724,0.895,7,-3.617,1,0.0411,0.0322,0.0,0.097,0.64,96.022,173720,4,1.0
0.836,0.544,7,-5.975,1,0.0943,0.0403,0.0,0.0824,0.51,97.028,217947,4,1.0
0.704,0.859,5,-4.877,0,0.0996,0.0185,0.0,0.0215,0.926,105.115,217289,4,1.0
0.715,0.802,11,-4.647,0,0.0394,0.139,0.0,0.177,0.327,124.989,197993,4,1.0
0.659,0.716,5,-5.673,0,0.111,0.33,0.0,0.173,0.437,148.015,212120,4,1.0
0.762,0.7,9,-6.021,0,0.0694,0.00261,1.56e-05,0.153,0.608,116.073,209320,4,1.0
0.589,0.731,2,-6.343,1,0.0868,0.0534,0.0,0.308,0.191,87.908,268867,4,1.0
0.637,0.713,0,-4.333,1,0.0747,0.181,0.000637,0.137,0.243,129.923,226973,4,1.0
0.599,0.448,8,-6.312,1,0.0232,0.163,0.0,0.106,0.168,95.05,263400,3,1.0
0.825,0.652,1,-3.183,0,0.0802,0.581,0.0,0.0931,0.931,95.977,233713,4,1.0
0.548,0.58,11,-7.524,0,0.121,0.104,0.0,0.127,0.462,180.066,193893,4,1.0
0.745,0.356,1,-10.425,1,0.0941,0.172,0.00943,0.123,0.607,160.033,326933,4,0.0
0.69,0.622,5,-5.025,0,0.063,0.253,0.0,0.113,0.543,102.039,210400,4,0.0
0.808,0.69,1,-4.151,1,0.148,0.0583,0.0,0.103,0.64,125.086,223147,4,0.0
0.702,0.77,7,-9.411,1,0.128,0.00558,0.000802,0.211,0.235,118.034,225933,4,0.0
0.703,0.868,7,-4.661,0,0.0291,0.15,0.132,0.104,0.733,121.03,193613,4,0.0
0.584,0.54,1,-7.786,0,0.0576,0.0895,0.0,0.261,0.195,137.972,220883,4,0.0
0.675,0.562,7,-7.678,1,0.0352,0.233,0.0,0.0816,0.309,130.098,256533,4,0.0
0.952,0.504,10,-6.716,0,0.403,0.00874,0.0,0.116,0.332,135.078,270213,4,0.0
0.675,0.751,0,-3.539,1,0.0296,0.0604,0.0,0.0893,0.612,118.384,181279,4,0.0
0.461,0.834,2,-4.868,1,0.0989,0.0232,1.14e-05,0.14,0.471,135.007,261154,4,0.0
0.708,0.693,6,-5.516,1,0.138,0.246,0.0,0.129,0.427,143.965,271080,4,0.0
0.822,0.743,1,-2.152,1,0.0449,0.236,0.0346,0.124,0.744,98.049,248036,4,0.0
0.775,0.573,11,-4.933,1,0.0585,0.495,0.0,0.126,0.667,101.925,171806,4,0.0
0.72,0.763,9,-4.068,0,0.0523,0.406,0.0,0.18,0.742,101.965,251088,4,0.0
0.721,0.873,1,-4.741,1,0.119,0.0789,0.0,0.0824,0.552,79.943,172687,4,0.0
0.758,0.448,7,-9.441,1,0.103,0.0309,8.67e-05,0.558,0.373,77.176,198960,4,1.0
0.765,0.523,2,-4.333,1,0.03,0.184,3.56e-05,0.132,0.394,104.988,217307,4,1.0
0.577,0.522,5,-6.594,0,0.0984,0.13,9.03e-05,0.142,0.119,159.772,218320,4,1.0
0.757,0.748,8,-5.794,0,0.473,0.17,0.0,0.0759,0.693,90.052,221013,4,1.0
0.836,0.544,7,-5.975,1,0.0943,0.0403,0.0,0.0824,0.51,97.028,217947,4,1.0
0.724,0.895,7,-3.617,1,0.0411,0.0322,0.0,0.097,0.64,96.022,173720,4,1.0
0.704,0.859,5,-4.877,0,0.0996,0.0185,0.0,0.0215,0.926,105.115,217289,4,1.0
0.715,0.802,11,-4.647,0,0.0394,0.139,0.0,0.177,0.327,124.989,197993,4,1.0
0.637,0.713,0,-4.333,1,0.0747,0.181,0.000637,0.137,0.243,129.923,226973,4,1.0
0.659,0.716,5,-5.673,0,0.111,0.33,0.0,0.173,0.437,148.015,212120,4,1.0
0.589,0.731,2,-6.343,1,0.0868,0.0534,0.0,0.308,0.191,87.908,268867,4,1.0
0.599,0.448,8,-6.312,1,0.0232,0.163,0.0,0.106,0.168,95.05,263400,3,1.0
0.762,0.7,9,-6.021,0,0.0694,0.00261,1.56e-05,0.153,0.608,116.073,209320,4,1.0
0.825,0.652,1,-3.183,0,0.0802,0.581,0.0,0.0931,0.931,95.977,233713,4,1.0
0.548,0.58,11,-7.524,0,0.121,0.104,0.0,0.127,0.462,180.066,193893,4,1.0
0.775,0.573,11,-4.933,1,0.0585,0.495,0.0,0.126,0.667,101.925,171806,4,0.0
0.527,0.465,7,-8.055,0,0.227,0.175,0.0,0.0661,0.765,137.033,202827,5,0.0
0.546,0.822,7,-4.483,1,0.151,0.0145,0.0,0.742,0.615,150.06,177600,4,0.0
0.78,0.709,6,-7.059,0,0.0836,0.538,0.000362,0.112,0.711,111.038,244324,4,0.0
0.461,0.834,2,-4.868,1,0.0989,0.0232,1.14e-05,0.14,0.471,135.007,261154,4,0.0
0.679,0.331,1,-9.24,0,0.177,0.222,2.48e-06,0.128,0.217,149.949,245664,4,0.0
0.703,0.868,7,-4.661,0,0.0291,0.15,0.132,0.104,0.733,121.03,193613,4,0.0
0.584,0.54,1,-7.786,0,0.0576,0.0895,0.0,0.261,0.195,137.972,220883,4,0.0
0.808,0.69,1,-4.151,1,0.148,0.0583,0.0,0.103,0.64,125.086,223147,4,0.0
0.822,0.743,1,-2.152,1,0.0449,0.236,0.0346,0.124,0.744,98.049,248036,4,0.0
0.703,0.757,1,-3.612,1,0.05,0.617,0.0,0.106,0.696,82.008,221747,4,0.0
0.708,0.693,6,-5.516,1,0.138,0.246,0.0,0.129,0.427,143.965,271080,4,0.0
0.874,0.649,0,-4.385,1,0.0833,0.218,0.0,0.337,0.712,95.004,203813,4,0.0
0.734,0.418,0,-6.678,1,0.0425,0.0129,0.0,0.0579,0.868,85.909,188174,4,0.0
0.774,0.611,6,-2.883,1,0.134,0.109,0.0,0.0805,0.388,89.995,161593,4,0.0
0.758,0.448,7,-9.441,1,0.103,0.0309,8.67e-05,0.558,0.373,77.176,198960,4,1.0
0.765,0.523,2,-4.333,1,0.03,0.184,3.56e-05,0.132,0.394,104.988,217307,4,1.0
0.577,0.522,5,-6.594,0,0.0984,0.13,9.03e-05,0.142,0.119,159.772,218320,4,1.0
0.704,0.859,5,-4.877,0,0.0996,0.0185,0.0,0.0215,0.926,105.115,217289,4,1.0
0.757,0.748,8,-5.794,0,0.473,0.17,0.0,0.0759,0.693,90.052,221013,4,1.0
0.836,0.544,7,-5.975,1,0.0943,0.0403,0.0,0.0824,0.51,97.028,217947,4,1.0
0.637,0.713,0,-4.333,1,0.0747,0.181,0.000637,0.137,0.243,129.923,226973,4,1.0
0.724,0.895,7,-3.617,1,0.0411,0.0322,0.0,0.097,0.64,96.022,173720,4,1.0
0.659,0.716,5,-5.673,0,0.111,0.33,0.0,0.173,0.437,148.015,212120,4,1.0
0.589,0.731,2,-6.343,1,0.0868,0.0534,0.0,0.308,0.191,87.908,268867,4,1.0
0.715,0.802,11,-4.647,0,0.0394,0.139,0.0,0.177,0.327,124.989,197993,4,1.0
0.762,0.7,9,-6.021,0,0.0694,0.00261,1.56e-05,0.153,0.608,116.073,209320,4,1.0
0.599,0.448,8,-6.312,1,0.0232,0.163,0.0,0.106,0.168,95.05,263400,3,1.0
0.715,0.62,5,-5.428,0,0.0507,0.0322,0.0142,0.0881,0.456,96.812,235540,4,1.0
0.548,0.58,11,-7.524,0,0.121,0.104,0.0,0.127,0.462,180.066,193893,4,1.0
0.675,0.562,7,-7.678,1,0.0352,0.233,0.0,0.0816,0.309,130.098,256533,4,0.0
0.788,0.477,4,-7.348,1,0.0434,0.549,0.0,0.349,0.86,94.983,213027,4,0.0
0.658,0.535,9,-8.983,0,0.0573,0.0265,0.0,0.2,0.419,110.684,227360,4,0.0
0.703,0.868,7,-4.661,0,0.0291,0.15,0.132,0.104,0.733,121.03,193613,4,0.0
0.928,0.721,11,-5.774,1,0.15,0.0714,0.0,0.225,0.254,129.997,287992,4,0.0
0.551,0.851,1,-3.277,1,0.197,0.0748,0.0,0.0784,0.1,171.411,297893,4,0.0
0.85,0.731,9,-6.705,0,0.193,0.231,0.0,0.0886,0.822,134.009,259340,4,0.0
0.803,0.695,4,-5.164,0,0.0413,0.0622,0.0,0.105,0.458,119.978,210107,4,0.0
0.92,0.674,1,-5.662,0,0.264,0.307,0.0,0.104,0.741,141.967,304041,4,0.0
0.584,0.54,1,-7.786,0,0.0576,0.0895,0.0,0.261,0.195,137.972,220883,4,0.0
0.519,0.554,0,-6.412,1,0.0385,0.381,0.0,0.115,0.194,153.676,223044,4,0.0
0.703,0.757,1,-3.612,1,0.05,0.617,0.0,0.106,0.696,82.008,221747,4,0.0
0.874,0.649,0,-4.385,1,0.0833,0.218,0.0,0.337,0.712,95.004,203813,4,0.0
0.701,0.728,2,-4.554,1,0.255,0.00971,0.00115,0.361,0.0591,171.388,326467,4,0.0
0.461,0.834,2,-4.868,1,0.0989,0.0232,1.14e-05,0.14,0.471,135.007,261154,4,0.0
0.758,0.448,7,-9.441,1,0.103,0.0309,8.67e-05,0.558,0.373,77.176,198960,4,1.0
0.765,0.523,2,-4.333,1,0.03,0.184,3.56e-05,0.132,0.394,104.988,217307,4,1.0
0.577,0.522,5,-6.594,0,0.0984,0.13,9.03e-05,0.142,0.119,159.772,218320,4,1.0
0.704,0.859,5,-4.877,0,0.0996,0.0185,0.0,0.0215,0.926,105.115,217289,4,1.0
0.836,0.544,7,-5.975,1,0.0943,0.0403,0.0,0.0824,0.51,97.028,217947,4,1.0
0.757,0.748,8,-5.794,0,0.473,0.17,0.0,0.0759,0.693,90.052,221013,4,1.0
0.637,0.713,0,-4.333,1,0.0747,0.181,0.000637,0.137,0.243,129.923,226973,4,1.0
0.724,0.895,7,-3.617,1,0.0411,0.0322,0.0,0.097,0.64,96.022,173720,4,1.0
0.659,0.716,5,-5.673,0,0.111,0.33,0.0,0.173,0.437,148.015,212120,4,1.0
0.589,0.731,2,-6.343,1,0.0868,0.0534,0.0,0.308,0.191,87.908,268867,4,1.0
0.715,0.802,11,-4.647,0,0.0394,0.139,0.0,0.177,0.327,124.989,197993,4,1.0
0.762,0.7,9,-6.021,0,0.0694,0.00261,1.56e-05,0.153,0.608,116.073,209320,4,1.0
0.599,0.448,8,-6.312,1,0.0232,0.163,0.0,0.106,0.168,95.05,263400,3,1.0
0.715,0.62,5,-5.428,0,0.0507,0.0322,0.0142,0.0881,0.456,96.812,235540,4,1.0
0.817,0.816,2,-5.402,1,0.269,0.00263,0.0,0.159,0.508,181.982,190288,4,1.0
0.92,0.674,1,-5.662,0,0.264,0.307,0.0,0.104,0.741,141.967,304041,4,0.0
0.788,0.477,4,-7.348,1,0.0434,0.549,0.0,0.349,0.86,94.983,213027,4,0.0
0.703,0.868,7,-4.661,0,0.0291,0.15,0.132,0.104,0.733,121.03,193613,4,0.0
0.701,0.728,2,-4.554,1,0.255,0.00971,0.00115,0.361,0.0591,171.388,326467,4,0.0
0.874,0.649,0,-4.385,1,0.0833,0.218,0.0,0.337,0.712,95.004,203813,4,0.0
0.803,0.695,4,-5.164,0,0.0413,0.0622,0.0,0.105,0.458,119.978,210107,4,0.0
0.519,0.554,0,-6.412,1,0.0385,0.381,0.0,0.115,0.194,153.676,223044,4,0.0
0.584,0.54,1,-7.786,0,0.0576,0.0895,0.0,0.261,0.195,137.972,220883,4,0.0
0.703,0.757,1,-3.612,1,0.05,0.617,0.0,0.106,0.696,82.008,221747,4,0.0
0.721,0.873,1,-4.741,1,0.119,0.0789,0.0,0.0824,0.552,79.943,172687,4,0.0
0.461,0.834,2,-4.868,1,0.0989,0.0232,1.14e-05,0.14,0.471,135.007,261154,4,0.0
0.734,0.418,0,-6.678,1,0.0425,0.0129,0.0,0.0579,0.868,85.909,188174,4,0.0
0.888,0.664,0,-10.13,1,0.341,0.0424,0.0,0.0734,0.53,140.012,193173,4,0.0
0.795,0.594,0,-6.2,1,0.0747,0.111,0.0,0.162,0.409,135.002,275080,4,0.0
0.658,0.535,9,-8.983,0,0.0573,0.0265,0.0,0.2,0.419,110.684,227360,4,0.0
0.758,0.448,7,-9.441,1,0.103,0.0309,8.67e-05,0.558,0.373,77.176,198960,4,1.0
0.765,0.523,2,-4.333,1,0.03,0.184,3.56e-05,0.132,0.394,104.988,217307,4,1.0
0.577,0.522,5,-6.594,0,0.0984,0.13,9.03e-05,0.142,0.119,159.772,218320,4,1.0
0.704,0.859,5,-4.877,0,0.0996,0.0185,0.0,0.0215,0.926,105.115,217289,4,1.0
0.836,0.544,7,-5.975,1,0.0943,0.0403,0.0,0.0824,0.51,97.028,217947,4,1.0
0.757,0.748,8,-5.794,0,0.473,0.17,0.0,0.0759,0.693,90.052,221013,4,1.0
0.637,0.713,0,-4.333,1,0.0747,0.181,0.000637,0.137,0.243,129.923,226973,4,1.0
0.724,0.895,7,-3.617,1,0.0411,0.0322,0.0,0.097,0.64,96.022,173720,4,1.0
0.659,0.716,5,-5.673,0,0.111,0.33,0.0,0.173,0.437,148.015,212120,4,1.0
0.715,0.802,11,-4.647,0,0.0394,0.139,0.0,0.177,0.327,124.989,197993,4,1.0
0.589,0.731,2,-6.343,1,0.0868,0.0534,0.0,0.308,0.191,87.908,268867,4,1.0
0.762,0.7,9,-6.021,0,0.0694,0.00261,1.56e-05,0.153,0.608,116.073,209320,4,1.0
0.599,0.448,8,-6.312,1,0.0232,0.163,0.0,0.106,0.168,95.05,263400,3,1.0
0.715,0.62,5,-5.428,0,0.0507,0.0322,0.0142,0.0881,0.456,96.812,235540,4,1.0
0.817,0.816,2,-5.402,1,0.269,0.00263,0.0,0.159,0.508,181.982,190288,4,1.0
0.703,0.868,7,-4.661,0,0.0291,0.15,0.132,0.104,0.733,121.03,193613,4,0.0
0.584,0.54,1,-7.786,0,0.0576,0.0895,0.0,0.261,0.195,137.972,220883,4,0.0
0.701,0.728,2,-4.554,1,0.255,0.00971,0.00115,0.361,0.0591,171.388,326467,4,0.0
0.576,0.39,10,-7.202,1,0.0297,0.491,0.0,0.111,0.319,73.433,230267,4,0.0
0.519,0.554,0,-6.412,1,0.0385,0.381,0.0,0.115,0.194,153.676,223044,4,0.0
0.703,0.757,1,-3.612,1,0.05,0.617,0.0,0.106,0.696,82.008,221747,4,0.0
0.874,0.649,0,-4.385,1,0.0833,0.218,0.0,0.337,0.712,95.004,203813,4,0.0
0.461,0.834,2,-4.868,1,0.0989,0.0232,1.14e-05,0.14,0.471,135.007,261154,4,0.0
0.721,0.873,1,-4.741,1,0.119,0.0789,0.0,0.0824,0.552,79.943,172687,4,0.0
0.803,0.695,4,-5.164,0,0.0413,0.0622,0.0,0.105,0.458,119.978,210107,4,0.0
0.734,0.418,0,-6.678,1,0.0425,0.0129,0.0,0.0579,0.868,85.909,188174,4,0.0
0.888,0.664,0,-10.13,1,0.341,0.0424,0.0,0.0734,0.53,140.012,193173,4,0.0
0.808,0.69,1,-4.151,1,0.148,0.0583,0.0,0.103,0.64,125.086,223147,4,0.0
0.557,0.442,5,-7.224,1,0.0243,0.731,1.46e-05,0.11,0.213,146.277,309600,4,0.0
0.479,0.419,0,-6.517,1,0.0389,0.568,0.000217,0.11,0.186,85.014,172724,4,0.0
