,,,"Note that these figures are generated using a formula that protects against any artificial inflation of chart positions.",
Position,"Track Name",Artist,Streams,URL
1,"Better Now","Post Malone",5843143,https://open.spotify.com/track/7dt6x5M1jzdTEt8oCbisTK
2,"Psycho (feat. Ty Dolla $ign)","Post Malone",4960361,https://open.spotify.com/track/3swc6WTsr7rl9DqQKQA55C
3,"Nice For What",Drake,4452768,https://open.spotify.com/track/1cTZMwcBJT0Ka3UJPXOeeN
4,"no tears left to cry","Ariana Grande",4088541,https://open.spotify.com/track/5SxkdsY1ufZzoq9iXceLw9
5,"God's Plan",Drake,3971044,https://open.spotify.com/track/2XW4DbS6NddZxRPm5rMCeY
6,"One Kiss (with Dua Lipa)","Calvin Harris",3915983,https://open.spotify.com/track/7ef4DlsgrMEH11cDZd32M6
7,Paranoid,"Post Malone",3855223,https://open.spotify.com/track/3fpVWegR6YOS1Yk5HSMYIq
8,"rockstar (feat. 21 Savage)","Post Malone",3436442,https://open.spotify.com/track/0e7ipj03S05BNilyu5bRzt
9,FRIENDS,Marshmello,3135948,https://open.spotify.com/track/08bNPGLD8AhKpnnERrAc6G
10,"Spoil My Night (feat. Swae Lee)","Post Malone",2996761,https://open.spotify.com/track/5VuxWXbt7XENQCtE9TzpTv
11,Stay,"Post Malone",2945056,https://open.spotify.com/track/4H7WNRErSbONkM06blBoGc
12,"Rich & Sad","Post Malone",2941217,https://open.spotify.com/track/2VdT56BGpdqNHUgOe1j5vc
13,X,"Nicky Jam",2855495,https://open.spotify.com/track/39N9RPD9MRb5WmoLzNzPeA
14,"I Like It","Cardi B",2844943,https://open.spotify.com/track/58q2HKrzhC3ozto2nDdN4z
15,"Over Now","Post Malone",2678084,https://open.spotify.com/track/09IOPhEh1OMe0HD9b36FJk
16,"Ball For Me (feat. Nicki Minaj)","Post Malone",2671397,https://open.spotify.com/track/6IaieqiCVvsNvEt6Y7yOFa
17,"Call Out My Name","The Weeknd",2607796,https://open.spotify.com/track/1gm616Plq4ScqNi7TVkZ5N
18,"Freaky Friday (feat. Chris Brown)","Lil Dicky",2567769,https://open.spotify.com/track/10Igtw8bSDyyFs7KIsKngZ
19,"The Middle",Zedd,2547739,https://open.spotify.com/track/2ARqIya5NAuvFVHSN3bL0m
20,"Zack And Codeine","Post Malone",2475736,https://open.spotify.com/track/5lZZmityu9TAjNvSY6GLhR
21,"Love Lies (with Normani)",Khalid,2465959,https://open.spotify.com/track/45Egmo7icyopuzJN0oMEdk
22,"Same Bitches (feat. G-Eazy & YG)","Post Malone",2378725,https://open.spotify.com/track/688QpQAwqsLdBR6lr13wK1
23,"Takin' Shots","Post Malone",2294157,https://open.spotify.com/track/5ffntNJnJOeFv7b7DCd0Bw
24,"92 Explorer","Post Malone",2222668,https://open.spotify.com/track/1D2L6MefbXon28PzIk9I3r
25,"Candy Paint","Post Malone",2222079,https://open.spotify.com/track/32lItqlMi4LBhb4k0BaSaC
26,IDGAF,"Dua Lipa",2129760,https://open.spotify.com/track/76cy1WJvNGJTj78UqeA5zr
27,"These Days (feat. Jess Glynne, Macklemore & Dan Caplen)",Rudimental,2105173,https://open.spotify.com/track/5CLGzJsGqhCEECcpnFQA8x
28,SAD!,XXXTENTACION,2081059,https://open.spotify.com/track/3ee8Jmje8o58CHK66QrVC2
29,"Look Alive (feat. Drake)","BlocBoy JB",2079019,https://open.spotify.com/track/4qKcDkK6siZ7Jp1Jb4m0aL
30,Otherside,"Post Malone",2070844,https://open.spotify.com/track/4qWCFTuNnmGNdY4egtb4ZY
31,KOD,"J. Cole",1967206,https://open.spotify.com/track/7yotKA30dwTKNEGomV9ZsI
32,"Blame It On Me","Post Malone",1921095,https://open.spotify.com/track/1ZemPoaj7LBj1RAQrb89EC
33,Nevermind,"Dennis Lloyd",1920795,https://open.spotify.com/track/63SevszngYpZOwf63o61K4
34,OTW,Khalid,1763022,https://open.spotify.com/track/6Hgh47WXVKtXN5zGOu0hjI
35,"Te Boté - Remix","Nio Garcia",1762961,https://open.spotify.com/track/3V8UKqhEK5zBkBb6d6ub8i
36,Mine,Bazzi,1755239,https://open.spotify.com/track/7uzmGiiJyRfuViKKK3lVmR
37,"In My Blood","Shawn Mendes",1748307,https://open.spotify.com/track/79jX8RM5CgPqDKdGEKNW9K
38,"Remind Me to Forget",Kygo,1747016,https://open.spotify.com/track/6xTU6B6nFwKKTSZ9ySXS80
39,"Meant to Be (feat. Florida Georgia Line)","Bebe Rexha",1697095,https://open.spotify.com/track/7iDa6hUg2VgEL1o1HjmfBn
40,"Sugar Wraith","Post Malone",1692722,https://open.spotify.com/track/0MrRAUcB8AZiB9ue2VOBYe
41,"Walk It Talk It",Migos,1612590,https://open.spotify.com/track/6n4U3TlzUGhdSFbUUhTvLP
42,"All The Stars (with SZA)","Kendrick Lamar",1611380,https://open.spotify.com/track/3GCdLUSnKSMJhs4Tj6CV3s
43,"Plug Walk","Rich The Kid",1600020,https://open.spotify.com/track/6mAz8D1TmlTuef90dbNIiZ
44,"Like I Do","David Guetta",1581910,https://open.spotify.com/track/6RnkFd8Fqqgk1Uni8RgqCQ
45,"Me Niego",Reik,1581793,https://open.spotify.com/track/6jA8JUuPCGYjFcgw0AoM5T
46,Havana,"Camila Cabello",1581480,https://open.spotify.com/track/1rfofaqEpACxVEHIZBJe6W
47,"Playinwitme (feat. Kehlani)",KYLE,1571308,https://open.spotify.com/track/43cFjTTCD9Cni4aSL0sORz
48,Dura,"Daddy Yankee",1528241,https://open.spotify.com/track/2j2fIJGh4PMdXt9ULI5Tlc
49,Flames,"David Guetta",1490600,https://open.spotify.com/track/33IOhptvC2Qoy2UhjiHXLV
50,"Wake Me Up - Radio Edit",Avicii,1450152,https://open.spotify.com/track/6g1NlCpW7fgqDnWbCCDrHl
51,"1, 2, 3 (feat. Jason Derulo & De La Ghetto)","Sofia Reyes",1417445,https://open.spotify.com/track/4QtiVmuA88tPQiCOHZuQ5b
52,2002,Anne-Marie,1339421,https://open.spotify.com/track/6SFStUDQZNaGPKWOx9ZiJB
53,"New Rules","Dua Lipa",1293843,https://open.spotify.com/track/2ekn2ttSfGqwhhate0LSR0
54,"I Fall Apart","Post Malone",1279394,https://open.spotify.com/track/75ZvA4QfFiZvzhj2xkaWAh
55,"Say Something","Justin Timberlake",1269262,https://open.spotify.com/track/1LhMopPAallLeaeNutqbgS
56,"Mad Love","Sean Paul",1266498,https://open.spotify.com/track/3soOPBuMK8YMdWnV7xpEyf
57,JAPAN,"Famous Dex",1262794,https://open.spotify.com/track/5PTG6rrL6EPFD9E2QMI2pl
58,"Without You (feat. Sandro Cavazza)",Avicii,1255769,https://open.spotify.com/track/6WbADFqMvR8N5u0BvtsWQE
59,"Jonestown (Interlude)","Post Malone",1250161,https://open.spotify.com/track/0R6Jlsq25eZB3Wftpxi3oF
60,"Shape of You","Ed Sheeran",1249127,https://open.spotify.com/track/7qiZfU4dY1lWllzX7mPBI3
61,Youngblood,"5 Seconds of Summer",1240929,https://open.spotify.com/track/55S2PQgSMYAhgoTCcGCDfw
62,"Let Me",ZAYN,1238971,https://open.spotify.com/track/7Fg342AJtNsIDdwCfX0paC
63,"Ric Flair Drip (& Metro Boomin)",Offset,1215535,https://open.spotify.com/track/7sO5G9EABYOXQKNPNiE9NR
64,"Kevin’s Heart","J. Cole",1179824,https://open.spotify.com/track/6tZ3b7ik1QDXFAZlXib0YZ
65,ATM,"J. Cole",1144593,https://open.spotify.com/track/2UciqgwVDwro0fev3MFbxJ
66,"Be Careful","Cardi B",1144369,https://open.spotify.com/track/2Yl4OmDby9iitgNWZPwxkd
67,Perfect,"Ed Sheeran",1135456,https://open.spotify.com/track/0tgVpDi06FyKpA1z0VMD4v
68,"Lift Yourself","Kanye West",1135320,https://open.spotify.com/track/3uYDO9dPLTVrgfwg7EYXSf
69,Delicate,"Taylor Swift",1126824,https://open.spotify.com/track/6NFyWDv5CjfwuzoCkw47Xf
70,"Échame La Culpa","Luis Fonsi",1126196,https://open.spotify.com/track/1zsG4eaZmkA1dvjDDsAGLK
71,"Powerglide (feat. Juicy J)","Rae Sremmurd",1122316,https://open.spotify.com/track/2yUbCEiaolfSMluDo9RMmG
72,Bella,Wolfine,1121143,https://open.spotify.com/track/3xcCix7Jv1Rp90YVmgo35D
73,Famous,"Mason Ramsey",1110067,https://open.spotify.com/track/2HGymMoOdB4ZYv0AAqYmgF
74,Familiar,"Liam Payne",1086951,https://open.spotify.com/track/0Y4hwUppbGc8aIBmiTz30A
75,"Déjala Que Vuelva (feat. Manuel Turizo)","Piso 21",1061738,https://open.spotify.com/track/33bnxcjePIkcmNjEFTJX0l
76,"Never Be the Same","Camila Cabello",1050243,https://open.spotify.com/track/4eWQlBRaTjPPUlzacqEeoQ
77,"I Wanna Know (feat. Bea Miller)",NOTD,1050057,https://open.spotify.com/track/2og9I9rQwr2XdTLJUupfT1
78,1950,"King Princess",1042656,https://open.spotify.com/track/0CZ8lquoTX2Dkg7Ak2inwA
79,"Síguelo Bailando",Ozuna,1041908,https://open.spotify.com/track/5Y9fnynLlIvqtM710MHzfz
80,Wolves,"Selena Gomez",1037423,https://open.spotify.com/track/7EmGUiUaOSGDnUUQUDrOXC
81,Moonlight,XXXTENTACION,1023950,https://open.spotify.com/track/0JP9xo3adEtGSdUEISiszL
82,Esskeetit,"Lil Pump",1020620,https://open.spotify.com/track/44KKhCyI0BGS6LvVyDqJtH
83,Motiv8,"J. Cole",993171,https://open.spotify.com/track/1AT4xjNarTswd0UZ5FlmKF
84,"El Préstamo",Maluma,989370,https://open.spotify.com/track/0QS5rZpm5zN9wV9lJgjyUE
85,Thunder,"Imagine Dragons",970632,https://open.spotify.com/track/26gceVsA1ybT8qsX3aYLEn
86,"lovely (with Khalid)","Billie Eilish",964730,https://open.spotify.com/track/0u2P5u6lvoDfwTYjAADbn4
87,Somebody,"The Chainsmokers",963977,https://open.spotify.com/track/3pWcj8hxj3fsb9TDAcMpEl
88,"Lonely Together (feat. Rita Ora)",Avicii,951400,https://open.spotify.com/track/2OALaHcDdKkjYEpAr0Qzab
89,"Feel It Still","Portugal. The Man",949695,https://open.spotify.com/track/6QgjcU0zLnzq5OrUoSZ3OK
90,"XO TOUR Llif3","Lil Uzi Vert",938597,https://open.spotify.com/track/7GX5flRQZVHRAGd6B4TmDO
91,Chun-Li,"Nicki Minaj",936244,https://open.spotify.com/track/2gTYVoQCUh0QNUaFix01ld
92,"Let Me Go (with Alesso, Florida Georgia Line & watt)","Hailee Steinfeld",933908,https://open.spotify.com/track/5AEtlRudpgdT5FtNiuly6Y
93,Criminal,"Natti Natasha",923228,https://open.spotify.com/track/6Za3190Sbw39BBC77WSS1C
94,"Too Good At Goodbyes","Sam Smith",919591,https://open.spotify.com/track/1mXVgsBdtIVeCLJnSnmtdV
95,Believer,"Imagine Dragons",917573,https://open.spotify.com/track/7Izh7zLJGw1Nscd62Exxj4
96,"La Player (Bandolera)","Zion & Lennox",912819,https://open.spotify.com/track/0VKkyBKCXyR99navhVRqcP
97,"Levels - Radio Edit",Avicii,909757,https://open.spotify.com/track/5B03nSG8pLE48jh7kmasuL
98,"Finesse (Remix) [feat. Cardi B]","Bruno Mars",908115,https://open.spotify.com/track/3Vo4wInECJQuz9BIBMOu8i
99,"King's Dead (with Kendrick Lamar, Future & James Blake)","Jay Rock",891064,https://open.spotify.com/track/51rXHuKN8Loc4sUlKPODgH
100,Congratulations,"Post Malone",886934,https://open.spotify.com/track/3a1lNhkSLSkpJE4MSHpDu9
101,"Pray For Me (with Kendrick Lamar)","The Weeknd",879395,https://open.spotify.com/track/4ofvoCdXq99vpMZO4Cfp8x
102,"River (feat. Ed Sheeran)",Eminem,873899,https://open.spotify.com/track/5UEnHoDYpsxlfzWLZIc7LD
103,"1985 - Intro to “The Fall Off”","J. Cole",869424,https://open.spotify.com/track/7EulRO07ZgchxqKUHb8Pvc
104,"Te Amo","Piso 21",853819,https://open.spotify.com/track/2RVrdr062uLFxXwIxwdXPH
105,"Jocelyn Flores",XXXTENTACION,853212,https://open.spotify.com/track/7m9OqQk4RVRkw9JJdeAw96
106,Amorfoda,"Bad Bunny",852247,https://open.spotify.com/track/3ITvHA9zhZZdBJsOsAUegF
107,Everyday,Logic,851918,https://open.spotify.com/track/4EAV2cKiqKP5UPZmY6dejk
108,"Stir Fry",Migos,847908,https://open.spotify.com/track/2UVbBKQOdFAekPTRsnkzcf
109,Silence,Marshmello,842882,https://open.spotify.com/track/7vGuf3Y35N4wmASOKLUVVU
110,"Let You Down",NF,840291,https://open.spotify.com/track/6mrKP2jyIQmM0rw6fQryjr
111,Dembow,"Danny Ocean",835588,https://open.spotify.com/track/2EzRdhuoPyNJDlep7lnNf2
112,Corazón,Maluma,827968,https://open.spotify.com/track/4lESS6vuruP6a79KWRaQou
113,"Young Dumb & Broke",Khalid,827065,https://open.spotify.com/track/5Z3GHaZ6ec9bsiI5BenrbY
114,HUMBLE.,"Kendrick Lamar",824610,https://open.spotify.com/track/7KXjTSCq5nL1LoYtL7XAwS
115,Downtown,Anitta,800801,https://open.spotify.com/track/3Ga6eKrUFf12ouh9Yw3v2D
116,"Waiting For Love",Avicii,792764,https://open.spotify.com/track/6nsLzJfvp5OLd4mgqUJkpq
117,Photograph,"J. Cole",791236,https://open.spotify.com/track/0bhnUFDQFCEHCBlsQfHnj5
118,"Say You Won't Let Go","James Arthur",789504,https://open.spotify.com/track/5uCax9HTNlzGybIStD3vDh
119,"Dura - Remix","Daddy Yankee",786428,https://open.spotify.com/track/6U2NuJILEOEpW2tVCuqKHb
120,"Wasted Times","The Weeknd",780380,https://open.spotify.com/track/72TyiiduRmczEbDIEtKQdR
121,"Sin Pijama","Becky G",769471,https://open.spotify.com/track/2ijef6ni2amuunRoKTlgww
122,"Sick Boy","The Chainsmokers",760379,https://open.spotify.com/track/08hm0V6cTsWDX62hW42sEv
123,Unforgettable,"French Montana",760054,https://open.spotify.com/track/3B54sVLJ402zGa6Xm4YGNe
124,"What Lovers Do (feat. SZA)","Maroon 5",759061,https://open.spotify.com/track/3hBBKuWJfxlIlnd9QFoC8k
125,Breathe,"Jax Jones",738886,https://open.spotify.com/track/6tvQzeCPwOytDlBYCIOY0n
126,Sensualidad,"Bad Bunny",736915,https://open.spotify.com/track/5hcisvFMidkMJlElTO9Qmw
127,changes,XXXTENTACION,736455,https://open.spotify.com/track/7AFASza1mXqntmGtbxXprO
128,"Dusk Till Dawn - Radio Edit",ZAYN,735909,https://open.spotify.com/track/1j4kHkkpqZRBwE0A4CN4Yv
129,Happier,"Ed Sheeran",732035,https://open.spotify.com/track/2RttW7RAu5nOAfq6YFvApB
130,"Madura (feat. Bad Bunny)",Cosculluela,727701,https://open.spotify.com/track/0r9d60ZYPAlFHq8qnUtkXN
131,"Answerphone (feat. Yxng Bane)","Banx & Ranx",727423,https://open.spotify.com/track/1HagMz5nWk1HmevNCBOxF3
132,"I Miss You (feat. Julia Michaels)","Clean Bandit",721393,https://open.spotify.com/track/2xmrfQpmS2iJExTlklLoAL
133,"Rewrite The Stars","Zac Efron",720921,https://open.spotify.com/track/630sXRhIcfwr2e4RdNtjKN
134,"This Is Me","Keala Settle",720369,https://open.spotify.com/track/2xGjteMU3E1tkEPVFBO08U
135,"Perfect Duet (Ed Sheeran & Beyoncé)","Ed Sheeran",719092,https://open.spotify.com/track/1bhUWB0zJMIKr9yVPrkEuI
136,"Bodak Yellow","Cardi B",716099,https://open.spotify.com/track/6KBYefIoo7KydImq1uUQlL
137,Neymar,"Capital Bra",711736,https://open.spotify.com/track/0d0d2CuQSQDF7Q7vNhwA3i
138,"One Dance",Drake,708876,https://open.spotify.com/track/1xznGGDReH1oQq0xzbwXa3
139,goosebumps,"Travis Scott",696904,https://open.spotify.com/track/6gBFPUFcJLzWGx4lenP6h2
140,"Something Just Like This","The Chainsmokers",695691,https://open.spotify.com/track/6RUKPb4LETWmmr3iAEQktW
141,Beautiful,Bazzi,692712,https://open.spotify.com/track/5TVirkSwFEXF1nLJEebe2I
142,"Ye vs. the People (starring TI as the People)","Kanye West",692043,https://open.spotify.com/track/69b0SDYOymaqYwm3la237H
143,"The Nights",Avicii,691652,https://open.spotify.com/track/0ct6r3EGTcMLPtrXHDvVjc
144,"EL BAÑO","Enrique Iglesias",690330,https://open.spotify.com/track/2vvdTrdryjsl8DmPIMDWZU
145,"Chasing Fire",Lauv,685414,https://open.spotify.com/track/1xy4apMFecGGkgBeaHFZ2M
146,"PICK IT UP (feat. A$AP Rocky)","Famous Dex",682930,https://open.spotify.com/track/0dSIrRkA4PadGll16TgbnV
147,1-800-273-8255,Logic,682913,https://open.spotify.com/track/5tz69p7tJuGPeMGwNTxYuV
148,"Whatever It Takes","Imagine Dragons",678702,https://open.spotify.com/track/7F3uo3304R2CTvOseU3H7u
149,Location,Khalid,678352,https://open.spotify.com/track/152lZdxL1OR0ZMW6KquMif
150,Solita,Ozuna,678167,https://open.spotify.com/track/7rwX0O3RlxqqIjQM8evm5E
151,"Bum Bum Tam Tam","MC Fioti",673855,https://open.spotify.com/track/4zWO4gvuFtw6EJZC5FFGlr
152,"I Like Me Better",Lauv,672612,https://open.spotify.com/track/1wjzFQodRWrPcQ0AnYnvQ9
153,"More Than You Know","Axwell /\ Ingrosso",671931,https://open.spotify.com/track/71bBFbfn2OBK5QwUJSLS44
154,"For You (Fifty Shades Freed) (& Rita Ora)","Liam Payne",671911,https://open.spotify.com/track/5hM6sP0Gh1jD57drszNueC
155,"Hey Brother",Avicii,670412,https://open.spotify.com/track/3zKST4nk4QJE77oLjUZ0Ng
156,"Sorry Not Sorry","Demi Lovato",669364,https://open.spotify.com/track/3m660poUr1chesgkkjQM7P
157,"Him & I (with Halsey)",G-Eazy,664994,https://open.spotify.com/track/5k38wzpLb15YgncyWdTZE4
158,"El Farsante - Remix",Ozuna,663727,https://open.spotify.com/track/7uYgVgRSgqluZclLS7wpp4
159,Ahora,"J Balvin",663621,https://open.spotify.com/track/54OB85nuxYGfl7qRQXuz7c
160,Attention,"Charlie Puth",663359,https://open.spotify.com/track/4iLqG9SeJSnt0cSPICSjxv
161,1942,G-Eazy,655432,https://open.spotify.com/track/794QVQtFNy7hvtjQP1keQd
162,"Drink About",Seeb,654140,https://open.spotify.com/track/2GGGm4MLQynB3I4E4ycIYC
163,Closer,"The Chainsmokers",651624,https://open.spotify.com/track/7BKLCZ1jbUBVqRi2FVlTVw
164,"Bartier Cardi (feat. 21 Savage)","Cardi B",648054,https://open.spotify.com/track/0dIoGTQXDh1wVnhIiSyYEa
165,"Drip (feat. Migos)","Cardi B",647824,https://open.spotify.com/track/2qcG0nZ6S3zZV0UrkY5nFo
166,Anywhere,"Rita Ora",644882,https://open.spotify.com/track/7EI6Iki24tBHAMxtb4xQN2
167,"Fuck Love (feat. Trippie Redd)",XXXTENTACION,630137,https://open.spotify.com/track/7AQim7LbvFVZJE3O8TYgf2
168,"Red Roses (feat. Landon Cube)","Lil Skies",628360,https://open.spotify.com/track/3ZhTT6yjZwpPph5MIJ53XY
169,"Bank Account","21 Savage",628324,https://open.spotify.com/track/2fQrGHiQOvpL9UgPvtYy6G
170,"Me Rehúso","Danny Ocean",625398,https://open.spotify.com/track/6De0lHrwBfPfrhorm9q1Xl
171,"BUTTERFLY EFFECT","Travis Scott",624372,https://open.spotify.com/track/1yxgsra98r3qAtxqiGZPiX
172,Esperándote,"Manuel Turizo",623979,https://open.spotify.com/track/1nfyE13arjOuO54HH0zmqj
173,"Plain Jane","A$AP Ferg",622517,https://open.spotify.com/track/4dVpf9jZjcORqGTLUaeYj9
174,Paradise,"George Ezra",609149,https://open.spotify.com/track/38zwkK6TtTjIW9tpYBfZ3D
175,Heaven,"Julia Michaels",606267,https://open.spotify.com/track/4QfNOZN7vrQCQKK1ZJ3XPb
176,Photograph,"Ed Sheeran",601759,https://open.spotify.com/track/6fxVffaTuwjgEk5h9QyRjy
177,"Thinking Out Loud","Ed Sheeran",599821,https://open.spotify.com/track/1Slwb6dOYkBlWal1PGtnNg
178,Betrayed,"Lil Xan",599638,https://open.spotify.com/track/4vaxvNDaLSoD36iZX515ug
179,"Done For Me (feat. Kehlani)","Charlie Puth",599539,https://open.spotify.com/track/76S09sHj7GGMJAtOLjmVQ2
180,"I Do (feat. SZA)","Cardi B",586421,https://open.spotify.com/track/1f5PNhkNgUpvDEeZfcIlO1
181,"I'm Yours","Jason Mraz",585022,https://open.spotify.com/track/3S0OXQeoh0w6AY8WQVckRW
182,"Capital Letters","Hailee Steinfeld",582494,https://open.spotify.com/track/3towKHKVOXCCcL1fHv6xFO
183,"Mi Gente","J Balvin",582289,https://open.spotify.com/track/2rb5MvYT7ZIxbKW5hfcHx8
184,"How Long","Charlie Puth",581249,https://open.spotify.com/track/32DGGj6KlNuBr6WaqRxpxi
185,"Symphony (feat. Zara Larsson)","Clean Bandit",578782,https://open.spotify.com/track/1x5sYLZiu9r5E43kMlt9f8
186,GOTTI,6ix9ine,578235,https://open.spotify.com/track/27oFpFktCq9JIXjJQRuv7a
187,"Despacito - Remix","Luis Fonsi",578108,https://open.spotify.com/track/5CtI0qwDJkDQGwXD1H1cLb
188,BRACKETS,"J. Cole",576223,https://open.spotify.com/track/5sWbwccBcyHsg5LEKWGZo9
189,"Nowadays (feat. Landon Cube)","Lil Skies",575799,https://open.spotify.com/track/2u7mxWSeoqTXndK5e08jMp
190,Barking,Ramz,574919,https://open.spotify.com/track/7amMgNDcObIDkIXv4xcvc2
191,"That's What I Like","Bruno Mars",574722,https://open.spotify.com/track/0KKkJNfGyhkQ5aFogxQAPU
192,"Home With You","Madison Beer",573598,https://open.spotify.com/track/11GGSyTB8cS9TgONHBOhEX
193,Alien,"Sabrina Carpenter",573300,https://open.spotify.com/track/0RUTnY2B3s05fZuCHsNaUP
194,"All Falls Down","Alan Walker",570934,https://open.spotify.com/track/5yFSF6qQA1rcLsQRnBsZgb
195,"Nena Maldicion (feat. Lenny Tavarez)","Paulo Londra",568414,https://open.spotify.com/track/3TnhQSRwT3AVMdXw5JPq0x
196,"There's Nothing Holdin' Me Back","Shawn Mendes",566932,https://open.spotify.com/track/79cuOz3SPQTuFrp8WgftAu
197,"No Limit",G-Eazy,565709,https://open.spotify.com/track/2DQ1ITjI0YoLFzuADN1ZBW
198,"Se Preparó",Ozuna,559626,https://open.spotify.com/track/1m69ELEgE6k5ZWsap40ozt
199,Africa,Toto,558107,https://open.spotify.com/track/2374M0fQpWi3dLnB54qaLX
200,"Wonderwall - Remastered",Oasis,556329,https://open.spotify.com/track/5qqabIl2vWzo9ApSC317sa
