,,,"Note that these figures are generated using a formula that protects against any artificial inflation of chart positions.",
Position,"Track Name",Artist,Streams,URL
1,rockstar,"Post Malone",4194625,https://open.spotify.com/track/7wGoVu4Dady5GV0Sv4UIsx
2,Havana,"Camila Cabello",3563206,https://open.spotify.com/track/0ofbQMrRDsUaVKq2mGLEAb
3,"River (feat. Ed Sheeran)",Eminem,3234487,https://open.spotify.com/track/5UEnHoDYpsxlfzWLZIc7LD
4,"New Rules","Dua Lipa",3060978,https://open.spotify.com/track/2ekn2ttSfGqwhhate0LSR0
5,Wolves,"Selena Gomez",2956864,https://open.spotify.com/track/7EmGUiUaOSGDnUUQUDrOXC
6,Perfect,"Ed Sheeran",2573726,https://open.spotify.com/track/0tgVpDi06FyKpA1z0VMD4v
7,"Him & I (with Halsey)",G-Eazy,2573090,https://open.spotify.com/track/5k38wzpLb15YgncyWdTZE4
8,"Let You Down",NF,2492307,https://open.spotify.com/track/6mrKP2jyIQmM0rw6fQryjr
9,"Échame La Culpa","Luis Fonsi",2472960,https://open.spotify.com/track/1zsG4eaZmkA1dvjDDsAGLK
10,"What Lovers Do (feat. SZA)","Maroon 5",2445949,https://open.spotify.com/track/3hBBKuWJfxlIlnd9QFoC8k
11,"Shape of You","Ed Sheeran",2305450,https://open.spotify.com/track/7qiZfU4dY1lWllzX7mPBI3
12,"Too Good At Goodbyes","Sam Smith",2262492,https://open.spotify.com/track/1mXVgsBdtIVeCLJnSnmtdV
13,Silence,Marshmello,2169018,https://open.spotify.com/track/7vGuf3Y35N4wmASOKLUVVU
14,"Perfect Duet (Ed Sheeran & Beyoncé)","Ed Sheeran",2168551,https://open.spotify.com/track/1bhUWB0zJMIKr9yVPrkEuI
15,"Gucci Gang","Lil Pump",2142798,https://open.spotify.com/track/43ZyHQITOjhciSUUNPVRHc
16,"I Fall Apart","Post Malone",2113232,https://open.spotify.com/track/75ZvA4QfFiZvzhj2xkaWAh
17,"Let Me Go (with Alesso, Florida Georgia Line & watt)","Hailee Steinfeld",1962198,https://open.spotify.com/track/5AEtlRudpgdT5FtNiuly6Y
18,"No Limit",G-Eazy,1915823,https://open.spotify.com/track/2DQ1ITjI0YoLFzuADN1ZBW
19,Corazón,Maluma,1875595,https://open.spotify.com/track/4lESS6vuruP6a79KWRaQou
20,"Dusk Till Dawn - Radio Edit",ZAYN,1821510,https://open.spotify.com/track/1j4kHkkpqZRBwE0A4CN4Yv
21,"Bartier Cardi (feat. 21 Savage)","Cardi B",1705885,https://open.spotify.com/track/75FDPwaULRdYDn4StFN2rT
22,Downtown,Anitta,1700149,https://open.spotify.com/track/3Ga6eKrUFf12ouh9Yw3v2D
23,"Meant to Be (feat. Florida Georgia Line)","Bebe Rexha",1696712,https://open.spotify.com/track/7iDa6hUg2VgEL1o1HjmfBn
24,Sensualidad,"Bad Bunny",1665664,https://open.spotify.com/track/5hcisvFMidkMJlElTO9Qmw
25,"Young Dumb & Broke",Khalid,1645757,https://open.spotify.com/track/5Z3GHaZ6ec9bsiI5BenrbY
26,Thunder,"Imagine Dragons",1635716,https://open.spotify.com/track/0tKcYR2II1VCQWT79i5NrW
27,"How Long","Charlie Puth",1625209,https://open.spotify.com/track/32DGGj6KlNuBr6WaqRxpxi
28,Criminal,"Natti Natasha",1601742,https://open.spotify.com/track/6Za3190Sbw39BBC77WSS1C
29,"I Miss You (feat. Julia Michaels)","Clean Bandit",1582538,https://open.spotify.com/track/2xmrfQpmS2iJExTlklLoAL
30,"XO TOUR Llif3","Lil Uzi Vert",1540173,https://open.spotify.com/track/7GX5flRQZVHRAGd6B4TmDO
31,"Feel It Still","Portugal. The Man",1513888,https://open.spotify.com/track/6QgjcU0zLnzq5OrUoSZ3OK
32,"Candy Paint","Post Malone",1494013,https://open.spotify.com/track/42CeaId2XNlxugDvyqHfDf
33,"Mi Gente","J Balvin",1479884,https://open.spotify.com/track/2rb5MvYT7ZIxbKW5hfcHx8
34,Congratulations,"Post Malone",1424898,https://open.spotify.com/track/3a1lNhkSLSkpJE4MSHpDu9
35,Unforgettable,"French Montana",1424337,https://open.spotify.com/track/3B54sVLJ402zGa6Xm4YGNe
36,1-800-273-8255,Logic,1409158,https://open.spotify.com/track/5tz69p7tJuGPeMGwNTxYuV
37,"Ric Flair Drip (& Metro Boomin)",Offset,1384526,https://open.spotify.com/track/7sO5G9EABYOXQKNPNiE9NR
38,Stargazing,Kygo,1349419,https://open.spotify.com/track/0Zbbxnx4SGGHoIow4PpISP
39,"Se Preparó",Ozuna,1346244,https://open.spotify.com/track/1m69ELEgE6k5ZWsap40ozt
40,"Déjala Que Vuelva (feat. Manuel Turizo)","Piso 21",1343849,https://open.spotify.com/track/33bnxcjePIkcmNjEFTJX0l
41,HUMBLE.,"Kendrick Lamar",1323492,https://open.spotify.com/track/7KXjTSCq5nL1LoYtL7XAwS
42,"Despacito - Remix","Luis Fonsi",1302686,https://open.spotify.com/track/5CtI0qwDJkDQGwXD1H1cLb
43,"Me Rehúso","Danny Ocean",1287047,https://open.spotify.com/track/6De0lHrwBfPfrhorm9q1Xl
44,"Man's Not Hot","Big Shaq",1275378,https://open.spotify.com/track/2nUJvBO87SkxCViQsLc9Zr
45,"Never Be the Same","Camila Cabello",1268714,https://open.spotify.com/track/6VpQdig9pdpTSIFItgkJV5
46,Mayores,"Becky G",1267457,https://open.spotify.com/track/7JNh1cfm0eXjqFVOzKLyau
47,"So Far Away (feat. Jamie Scott & Romy Dya)","Martin Garrix",1256117,https://open.spotify.com/track/0OlnLZY4cmQzT6ZGttvWBM
48,Anywhere,"Rita Ora",1229458,https://open.spotify.com/track/7EI6Iki24tBHAMxtb4xQN2
49,"Something Just Like This","The Chainsmokers",1197338,https://open.spotify.com/track/6RUKPb4LETWmmr3iAEQktW
50,"Bank Account","21 Savage",1194218,https://open.spotify.com/track/2fQrGHiQOvpL9UgPvtYy6G
51,"Vai malandra (feat. Tropkillaz & DJ Yuri Martins)",Anitta,1172103,https://open.spotify.com/track/6u0EAxf1OJTLS7CvInuNd7
52,Attention,"Charlie Puth",1161889,https://open.spotify.com/track/4iLqG9SeJSnt0cSPICSjxv
53,"Sorry Not Sorry","Demi Lovato",1120078,https://open.spotify.com/track/3m660poUr1chesgkkjQM7P
54,"All Falls Down","Alan Walker",1111262,https://open.spotify.com/track/5yFSF6qQA1rcLsQRnBsZgb
55,"Lonely Together (feat. Rita Ora)",Avicii,1093324,https://open.spotify.com/track/2OALaHcDdKkjYEpAr0Qzab
56,"Havana - Remix","Camila Cabello",1092524,https://open.spotify.com/track/3whrwq4DtvucphBPUogRuJ
57,"I Like Me Better",Lauv,1073414,https://open.spotify.com/track/1wjzFQodRWrPcQ0AnYnvQ9
58,"Tip Toe (feat. French Montana)","Jason Derulo",1062600,https://open.spotify.com/track/2z4pcBLQXF2BXKFvd0BuB6
59,"More Than You Know","Axwell /\ Ingrosso",1038859,https://open.spotify.com/track/71bBFbfn2OBK5QwUJSLS44
60,"Perro Fiel (feat. Nicky Jam)",Shakira,1028911,https://open.spotify.com/track/70lnL3QaSOIIyMa2X9aVRL
61,"Codeine Dreaming (feat. Lil Wayne)","Kodak Black",1025841,https://open.spotify.com/track/4DTpngLjoHj5gFxEZFeD3J
62,MotorSport,Migos,1024952,https://open.spotify.com/track/1YZfcVLbbJwfizR5cDOp3q
63,Believer,"Imagine Dragons",1021729,https://open.spotify.com/track/0CcQNd8CINkwQfe1RDtGV6
64,"Home (with Machine Gun Kelly, X Ambassadors & Bebe Rexha)","Machine Gun Kelly",1013507,https://open.spotify.com/track/0OI7AFifLSoGzpb8bdBLLV
65,"Bodak Yellow","Cardi B",978301,https://open.spotify.com/track/2771LMNxwf62FTAdpJMQfM
66,"Plain Jane","A$AP Ferg",966233,https://open.spotify.com/track/4dVpf9jZjcORqGTLUaeYj9
67,"PICK IT UP (feat. A$AP Rocky)","Famous Dex",958054,https://open.spotify.com/track/3ncgNpxLoBQ65ABk4djDyd
68,"Tell Me You Love Me","Demi Lovato",957143,https://open.spotify.com/track/5Htb1uFQ1KrkFXlefS8oGj
69,"Que Va","Alex Sensation",955701,https://open.spotify.com/track/7ofxPmTNMj2GP07g1VZa0O
70,"There's Nothing Holdin' Me Back","Shawn Mendes",946255,https://open.spotify.com/track/79cuOz3SPQTuFrp8WgftAu
71,"Friends (with BloodPop®)","Justin Bieber",913916,https://open.spotify.com/track/7nZmah2llfvLDiUjm0kiyz
72,"Báilame - Remix",Nacho,912858,https://open.spotify.com/track/3VClLWqNn80Llv0PJOsKgr
73,"Say You Won't Let Go","James Arthur",903790,https://open.spotify.com/track/5uCax9HTNlzGybIStD3vDh
74,"LOVE. FEAT. ZACARI.","Kendrick Lamar",903607,https://open.spotify.com/track/6PGoSes0D9eUDeeAafB2As
75,"Bum Bum Tam Tam","MC Fioti",896484,https://open.spotify.com/track/4zWO4gvuFtw6EJZC5FFGlr
76,"Bad At Love",Halsey,890345,https://open.spotify.com/track/7y9iMe8SOB6z3NoHE2OfXl
77,Closer,"The Chainsmokers",887942,https://open.spotify.com/track/7BKLCZ1jbUBVqRi2FVlTVw
78,Betrayed,"Lil Xan",883604,https://open.spotify.com/track/6NWl2m8asvH83xjuXVNsuG
79,"Felices los 4",Maluma,881867,https://open.spotify.com/track/0qYTZCo5Bwh1nsUFGZP3zn
80,"Sky Walker",Miguel,878469,https://open.spotify.com/track/5WoaF1B5XIEnWfmb5NZikf
81,"Symphony (feat. Zara Larsson)","Clean Bandit",877975,https://open.spotify.com/track/1x5sYLZiu9r5E43kMlt9f8
82,"MIC Drop (feat. Desiigner) [Steve Aoki Remix]",BTS,876779,https://open.spotify.com/track/7Ed6BkggCS2KaKY5YlINaF
83,"Escápate Conmigo (feat. Ozuna)",Wisin,858026,https://open.spotify.com/track/1KSqYYJFyfTecXFk9M0prc
84,"Suena El Dembow","Joey Montana",857688,https://open.spotify.com/track/5TysCiZtv1HnSWcTcUFusI
85,"Jocelyn Flores",XXXTENTACION,849311,https://open.spotify.com/track/7m9OqQk4RVRkw9JJdeAw96
86,"Real Friends","Camila Cabello",840288,https://open.spotify.com/track/4V6MRo0CEAC9MwAm7dkPuL
87,"Galway Girl","Ed Sheeran",832703,https://open.spotify.com/track/0afhq8XCExXpqazXczTSve
88,"BUTTERFLY EFFECT","Travis Scott",831834,https://open.spotify.com/track/1yxgsra98r3qAtxqiGZPiX
89,goosebumps,"Travis Scott",831275,https://open.spotify.com/track/6gBFPUFcJLzWGx4lenP6h2
90,IDGAF,"Dua Lipa",827052,https://open.spotify.com/track/76cy1WJvNGJTj78UqeA5zr
91,"Strip That Down","Liam Payne",824549,https://open.spotify.com/track/6EpRaXYhGOB3fj4V2uDkMJ
92,Location,Khalid,819974,https://open.spotify.com/track/152lZdxL1OR0ZMW6KquMif
93,"Robarte un Beso","Carlos Vives",819085,https://open.spotify.com/track/0JcNysfWVWaMS7R6vzGB2k
94,Naked,"James Arthur",817949,https://open.spotify.com/track/7krbSH3rd8lhIZvuzTV3Bl
95,"I'm the One (feat. Justin Bieber, Quavo, Chance the Rapper & Lil Wayne)","DJ Khaled",814322,https://open.spotify.com/track/3DXncPQOG4VBw3QHh3S817
96,"This Is Me","Keala Settle",813189,https://open.spotify.com/track/2xGjteMU3E1tkEPVFBO08U
97,"End Game","Taylor Swift",809886,https://open.spotify.com/track/2x0WlnmfG39ZuDmstl9xfX
98,"Glorious (feat. Skylar Grey)",Macklemore,807148,https://open.spotify.com/track/0CokSRCu5hZgPxcZBaEzVE
99,Feels,"Calvin Harris",806870,https://open.spotify.com/track/5bcTCxgc7xVfSaMV3RuVke
100,"Rewrite The Stars","Zac Efron",806407,https://open.spotify.com/track/630sXRhIcfwr2e4RdNtjKN
101,"Wild Thoughts (feat. Rihanna & Bryson Tiller)","DJ Khaled",780860,https://open.spotify.com/track/1OAh8uOEOvTDqkKFsKksCi
102,"Look What You Made Me Do","Taylor Swift",775398,https://open.spotify.com/track/5troof8mcGO3AafoDbk1gc
103,Vuelve,"Daddy Yankee",772008,https://open.spotify.com/track/0lJCqIx5BhZtf6QtYI2fbv
104,"It Ain't Me (with Selena Gomez)",Kygo,771988,https://open.spotify.com/track/3eR23VReFzcdmS7TYCrhCe
105,"That's What I Like","Bruno Mars",767438,https://open.spotify.com/track/0KKkJNfGyhkQ5aFogxQAPU
106,"Despacito (Featuring Daddy Yankee)","Luis Fonsi",766136,https://open.spotify.com/track/4aWmUDTfIPGksMNLV2rQP2
107,SUTRA,"Sebastian Yatra",761018,https://open.spotify.com/track/5TmZYdHW6HJ9gt7Aokuql5
108,"One Dance",Drake,760173,https://open.spotify.com/track/1xznGGDReH1oQq0xzbwXa3
109,"I Get The Bag (feat. Migos)","Gucci Mane",746733,https://open.spotify.com/track/1XRgIKC5TPwo7nWGyKqgG0
110,"Dirty Sexy Money (feat. Charli XCX & French Montana)","David Guetta",742684,https://open.spotify.com/track/0tPQPaOKM32WgMSbPCYyRH
111,Bonita,"J Balvin",742596,https://open.spotify.com/track/693iqPOQvhI7PobtR8CC8v
112,"Bella y Sensual","Romeo Santos",737603,https://open.spotify.com/track/0ERbK7qVqveCaBWIiYCrl3
113,Mama,"Jonas Blue",735337,https://open.spotify.com/track/0NiXXAI876aGImAd6rTj8w
114,Photograph,"Ed Sheeran",732767,https://open.spotify.com/track/6fxVffaTuwjgEk5h9QyRjy
115,"The Greatest Show","Hugh Jackman",719364,https://open.spotify.com/track/43ay9lQZ5rfNcOOHhRF2cM
116,Bella,Wolfine,711910,https://open.spotify.com/track/4R55IUi2x7S5ek2SpebOiE
117,Wait,"Maroon 5",708935,https://open.spotify.com/track/1Qg9jWGDkKAGZXj5v2OG59
118,"What About Us",P!nk,707786,https://open.spotify.com/track/0Qh38w01QRXK6KHIv0e3hb
119,"Go Flex","Post Malone",707659,https://open.spotify.com/track/5yuShbu70mtHXY0yLzCQLQ
120,"Swalla (feat. Nicki Minaj & Ty Dolla $ign)","Jason Derulo",707225,https://open.spotify.com/track/6kex4EBAj0WHXDKZMEJaaF
121,"Whatever It Takes","Imagine Dragons",707181,https://open.spotify.com/track/4IWAyPf1KMq7JCyGeCjTeH
122,Sober,G-Eazy,700323,https://open.spotify.com/track/3qk4wRMDlaeagZGjSYbsOV
123,Stay,Zedd,690246,https://open.spotify.com/track/0I20rLT2MJDhcF96AjbNYo
124,"Thinking Out Loud","Ed Sheeran",679219,https://open.spotify.com/track/1Slwb6dOYkBlWal1PGtnNg
125,"Without You (feat. Sandro Cavazza)",Avicii,674695,https://open.spotify.com/track/6WbADFqMvR8N5u0BvtsWQE
126,"Wanted You (feat. Lil Uzi Vert)",NAV,674484,https://open.spotify.com/track/790MhTXPFrYkrqCKvpg4t1
127,"Mask Off",Future,673988,https://open.spotify.com/track/0VgkVdmE4gld66l8iyGjgx
128,"Una Lady Como Tú","Manuel Turizo",671959,https://open.spotify.com/track/7MHN1aCFtLXjownGhvEQlF
129,"I Don’t Wanna Live Forever (Fifty Shades Darker) - From ""Fifty Shades Darker (Original Motion Picture Soundtrack)""",ZAYN,669155,https://open.spotify.com/track/3NdDpSvN911VPGivFlV5d0
130,"Castle on the Hill","Ed Sheeran",661244,https://open.spotify.com/track/6PCUP3dWmTjcTtXY02oFdT
131,"Never Enough","Loren Allred",659213,https://open.spotify.com/track/0Gl5s8IhMmQE5YQwM8Qx1J
132,"Stir Fry",Migos,657870,https://open.spotify.com/track/4fndbjoz1qJyK6JcLdKfzm
133,"3 A.M.","Jesse & Joy",651886,https://open.spotify.com/track/0yyZN5ASdrYu0XYWFzfxUu
134,"Too Much To Ask","Niall Horan",646730,https://open.spotify.com/track/4v094LQ9eF10k2O2Te2ngK
135,"Pretty Girl - Cheat Codes X CADE Remix","Maggie Lindemann",642092,https://open.spotify.com/track/1NDxZ7cFAo481dtYWdrUnR
136,Issues,"Julia Michaels",640873,https://open.spotify.com/track/7vu0JkJh0ldukEYbTVcqd0
137,Starboy,"The Weeknd",639572,https://open.spotify.com/track/5aAx2yezTd8zXrkmtKl66Z
138,"Back to You (feat. Bebe Rexha & Digital Farm Animals)","Louis Tomlinson",635648,https://open.spotify.com/track/7F9vK8hNFMml4GtHsaXui6
139,"Ahora Dice","Chris Jeday",633177,https://open.spotify.com/track/22eADXu8DfOAUEDw4vU8qy
140,"Fuck Love (feat. Trippie Redd)",XXXTENTACION,631909,https://open.spotify.com/track/7AQim7LbvFVZJE3O8TYgf2
141,"A Million Dreams","Ziv Zaifman",629794,https://open.spotify.com/track/0RoA7ObU6phWpqhlC9zH4Z
142,"White Iverson","Post Malone",617873,https://open.spotify.com/track/6eT7xZZlB2mwyzJ2sUKG6w
143,"Roll In Peace (feat. XXXTENTACION)","Kodak Black",615841,https://open.spotify.com/track/40oKW22ZNNkEdZLJTScaQI
144,"Slow Hands","Niall Horan",612657,https://open.spotify.com/track/38yBBH2jacvDxrznF7h08J
145,Happier,"Ed Sheeran",612178,https://open.spotify.com/track/2RttW7RAu5nOAfq6YFvApB
146,"Ghostface Killers","21 Savage",610125,https://open.spotify.com/track/5u6vkDnOyaf8LsteDAj2ub
147,"Slippery (feat. Gucci Mane)",Migos,602892,https://open.spotify.com/track/6p8NuHm8uCGnn2Dtbtf7zE
148,Redbone,"Childish Gambino",601083,https://open.spotify.com/track/3kxfsdsCpFgN412fpnW85Y
149,"A Different Way (with Lauv)","DJ Snake",600844,https://open.spotify.com/track/0Wv5wuenRLI3BcwgT3HPIP
150,"2U (feat. Justin Bieber)","David Guetta",599339,https://open.spotify.com/track/3A7qX2QjDlPnazUsRk5y0M
151,Saint,"Huncho Jack",597200,https://open.spotify.com/track/7foypmc7KZyU716Yv63BPe
152,"Reggaetón Lento (Remix)",CNCO,594402,https://open.spotify.com/track/5PB8zB1MOZASboLquvinMF
153,"Scared to Be Lonely","Martin Garrix",593386,https://open.spotify.com/track/3ebXMykcMXOcLeJ9xZ17XH
154,"No Promises (feat. Demi Lovato)","Cheat Codes",590201,https://open.spotify.com/track/1louJpMmzEicAn7lzDalPW
155,Explícale,Yandel,588187,https://open.spotify.com/track/1LszjjoVwDDZcWUQbzeDLG
156,Dreamer,"Axwell /\ Ingrosso",584595,https://open.spotify.com/track/0RTzJVkunbGwuRjXDFHnjf
157,Passionfruit,Drake,583026,https://open.spotify.com/track/7hDc8b7IXETo14hHIHdnhd
158,"Rockabye (feat. Sean Paul & Anne-Marie)","Clean Bandit",581984,https://open.spotify.com/track/5knuzwU65gJK7IF5yJsuaW
159,DNA.,"Kendrick Lamar",578269,https://open.spotify.com/track/6HZILIRieu8S0iqY8kIKhj
160,"Your Song","Rita Ora",576807,https://open.spotify.com/track/4c2W3VKsOFoIg2SFaO6DY5
161,"Tú Foto",Ozuna,576573,https://open.spotify.com/track/5zSOVwaY3sVjnmLhuEfsuf
162,"The Other Side","Hugh Jackman",574956,https://open.spotify.com/track/2cKovq3l6OJjhVVDbVKOsr
163,"Walk On Water (feat. Beyoncé)",Eminem,569762,https://open.spotify.com/track/5PIBgH1cUFwu5IiUk9tnN9
164,"The Way Life Goes (feat. Oh Wonder)","Lil Uzi Vert",568710,https://open.spotify.com/track/2eAZfqOm4EnOF9VvN50Tyc
165,"I Feel It Coming","The Weeknd",566911,https://open.spotify.com/track/5GXAXm5YOmYT0kL5jHvYBt
166,Paris,"The Chainsmokers",560528,https://open.spotify.com/track/72jbDTw1piOOj770jWNeaG
167,"Good Old Days (feat. Kesha)",Macklemore,555218,https://open.spotify.com/track/2Za1AlJNvksouPPWbXpR2X
168,"Dubai Shit","Huncho Jack",552814,https://open.spotify.com/track/6urLjX35oXXRYtcH1b3dCh
169,"...Ready For It?","Taylor Swift",543216,https://open.spotify.com/track/2yLa0QULdQr0qAIvVwN6B5
170,"The Weekend - Funk Wav Remix",SZA,543204,https://open.spotify.com/track/0P6AWOA4LG1XOctzaVu5tt
171,"Mi Gente (feat. Beyoncé)","J Balvin",542193,https://open.spotify.com/track/7fwXWKdDNI5IutOMc5OKYw
172,"Sign of the Times","Harry Styles",537754,https://open.spotify.com/track/5Ohxk2dO5COHF1krpoPigN
173,Delicate,"Taylor Swift",537493,https://open.spotify.com/track/6NFyWDv5CjfwuzoCkw47Xf
174,"Lose Yourself - From ""8 Mile"" Soundtrack",Eminem,524506,https://open.spotify.com/track/7w9bgPAmPTtrkt2v16QWvQ
175,"El Farsante",Ozuna,518095,https://open.spotify.com/track/5EId1m4DNwTf3at31w8bPJ
176,GUMMO,6ix9ine,515576,https://open.spotify.com/track/2vjmyyAnDUzilFYxOlTdO1
177,"There for You","Martin Garrix",515063,https://open.spotify.com/track/6jA8HL9i4QGzsj6fjoxp8Y
178,"Sucker for You","Matt Terry",513692,https://open.spotify.com/track/4vkVvmjIiQibQ6zJnC1Q9z
179,"La Modelo",Ozuna,507369,https://open.spotify.com/track/2m2ZGfJcs3lHWNPzhWH3XH
180,Chambea,"Bad Bunny",505577,https://open.spotify.com/track/6ElmxV9B2mSNscEjP27M7i
181,"Déjate Llevar","Juan Magán",503432,https://open.spotify.com/track/3xWEI23MLJrD0dpDcDUTW6
182,"Look At Me!",XXXTENTACION,503343,https://open.spotify.com/track/6eYxmK9fdL4hwLnXG2zY3s
183,"Bad and Boujee (feat. Lil Uzi Vert)",Migos,503219,https://open.spotify.com/track/4Km5HrUvYTaSUfiSGPJeQR
184,"Quiero Repetir",Ozuna,501874,https://open.spotify.com/track/0MIcPSq9n2z5H8TAfEstri
185,"Síguelo Bailando",Ozuna,498935,https://open.spotify.com/track/5Y9fnynLlIvqtM710MHzfz
186,"Don't Let Me Down","The Chainsmokers",498435,https://open.spotify.com/track/0QsvXIfqM0zZoerQfsI9lm
187,"Mr. Brightside","The Killers",495571,https://open.spotify.com/track/7oK9VyNzrYvRFo7nQEYkWN
188,"Hey DJ",CNCO,493596,https://open.spotify.com/track/209gZgcfLq2aUuu51vOWBl
189,"We Don't Talk Anymore (feat. Selena Gomez)","Charlie Puth",493522,https://open.spotify.com/track/68EMU2RD1ECNeOeJ5qAXCV
190,"Plain Jane REMIX","A$AP Ferg",492292,https://open.spotify.com/track/2YzmfPLqUx5CJOaw5ThsBV
191,"Body Like A Back Road","Sam Hunt",492290,https://open.spotify.com/track/7mldq42yDuxiUNn08nvzHO
192,"Loco Enamorado","Abraham Mateo",488965,https://open.spotify.com/track/4N1c5rmWOzRmB9SMacr5wB
193,"Come Alive","Hugh Jackman",488795,https://open.spotify.com/track/5xNUR50KxswPRAvx7S163g
194,"Treat You Better","Shawn Mendes",487645,https://open.spotify.com/track/3AFfyUXTfj12PgrOkZiiJo
195,"Drowning (feat. Kodak Black)","A Boogie Wit da Hoodie",484828,https://open.spotify.com/track/1f5cbQtDrykjarZVrShaDI
196,"Olha a Explosão","MC Kevinho",484661,https://open.spotify.com/track/6m2LNopVJKsvBB9l7Z1rwn
197,"24K Magic","Bruno Mars",484420,https://open.spotify.com/track/6b8Be6ljOzmkOmFslEb23P
198,"Wonderwall - Remastered",Oasis,480492,https://open.spotify.com/track/5qqabIl2vWzo9ApSC317sa
199,"Como Antes",Yandel,479353,https://open.spotify.com/track/5YzA563GXTuwQaRq24z1k5
200,Dive,"Ed Sheeran",479159,https://open.spotify.com/track/51ChrwmUPDJvedPQnIU8Ls
