,,,"Note that these figures are generated using a formula that protects against any artificial inflation of chart positions.",
Position,"Track Name",Artist,Streams,URL
1,"In My Feelings",Drake,9847333,https://open.spotify.com/track/2G7V7zsVDxg1yRsu7Ew9RJ
2,"I Like It","Cardi B",4108829,https://open.spotify.com/track/58q2HKrzhC3ozto2nDdN4z
3,"Girls Like You (feat. Cardi B)","Maroon 5",3966426,https://open.spotify.com/track/7fa9MBXhVfQ8P8Df9OEbD8
4,"God is a woman","Ariana Grande",3862146,https://open.spotify.com/track/7gkWXbAxIYuvtOpcN3p9GJ
5,"Lucid Dreams","Juice WRLD",3682181,https://open.spotify.com/track/0s3nnoMeVWz3989MkNQiRf
6,SAD!,XXXTENTACION,3666453,https://open.spotify.com/track/3ee8Jmje8o58CHK66QrVC2
7,"One Kiss (with Dua Lipa)","Calvin Harris",3599487,https://open.spotify.com/track/7ef4DlsgrMEH11cDZd32M6
8,"Taste (feat. Offset)",Tyga,3585513,https://open.spotify.com/track/5IaHrVsrferBYDm0bDyABy
9,"Solo (feat. Demi Lovato)","Clean Bandit",3574542,https://open.spotify.com/track/6kPJZM97LwdG9QIsT7khp6
10,"Don’t Matter To Me (with Michael Jackson)",Drake,3366921,https://open.spotify.com/track/6G8kHiVZ1jW7vHMPVRNZU0
11,"Better Now","Post Malone",3360964,https://open.spotify.com/track/7dt6x5M1jzdTEt8oCbisTK
12,"Jackie Chan",Tiësto,3091804,https://open.spotify.com/track/4kWO6O1BUXcZmaxitpVUwp
13,Rise,"Jonas Blue",2943432,https://open.spotify.com/track/3u1S1OmAUhx5DRlLrXqyp3
14,Youngblood,"5 Seconds of Summer",2939234,https://open.spotify.com/track/2iUXsYOEPhVqEBwsqP70rE
15,Nonstop,Drake,2828060,https://open.spotify.com/track/0TlLq3lA83rQOYtrqBqSct
16,"Te Boté - Remix","Nio Garcia",2598256,https://open.spotify.com/track/3V8UKqhEK5zBkBb6d6ub8i
17,"God's Plan",Drake,2581972,https://open.spotify.com/track/6DCZcSspjsKoFjzjrWoCdn
18,Moonlight,XXXTENTACION,2557231,https://open.spotify.com/track/0JP9xo3adEtGSdUEISiszL
19,"Nice For What",Drake,2458652,https://open.spotify.com/track/3CA9pLiwRIGtUBiMjbZmRw
20,"Ocean (feat. Khalid)","Martin Garrix",2357934,https://open.spotify.com/track/3nc420PXjTdBV5TN0gCFkS
21,"Back To You - From 13 Reasons Why – Season 2 Soundtrack","Selena Gomez",2262643,https://open.spotify.com/track/4hQ6UGyWQIGJmHSo0J88JW
22,"Sin Pijama","Becky G",2248065,https://open.spotify.com/track/2ijef6ni2amuunRoKTlgww
23,"no tears left to cry","Ariana Grande",2219393,https://open.spotify.com/track/5SxkdsY1ufZzoq9iXceLw9
24,Body,"Loud Luxury",2097977,https://open.spotify.com/track/43V1z6QToNNWNldV4FEG6r
25,"Born To Be Yours",Kygo,2073475,https://open.spotify.com/track/0kHyKhJMukHEPfeh8s7rdM
26,"Eastside (with Halsey & Khalid)","benny blanco",2052896,https://open.spotify.com/track/0d2iYfpKoM0QCKvcLCkBao
27,2002,Anne-Marie,1972509,https://open.spotify.com/track/6SFStUDQZNaGPKWOx9ZiJB
28,"Summertime Magic","Childish Gambino",1902403,https://open.spotify.com/track/4j3GWI86JvSaF0BLdmgcfF
29,X,"Nicky Jam",1882022,https://open.spotify.com/track/39N9RPD9MRb5WmoLzNzPeA
30,Nevermind,"Dennis Lloyd",1868927,https://open.spotify.com/track/63SevszngYpZOwf63o61K4
31,changes,XXXTENTACION,1864528,https://open.spotify.com/track/7AFASza1mXqntmGtbxXprO
32,"Jocelyn Flores",XXXTENTACION,1823200,https://open.spotify.com/track/7m9OqQk4RVRkw9JJdeAw96
33,"Psycho (feat. Ty Dolla $ign)","Post Malone",1785106,https://open.spotify.com/track/3swc6WTsr7rl9DqQKQA55C
34,"No Es Justo","J Balvin",1729508,https://open.spotify.com/track/5qFeMRz4TvetPmzjre9Dq7
35,"rockstar (feat. 21 Savage)","Post Malone",1727237,https://open.spotify.com/track/0e7ipj03S05BNilyu5bRzt
36,"I Might Need Security","Chance the Rapper",1724272,https://open.spotify.com/track/3EApebexZ7YqDIqw2EMTDh
37,"X - Remix","Nicky Jam",1686552,https://open.spotify.com/track/6JjPBQfI2Y8nIjnm65X6Pw
38,"I'm Upset",Drake,1678692,https://open.spotify.com/track/3qN5qMTKyEEmiTZD38BNTT
39,"Bed (feat. Ariana Grande)","Nicki Minaj",1663618,https://open.spotify.com/track/1ZEm9cJC05rawV2tptNfTS
40,FRIENDS,Marshmello,1655469,https://open.spotify.com/track/08bNPGLD8AhKpnnERrAc6G
41,"Praise The Lord (Da Shine)","A$AP Rocky",1620412,https://open.spotify.com/track/7ycWLEP1GsNjVvcjawXz3z
42,"La Cintura","Alvaro Soler",1618502,https://open.spotify.com/track/19MBk3PbNFE36wqIqkMq9H
43,Flames,"David Guetta",1590184,https://open.spotify.com/track/33IOhptvC2Qoy2UhjiHXLV
44,"Vaina Loca",Ozuna,1584982,https://open.spotify.com/track/1s2B5cndbqK8rPJEIcKJRQ
45,"In My Mind",Dynoro,1558794,https://open.spotify.com/track/0E9ZjEAyAwOXZ7wJC0PD33
46,"The Middle",Zedd,1524658,https://open.spotify.com/track/09IStsImFySgyp0pIQdqAc
47,"Yes Indeed","Lil Baby",1486309,https://open.spotify.com/track/6vN77lE9LK6HP2DewaN6HZ
48,Natural,"Imagine Dragons",1475866,https://open.spotify.com/track/4zIO3ilp5HvTeK3HJHxhMP
49,"Me Niego",Reik,1459977,https://open.spotify.com/track/6jA8JUuPCGYjFcgw0AoM5T
50,APESHIT,"The Carters",1415545,https://open.spotify.com/track/0E6PsO3ymCfUh7pJQjBgkj
51,"Mob Ties",Drake,1384616,https://open.spotify.com/track/7rC5Pl8rQSX4myONQHYPBK
52,"lovely (with Khalid)","Billie Eilish",1374581,https://open.spotify.com/track/0u2P5u6lvoDfwTYjAADbn4
53,"Shape of You","Ed Sheeran",1362192,https://open.spotify.com/track/7qiZfU4dY1lWllzX7mPBI3
54,Clandestino,Shakira,1324080,https://open.spotify.com/track/7DrluKkTviBwCc8AV3VGmf
55,"1, 2, 3 (feat. Jason Derulo & De La Ghetto)","Sofia Reyes",1323791,https://open.spotify.com/track/4QtiVmuA88tPQiCOHZuQ5b
56,"Look Alive (feat. Drake)","BlocBoy JB",1315579,https://open.spotify.com/track/4qKcDkK6siZ7Jp1Jb4m0aL
57,"you should see me in a crown","Billie Eilish",1292481,https://open.spotify.com/track/6vsV4D8BM6PioRr1UOx0n2
58,IDGAF,"Dua Lipa",1253787,https://open.spotify.com/track/76cy1WJvNGJTj78UqeA5zr
59,"Fuck Love (feat. Trippie Redd)",XXXTENTACION,1233919,https://open.spotify.com/track/7AQim7LbvFVZJE3O8TYgf2
60,"Mi Cama","Karol G",1231076,https://open.spotify.com/track/7sFYVcKSb24qg0dAkqLEFj
61,Medicina,Anitta,1215546,https://open.spotify.com/track/4R5xvs5X0phd0EYWyGigju
62,"Happy Now",Zedd,1201265,https://open.spotify.com/track/4keoy2fqgwGnbWlm3ZVZFa
63,"La Player (Bandolera)","Zion & Lennox",1187187,https://open.spotify.com/track/0VKkyBKCXyR99navhVRqcP
64,Havana,"Camila Cabello",1184491,https://open.spotify.com/track/1rfofaqEpACxVEHIZBJe6W
65,"High Hopes","Panic! At The Disco",1126666,https://open.spotify.com/track/1rqqCSm0Qe4I9rUvWncaom
66,Unica,Ozuna,1108231,https://open.spotify.com/track/6752EZMgXswvRBH3N2PilO
67,"New Rules","Dua Lipa",1102029,https://open.spotify.com/track/2ekn2ttSfGqwhhate0LSR0
68,"Dura - Remix","Daddy Yankee",1097308,https://open.spotify.com/track/6U2NuJILEOEpW2tVCuqKHb
69,"These Days (feat. Jess Glynne, Macklemore & Dan Caplen)",Rudimental,1094138,https://open.spotify.com/track/5CLGzJsGqhCEECcpnFQA8x
70,"Love Lies (with Normani)",Khalid,1066515,https://open.spotify.com/track/45Egmo7icyopuzJN0oMEdk
71,Believer,"Imagine Dragons",1046783,https://open.spotify.com/track/5VKSZDsidOFHrtlJb33Syo
72,"Madura (feat. Bad Bunny)",Cosculluela,1034809,https://open.spotify.com/track/0r9d60ZYPAlFHq8qnUtkXN
73,"Everybody Dies In Their Nightmares",XXXTENTACION,1029993,https://open.spotify.com/track/3GVkPk8mqxz0itaAriG1L7
74,"Love It If We Made It","The 1975",1023478,https://open.spotify.com/track/0ORgAzmFh8N97SseJvmqgC
75,"Playinwitme (feat. Kehlani)",KYLE,1022100,https://open.spotify.com/track/4F1yvJfQ7gJkrcgFJQDjOr
76,"All Girls Are The Same","Juice WRLD",1013639,https://open.spotify.com/track/0XySogm94T51XF5F2jumXm
77,Perfect,"Ed Sheeran",1005344,https://open.spotify.com/track/0tgVpDi06FyKpA1z0VMD4v
78,"If You're Over Me","Years & Years",1004501,https://open.spotify.com/track/1oc3jna2ablnfIKLYbKujl
79,"This Is America","Childish Gambino",1001737,https://open.spotify.com/track/0b9oOr2ZgvyQu88wzixux9
80,"Boo'd Up","Ella Mai",1001633,https://open.spotify.com/track/0At2qAoaVjIwWNAqrscXli
81,Thunder,"Imagine Dragons",999881,https://open.spotify.com/track/7BrsBU0BAytRDvROM4yCbn
82,Mine,Bazzi,999424,https://open.spotify.com/track/7uzmGiiJyRfuViKKK3lVmR
83,"Look At Me!",XXXTENTACION,998115,https://open.spotify.com/track/6eYxmK9fdL4hwLnXG2zY3s
84,"Por Perro","Sebastian Yatra",993038,https://open.spotify.com/track/2alIsNw1mqEShbWyO1HXZZ
85,"65th & Ingleside","Chance the Rapper",983305,https://open.spotify.com/track/5H0NU2sHWUnWCcZyYlX46X
86,Shotgun,"George Ezra",981832,https://open.spotify.com/track/4ofwffwvvnbSkrMSCKQDaC
87,"Meant to Be (feat. Florida Georgia Line)","Bebe Rexha",976083,https://open.spotify.com/track/4e4fqjx0Izh4svvTef1z7e
88,"Ball For Me (feat. Nicki Minaj)","Post Malone",973519,https://open.spotify.com/track/6IaieqiCVvsNvEt6Y7yOFa
89,"Only You (with Little Mix)","Cheat Codes",969357,https://open.spotify.com/track/54l9GJGQ1UCFKe2tzt1Vxt
90,OTW,Khalid,965760,https://open.spotify.com/track/6Hgh47WXVKtXN5zGOu0hjI
91,"Estamos Bien","Bad Bunny",956547,https://open.spotify.com/track/7glCSQqV5o6NU88Cn4zPZn
92,"All Mine","Kanye West",952362,https://open.spotify.com/track/3qnoOm4fwZPBS116f5hpgF
93,"I'm a Mess","Bebe Rexha",936052,https://open.spotify.com/track/04ZTP5KsCypmtCmQg5tH9R
94,"In My Blood","Shawn Mendes",929319,https://open.spotify.com/track/21YnmkSDhUkmkkni22Svc4
95,"Freaky Friday (feat. Chris Brown)","Lil Dicky",922706,https://open.spotify.com/track/10Igtw8bSDyyFs7KIsKngZ
96,Emotionless,Drake,921689,https://open.spotify.com/track/5Psnhdkyanjpgc2P8A5TSM
97,Asesina,Brytiago,918331,https://open.spotify.com/track/6rbhaJsE4uLzpPf8WYSHDK
98,Pablo,Rvssian,918194,https://open.spotify.com/track/0l8vhDaEztxLCQsFOAX64d
99,"the remedy for a broken heart (why am I so in love)",XXXTENTACION,891531,https://open.spotify.com/track/4UKCKdYiLN6IMA5ZESUTL7
100,Connection,OneRepublic,870725,https://open.spotify.com/track/3T4UodGkfZObJ43RtA5KFU
101,"I Fall Apart","Post Malone",868575,https://open.spotify.com/track/75ZvA4QfFiZvzhj2xkaWAh
102,"Plug Walk","Rich The Kid",864464,https://open.spotify.com/track/6mAz8D1TmlTuef90dbNIiZ
103,"Bella - Remix",Wolfine,860659,https://open.spotify.com/track/0SaYeGhSXN0dDWstyNTQ56
104,"XO TOUR Llif3","Lil Uzi Vert",858175,https://open.spotify.com/track/7GX5flRQZVHRAGd6B4TmDO
105,"Wasted (feat. Lil Uzi Vert)","Juice WRLD",857840,https://open.spotify.com/track/3obgSF06ki98lYNLNq5vCB
106,Familiar,"Liam Payne",850995,https://open.spotify.com/track/0Y4hwUppbGc8aIBmiTz30A
107,Calypso,"Luis Fonsi",848078,https://open.spotify.com/track/4178A5NkEjcsGc64jpBO6d
108,"Walk It Talk It",Migos,841788,https://open.spotify.com/track/6n4U3TlzUGhdSFbUUhTvLP
109,Elevate,Drake,839408,https://open.spotify.com/track/3szf2z1Cy1QMrtHrbn8rz9
110,Dura,"Daddy Yankee",834564,https://open.spotify.com/track/6KuqAtoeVzxAYOaMveLNpH
111,"All The Stars (with SZA)","Kendrick Lamar",826590,https://open.spotify.com/track/3GCdLUSnKSMJhs4Tj6CV3s
112,"Audio - with Sia, Diplo & Labrinth",Sia,820789,https://open.spotify.com/track/7boPPE857KEqCIHNwFkDop
113,"Call Out My Name","The Weeknd",815785,https://open.spotify.com/track/1gm616Plq4ScqNi7TVkZ5N
114,"ocean eyes","Billie Eilish",808531,https://open.spotify.com/track/7hDVYcQq6MxkdJGweuCtl9
115,"New Light","John Mayer",806883,https://open.spotify.com/track/40FLJc17FMZaPmCQEEZgB0
116,"El Préstamo",Maluma,806395,https://open.spotify.com/track/2XVilv6s9GETnw9PG4T9Mz
117,"Síguelo Bailando",Ozuna,805891,https://open.spotify.com/track/5Y9fnynLlIvqtM710MHzfz
118,"Hopeless Romantic (feat. Swae Lee)","Wiz Khalifa",805226,https://open.spotify.com/track/7IBSffWIu7P2MC7kMwy2FM
119,"Live It Up - Official Song 2018 FIFA World Cup Russia","Nicky Jam",801511,https://open.spotify.com/track/4DnHUy01jEA4b5ydC3HgsT
120,"Work Out","Chance the Rapper",790022,https://open.spotify.com/track/3PdgIdRXJjgxfOr7slldel
121,Happier,"Ed Sheeran",789058,https://open.spotify.com/track/2RttW7RAu5nOAfq6YFvApB
122,"Can’t Take A Joke",Drake,788821,https://open.spotify.com/track/1dUHF4RyMmMTveJ0Rby6Xm
123,"Te Amo","Piso 21",782181,https://open.spotify.com/track/2RVrdr062uLFxXwIxwdXPH
124,"Wake Me Up - Radio Edit",Avicii,773904,https://open.spotify.com/track/4h8VwCb1MTGoLKueQ1WgbD
125,"Thru These Tears",LANY,771866,https://open.spotify.com/track/4gB61mP4tNChn4LgfquMhi
126,"Too Good At Goodbyes","Sam Smith",770048,https://open.spotify.com/track/1mXVgsBdtIVeCLJnSnmtdV
127,"Remind Me to Forget",Kygo,769694,https://open.spotify.com/track/6xTU6B6nFwKKTSZ9ySXS80
128,"Mad Love","Sean Paul",765921,https://open.spotify.com/track/4dSoDnmR9opAQ8KxUc9SbC
129,Jumpsuit,"Twenty One Pilots",758051,https://open.spotify.com/track/6cQnrSlTxhHCCiUpKrs7g3
130,"DDU-DU DDU-DU - KR Ver.",BLACKPINK,756877,https://open.spotify.com/track/2CWnuF7ht55Ajyeg4WPvWu
131,"Ric Flair Drip (& Metro Boomin)",Offset,754856,https://open.spotify.com/track/7sO5G9EABYOXQKNPNiE9NR
132,"I'll Be There","Jess Glynne",742837,https://open.spotify.com/track/083Qf6hn6sFL6xiOHlZUyn
133,"Échame La Culpa","Luis Fonsi",737323,https://open.spotify.com/track/2hl6q70unbviGo3g1R7uFx
134,"Duro y Suave","Leslie Grace",736213,https://open.spotify.com/track/31M5m42C3EGlbydf9XB5to
135,"I'm Yours","Jason Mraz",733956,https://open.spotify.com/track/3S0OXQeoh0w6AY8WQVckRW
136,JAPAN,"Famous Dex",731130,https://open.spotify.com/track/5PTG6rrL6EPFD9E2QMI2pl
137,Hope,XXXTENTACION,729379,https://open.spotify.com/track/2ZRo7axmMPeSVUvDbGkJah
138,HUMBLE.,"Kendrick Lamar",725300,https://open.spotify.com/track/7KXjTSCq5nL1LoYtL7XAwS
139,Africa,Toto,724657,https://open.spotify.com/track/2374M0fQpWi3dLnB54qaLX
140,"Big Bank feat. 2 Chainz, Big Sean, Nicki Minaj",YG,723196,https://open.spotify.com/track/2RM4jf1Xa9zPgMGRDiht8O
141,Closer,"The Chainsmokers",723060,https://open.spotify.com/track/7BKLCZ1jbUBVqRi2FVlTVw
142,"Fr Fr (feat. Lil Skies)","Wiz Khalifa",714496,https://open.spotify.com/track/1RagpNpkD3KcjXMLGMe99V
143,"Candy Paint","Post Malone",710460,https://open.spotify.com/track/32lItqlMi4LBhb4k0BaSaC
144,"Sour Diesel",ZAYN,707380,https://open.spotify.com/track/4N6KSqFCkI0SMunnlMUJnF
145,"Zooted (feat. French Montana & Farruko)","Becky G",705929,https://open.spotify.com/track/3clw56k8jqFaXnwdejV4Yo
146,Congratulations,"Post Malone",703065,https://open.spotify.com/track/3a1lNhkSLSkpJE4MSHpDu9
147,"Without You (feat. Sandro Cavazza)",Avicii,700854,https://open.spotify.com/track/6Pgkp4qUoTmJIPn7ReaGxL
148,"Something Just Like This","The Chainsmokers",692092,https://open.spotify.com/track/6RUKPb4LETWmmr3iAEQktW
149,Ambiente,"J Balvin",691396,https://open.spotify.com/track/6VrBWh90BiwWmwKtvwWFcq
150,"Feel It Still","Portugal. The Man",683367,https://open.spotify.com/track/6QgjcU0zLnzq5OrUoSZ3OK
151,"One Dance",Drake,682238,https://open.spotify.com/track/1zi7xx7UVEFkmKfv06H8x0
152,"Nico And The Niners","Twenty One Pilots",679340,https://open.spotify.com/track/6ZIuit0z4eQg77F1RGkp0L
153,"Déjala Que Vuelva (feat. Manuel Turizo)","Piso 21",675820,https://open.spotify.com/track/1j6xOGusnyXq3l6IryKF3G
154,"Say You Won't Let Go","James Arthur",670379,https://open.spotify.com/track/5uCax9HTNlzGybIStD3vDh
155,Lie,NF,668166,https://open.spotify.com/track/07FkzikE6FuHIa8Ma7zJGc
156,Unforgettable,"French Montana",664133,https://open.spotify.com/track/3B54sVLJ402zGa6Xm4YGNe
157,"No Me Acuerdo",Thalía,663358,https://open.spotify.com/track/00EPIEnX1JFjff8sC6bccd
158,Wolves,"Selena Gomez",659474,https://open.spotify.com/track/0tBbt8CrmxbjRP0pueQkyU
159,"Like I Do","David Guetta",656013,https://open.spotify.com/track/6RnkFd8Fqqgk1Uni8RgqCQ
160,Enemies,Lauv,655980,https://open.spotify.com/track/3JJYIoJ5FyY9E0DGjr7SXF
161,"I Like Me Better",Lauv,654410,https://open.spotify.com/track/2P91MQbaiQOfbiz9VqhqKQ
162,Dembow,"Danny Ocean",652912,https://open.spotify.com/track/2EzRdhuoPyNJDlep7lnNf2
163,goosebumps,"Travis Scott",650238,https://open.spotify.com/track/6gBFPUFcJLzWGx4lenP6h2
164,"More Than You Know","Axwell /\ Ingrosso",645283,https://open.spotify.com/track/6h5PAsRni4IRlxWr6uDPTP
165,"Perfect Duet (Ed Sheeran & Beyoncé)","Ed Sheeran",641966,https://open.spotify.com/track/1bhUWB0zJMIKr9yVPrkEuI
166,"Wonderwall - Remastered",Oasis,641669,https://open.spotify.com/track/5qqabIl2vWzo9ApSC317sa
167,"What Lovers Do (feat. SZA)","Maroon 5",639291,https://open.spotify.com/track/0GxQ1A5L9xnMOytbP6eKBG
168,"Let Me Live (feat. Anne-Marie & Mr Eazi)",Rudimental,637507,https://open.spotify.com/track/3D1rlKmZdpYUeMtRRLNawc
169,"Drug Addicts","Lil Pump",637307,https://open.spotify.com/track/6tpHfEM8eaETzlPOARYWfZ
170,"Blue Tint",Drake,631286,https://open.spotify.com/track/4n1bdaKwynQndm47x5HqWX
171,"No Quiero Amarte (feat. Zion & Lennox)","Justin Quiles",629600,https://open.spotify.com/track/5bITfqKGaPakO1l99hOMsI
172,"Never Be the Same","Camila Cabello",629395,https://open.spotify.com/track/4eWQlBRaTjPPUlzacqEeoQ
173,"Better Not (feat. Wafia)","Louis The Child",622662,https://open.spotify.com/track/447yWcDPg1ddgcHBLGpJC0
174,"Whatever It Takes","Imagine Dragons",622552,https://open.spotify.com/track/0yt31hMKZMiyIEfiBiLD2N
175,Somebody,"The Chainsmokers",622541,https://open.spotify.com/track/3pWcj8hxj3fsb9TDAcMpEl
176,Silence,Marshmello,622227,https://open.spotify.com/track/7vGuf3Y35N4wmASOKLUVVU
177,"After Dark (feat. Static Major & Ty Dolla $ign)",Drake,617991,https://open.spotify.com/track/3mvYQKm8h6M5K5h0nVPY9S
178,"Young Dumb & Broke",Khalid,615977,https://open.spotify.com/track/5Z3GHaZ6ec9bsiI5BenrbY
179,"Powerglide (feat. Juicy J) - From SR3MM","Rae Sremmurd",610895,https://open.spotify.com/track/1BuZAIO8WZpavWVbbq3Lci
180,"Ao Vivo E A Cores","Matheus & Kauan",610062,https://open.spotify.com/track/2Ab1wPTEqulaCGoBak1gUo
181,Criminal,"Natti Natasha",609654,https://open.spotify.com/track/6Za3190Sbw39BBC77WSS1C
182,"Something Human",Muse,608154,https://open.spotify.com/track/2kPQFWoXuRz6jNsEo48Inm
183,"Mi Gente","J Balvin",607023,https://open.spotify.com/track/7COfe3P7KgfwDwIRB8LIDw
184,Survival,Drake,605554,https://open.spotify.com/track/2yg9UN4eo5eMVJ7OB4RWj3
185,"Summer Games",Drake,601289,https://open.spotify.com/track/4HG1YiGBseVKzjyKcmAJen
186,"Mr. Brightside","The Killers",601146,https://open.spotify.com/track/7oK9VyNzrYvRFo7nQEYkWN
187,Paranoid,"Post Malone",599620,https://open.spotify.com/track/3fpVWegR6YOS1Yk5HSMYIq
188,NUMB,XXXTENTACION,599308,https://open.spotify.com/track/01TnVDiet1DFTsyWKUKovl
189,Solita,Ozuna,598627,https://open.spotify.com/track/7rwX0O3RlxqqIjQM8evm5E
190,"Thinking Out Loud","Ed Sheeran",596137,https://open.spotify.com/track/1Slwb6dOYkBlWal1PGtnNg
191,"Bohemian Rhapsody - Remastered 2011",Queen,596128,https://open.spotify.com/track/7tFiyTwD0nx5a1eklYtX2J
192,"Let You Down",NF,594210,https://open.spotify.com/track/52okn5MNA47tk87PeZJLEL
193,"Toda - Remix","Alex Rose",593328,https://open.spotify.com/track/7nD2JPaxIKUdxd2UWgnaGL
194,"That's What I Like","Bruno Mars",587569,https://open.spotify.com/track/0KKkJNfGyhkQ5aFogxQAPU
195,"Dance To This (feat. Ariana Grande)","Troye Sivan",587296,https://open.spotify.com/track/1NbGcdgwRHZ5rbPIT9hdR3
196,Esskeetit,"Lil Pump",586484,https://open.spotify.com/track/44KKhCyI0BGS6LvVyDqJtH
197,"8 Out Of 10",Drake,585750,https://open.spotify.com/track/0zqy3ss4CwD6u4QPksS0nI
198,Halo,Beyoncé,585329,https://open.spotify.com/track/2CvOqDpQIMw69cCzWqr5yr
199,"Leave a Light On","Tom Walker",583903,https://open.spotify.com/track/6lOWoTqVnAWXchddtTH31W
200,"Despacito - Remix","Luis Fonsi",580355,https://open.spotify.com/track/6rPO02ozF3bM7NnOV4h6s2
