,,,"Note that these figures are generated using a formula that protects against any artificial inflation of chart positions.",
Position,"Track Name",Artist,Streams,URL
1,"God's Plan",Drake,7827544,https://open.spotify.com/track/2XW4DbS6NddZxRPm5rMCeY
2,"All The Stars (with SZA)","Kendrick Lamar",4480011,https://open.spotify.com/track/2Imq77E6CEJR5TPUxlJvTY
3,Mine,Bazzi,3386565,https://open.spotify.com/track/6tHWl8ows5JOZq9Yfaqn3M
4,"Pray For Me (with Kendrick Lamar)","The Weeknd",3313035,https://open.spotify.com/track/4ofvoCdXq99vpMZO4Cfp8x
5,IDGAF,"Dua Lipa",3240043,https://open.spotify.com/track/76cy1WJvNGJTj78UqeA5zr
6,rockstar,"Post Malone",2983697,https://open.spotify.com/track/2U7Hu2RaNQNRi7izoJyZaX
7,"Look Alive (feat. Drake)","BlocBoy JB",2930491,https://open.spotify.com/track/4qKcDkK6siZ7Jp1Jb4m0aL
8,FRIENDS,Marshmello,2762342,https://open.spotify.com/track/08bNPGLD8AhKpnnERrAc6G
9,Havana,"Camila Cabello",2734892,https://open.spotify.com/track/1rfofaqEpACxVEHIZBJe6W
10,"The Middle",Zedd,2719663,https://open.spotify.com/track/09IStsImFySgyp0pIQdqAc
11,"These Days (feat. Jess Glynne, Macklemore & Dan Caplen)",Rudimental,2615603,https://open.spotify.com/track/5CLGzJsGqhCEECcpnFQA8x
12,"River (feat. Ed Sheeran)",Eminem,2506455,https://open.spotify.com/track/5UEnHoDYpsxlfzWLZIc7LD
13,Dura,"Daddy Yankee",2495549,https://open.spotify.com/track/2j2fIJGh4PMdXt9ULI5Tlc
14,Amorfoda,"Bad Bunny",2460868,https://open.spotify.com/track/3ITvHA9zhZZdBJsOsAUegF
15,"Finesse (Remix) [feat. Cardi B]","Bruno Mars",2329991,https://open.spotify.com/track/3Vo4wInECJQuz9BIBMOu8i
16,"Never Be the Same","Camila Cabello",2264413,https://open.spotify.com/track/4eWQlBRaTjPPUlzacqEeoQ
17,"Love Lies (with Normani)",Khalid,2264252,https://open.spotify.com/track/45Egmo7icyopuzJN0oMEdk
18,"Sick Boy","The Chainsmokers",2196365,https://open.spotify.com/track/2IKZkwHI5zsZf70STuhvOX
19,"Échame La Culpa","Luis Fonsi",2127632,https://open.spotify.com/track/1zsG4eaZmkA1dvjDDsAGLK
20,"Stir Fry",Migos,2126611,https://open.spotify.com/track/2UVbBKQOdFAekPTRsnkzcf
21,"Meant to Be (feat. Florida Georgia Line)","Bebe Rexha",2058849,https://open.spotify.com/track/7iDa6hUg2VgEL1o1HjmfBn
22,Wolves,"Selena Gomez",2030661,https://open.spotify.com/track/7EmGUiUaOSGDnUUQUDrOXC
23,"New Rules","Dua Lipa",2020320,https://open.spotify.com/track/2ekn2ttSfGqwhhate0LSR0
24,Perfect,"Ed Sheeran",1985344,https://open.spotify.com/track/0tgVpDi06FyKpA1z0VMD4v
25,"For You (Fifty Shades Freed) (& Rita Ora)","Liam Payne",1959071,https://open.spotify.com/track/5hM6sP0Gh1jD57drszNueC
26,"Him & I (with Halsey)",G-Eazy,1945321,https://open.spotify.com/track/5k38wzpLb15YgncyWdTZE4
27,"I Fall Apart","Post Malone",1932992,https://open.spotify.com/track/75ZvA4QfFiZvzhj2xkaWAh
28,"King's Dead (with Kendrick Lamar, Future & James Blake)","Jay Rock",1873046,https://open.spotify.com/track/51rXHuKN8Loc4sUlKPODgH
29,"Let You Down",NF,1806046,https://open.spotify.com/track/6mrKP2jyIQmM0rw6fQryjr
30,"Let Me Go (with Alesso, Florida Georgia Line & watt)","Hailee Steinfeld",1798502,https://open.spotify.com/track/5AEtlRudpgdT5FtNiuly6Y
31,"Capital Letters","Hailee Steinfeld",1724610,https://open.spotify.com/track/3towKHKVOXCCcL1fHv6xFO
32,"Shape of You","Ed Sheeran",1705390,https://open.spotify.com/track/7qiZfU4dY1lWllzX7mPBI3
33,Bella,Wolfine,1685873,https://open.spotify.com/track/4R55IUi2x7S5ek2SpebOiE
34,"I Miss You (feat. Julia Michaels)","Clean Bandit",1681919,https://open.spotify.com/track/2xmrfQpmS2iJExTlklLoAL
35,"Say Something","Justin Timberlake",1609154,https://open.spotify.com/track/1LhMopPAallLeaeNutqbgS
36,Corazón,Maluma,1561125,https://open.spotify.com/track/4lESS6vuruP6a79KWRaQou
37,"Déjala Que Vuelva (feat. Manuel Turizo)","Piso 21",1527556,https://open.spotify.com/track/33bnxcjePIkcmNjEFTJX0l
38,Downtown,Anitta,1520400,https://open.spotify.com/track/3Ga6eKrUFf12ouh9Yw3v2D
39,"The Ways (with Swae Lee)",Khalid,1466066,https://open.spotify.com/track/5jyyPsIGM2yqkZN9R3TmvN
40,"Rewrite The Stars","Zac Efron",1457983,https://open.spotify.com/track/630sXRhIcfwr2e4RdNtjKN
41,Silence,Marshmello,1456686,https://open.spotify.com/track/7vGuf3Y35N4wmASOKLUVVU
42,"X (with 2 Chainz & Saudi)","ScHoolboy Q",1434983,https://open.spotify.com/track/4LmAnpjlhWTahvRkYR8xJa
43,Criminal,"Natti Natasha",1433351,https://open.spotify.com/track/6Za3190Sbw39BBC77WSS1C
44,"This Is Me","Keala Settle",1414722,https://open.spotify.com/track/2xGjteMU3E1tkEPVFBO08U
45,"What Lovers Do (feat. SZA)","Maroon 5",1409227,https://open.spotify.com/track/3hBBKuWJfxlIlnd9QFoC8k
46,"Feel It Still","Portugal. The Man",1398488,https://open.spotify.com/track/6QgjcU0zLnzq5OrUoSZ3OK
47,"Too Good At Goodbyes","Sam Smith",1391214,https://open.spotify.com/track/1mXVgsBdtIVeCLJnSnmtdV
48,Thunder,"Imagine Dragons",1359261,https://open.spotify.com/track/0tKcYR2II1VCQWT79i5NrW
49,Sensualidad,"Bad Bunny",1303208,https://open.spotify.com/track/5hcisvFMidkMJlElTO9Qmw
50,"XO TOUR Llif3","Lil Uzi Vert",1297830,https://open.spotify.com/track/7GX5flRQZVHRAGd6B4TmDO
51,Heaven,"Julia Michaels",1279601,https://open.spotify.com/track/4QfNOZN7vrQCQKK1ZJ3XPb
52,Narcos,Migos,1211975,https://open.spotify.com/track/0wbnC9AUenxp613TYaJsGK
53,"Ric Flair Drip (& Metro Boomin)",Offset,1210423,https://open.spotify.com/track/7sO5G9EABYOXQKNPNiE9NR
54,"Tip Toe (feat. French Montana)","Jason Derulo",1185744,https://open.spotify.com/track/2z4pcBLQXF2BXKFvd0BuB6
55,"So Far Away (feat. Jamie Scott & Romy Dya)","Martin Garrix",1159206,https://open.spotify.com/track/0OlnLZY4cmQzT6ZGttvWBM
56,HUMBLE.,"Kendrick Lamar",1158416,https://open.spotify.com/track/7KXjTSCq5nL1LoYtL7XAwS
57,"EL BAÑO","Enrique Iglesias",1158234,https://open.spotify.com/track/2vvdTrdryjsl8DmPIMDWZU
58,"LOVE. FEAT. ZACARI.","Kendrick Lamar",1144256,https://open.spotify.com/track/6PGoSes0D9eUDeeAafB2As
59,Congratulations,"Post Malone",1131139,https://open.spotify.com/track/3a1lNhkSLSkpJE4MSHpDu9
60,"Dusk Till Dawn - Radio Edit",ZAYN,1126478,https://open.spotify.com/track/1j4kHkkpqZRBwE0A4CN4Yv
61,"Perfect Duet (Ed Sheeran & Beyoncé)","Ed Sheeran",1123002,https://open.spotify.com/track/1bhUWB0zJMIKr9yVPrkEuI
62,"Young Dumb & Broke",Khalid,1111473,https://open.spotify.com/track/5Z3GHaZ6ec9bsiI5BenrbY
63,Anywhere,"Rita Ora",1100116,https://open.spotify.com/track/7EI6Iki24tBHAMxtb4xQN2
64,Betrayed,"Lil Xan",1084094,https://open.spotify.com/track/6NWl2m8asvH83xjuXVNsuG
65,"No Limit",G-Eazy,1082541,https://open.spotify.com/track/2DQ1ITjI0YoLFzuADN1ZBW
66,"Bartier Cardi (feat. 21 Savage)","Cardi B",1029324,https://open.spotify.com/track/75FDPwaULRdYDn4StFN2rT
67,"How Long","Charlie Puth",1020016,https://open.spotify.com/track/32DGGj6KlNuBr6WaqRxpxi
68,"Síguelo Bailando",Ozuna,1016681,https://open.spotify.com/track/5Y9fnynLlIvqtM710MHzfz
69,Machika,"J Balvin",1015121,https://open.spotify.com/track/6MNGxu8MprKGkchUchkJsy
70,"You Owe Me","The Chainsmokers",992347,https://open.spotify.com/track/1USJRpWDFhxwhCajPXBeel
71,"Big Shot (with Travis Scott)","Kendrick Lamar",983818,https://open.spotify.com/track/5cXg9IQS34FzLVdHhp7hu7
72,"Candy Paint","Post Malone",977330,https://open.spotify.com/track/42CeaId2XNlxugDvyqHfDf
73,Solita,Ozuna,974835,https://open.spotify.com/track/7rwX0O3RlxqqIjQM8evm5E
74,Believer,"Imagine Dragons",973482,https://open.spotify.com/track/0CcQNd8CINkwQfe1RDtGV6
75,"Sky Walker",Miguel,973086,https://open.spotify.com/track/5WoaF1B5XIEnWfmb5NZikf
76,Unforgettable,"French Montana",965887,https://open.spotify.com/track/3B54sVLJ402zGa6Xm4YGNe
77,Dembow,"Danny Ocean",961676,https://open.spotify.com/track/2EzRdhuoPyNJDlep7lnNf2
78,"Bum Bum Tam Tam","MC Fioti",950693,https://open.spotify.com/track/4zWO4gvuFtw6EJZC5FFGlr
79,"She Loves Control","Camila Cabello",940518,https://open.spotify.com/track/5HwnezK198pJCEj1l2Adjy
80,"Me Rehúso","Danny Ocean",940493,https://open.spotify.com/track/6De0lHrwBfPfrhorm9q1Xl
81,Paramedic!,"SOB X RBE",934372,https://open.spotify.com/track/2tPcTFiQF9MbVUyjZ3zDhA
82,"Se Preparó",Ozuna,919673,https://open.spotify.com/track/1m69ELEgE6k5ZWsap40ozt
83,"Bank Account","21 Savage",919328,https://open.spotify.com/track/2fQrGHiQOvpL9UgPvtYy6G
84,"I Like Me Better",Lauv,916654,https://open.spotify.com/track/1wjzFQodRWrPcQ0AnYnvQ9
85,"All Falls Down","Alan Walker",909690,https://open.spotify.com/track/5yFSF6qQA1rcLsQRnBsZgb
86,"Me Niego",Reik,903804,https://open.spotify.com/track/6jA8JUuPCGYjFcgw0AoM5T
87,"PICK IT UP (feat. A$AP Rocky)","Famous Dex",900263,https://open.spotify.com/track/3ncgNpxLoBQ65ABk4djDyd
88,"Say You Won't Let Go","James Arthur",898332,https://open.spotify.com/track/5uCax9HTNlzGybIStD3vDh
89,"Gucci Gang","Lil Pump",896462,https://open.spotify.com/track/43ZyHQITOjhciSUUNPVRHc
90,MotorSport,Migos,892624,https://open.spotify.com/track/4wFjTWCunQFKtukqrNijEt
91,Attention,"Charlie Puth",890514,https://open.spotify.com/track/4iLqG9SeJSnt0cSPICSjxv
92,"Mi Gente","J Balvin",886086,https://open.spotify.com/track/2rb5MvYT7ZIxbKW5hfcHx8
93,"Nowadays (feat. Landon Cube)","Lil Skies",884249,https://open.spotify.com/track/2u7mxWSeoqTXndK5e08jMp
94,1-800-273-8255,Logic,876596,https://open.spotify.com/track/5tz69p7tJuGPeMGwNTxYuV
95,"Something Just Like This","The Chainsmokers",869603,https://open.spotify.com/track/6RUKPb4LETWmmr3iAEQktW
96,"Plain Jane","A$AP Ferg",869167,https://open.spotify.com/track/4dVpf9jZjcORqGTLUaeYj9
97,Naked,"James Arthur",861782,https://open.spotify.com/track/7krbSH3rd8lhIZvuzTV3Bl
98,"Sorry Not Sorry","Demi Lovato",856755,https://open.spotify.com/track/3m660poUr1chesgkkjQM7P
99,Location,Khalid,830557,https://open.spotify.com/track/152lZdxL1OR0ZMW6KquMif
100,"Jocelyn Flores",XXXTENTACION,829768,https://open.spotify.com/track/7m9OqQk4RVRkw9JJdeAw96
101,Stargazing,Kygo,827024,https://open.spotify.com/track/0Zbbxnx4SGGHoIow4PpISP
102,"Quiero Repetir",Ozuna,822757,https://open.spotify.com/track/0MIcPSq9n2z5H8TAfEstri
103,Mayores,"Becky G",816748,https://open.spotify.com/track/7JNh1cfm0eXjqFVOzKLyau
104,"Lonely Together (feat. Rita Ora)",Avicii,816481,https://open.spotify.com/track/2OALaHcDdKkjYEpAr0Qzab
105,"More Than You Know","Axwell /\ Ingrosso",811515,https://open.spotify.com/track/71bBFbfn2OBK5QwUJSLS44
106,"Walk It Talk It",Migos,802337,https://open.spotify.com/track/6n4U3TlzUGhdSFbUUhTvLP
107,Breathe,"Jax Jones",797802,https://open.spotify.com/track/6tvQzeCPwOytDlBYCIOY0n
108,"New Freezer (feat. Kendrick Lamar)","Rich The Kid",790591,https://open.spotify.com/track/4pYZLpX23Vx8rwDpJCpPTA
109,"Miss You (with Major Lazer & Tory Lanez)","Cashmere Cat",782332,https://open.spotify.com/track/0as7lPxkBPctZ7uVmchRNM
110,Esperándote,"Manuel Turizo",777424,https://open.spotify.com/track/1nfyE13arjOuO54HH0zmqj
111,"Bodak Yellow","Cardi B",775515,https://open.spotify.com/track/2771LMNxwf62FTAdpJMQfM
112,"Tell Me You Love Me","Demi Lovato",769222,https://open.spotify.com/track/5Htb1uFQ1KrkFXlefS8oGj
113,goosebumps,"Travis Scott",766703,https://open.spotify.com/track/6gBFPUFcJLzWGx4lenP6h2
114,"Déjate Llevar","Juan Magán",750105,https://open.spotify.com/track/3xWEI23MLJrD0dpDcDUTW6
115,"Symphony (feat. Zara Larsson)","Clean Bandit",747716,https://open.spotify.com/track/1x5sYLZiu9r5E43kMlt9f8
116,"Báilame - Remix",Nacho,735825,https://open.spotify.com/track/3VClLWqNn80Llv0PJOsKgr
117,"Opps (with Yugen Blakrok)","Vince Staples",730636,https://open.spotify.com/track/7bUcBztfGqO7cSI2gMZeCI
118,"One Dance",Drake,728383,https://open.spotify.com/track/1xznGGDReH1oQq0xzbwXa3
119,"Black Panther","Kendrick Lamar",725879,https://open.spotify.com/track/5qN4HFkapdAOV94XPryVof
120,"My My My!","Troye Sivan",723065,https://open.spotify.com/track/2Tq2R8sRftNEqdgJK5HadO
121,SUTRA,"Sebastian Yatra",722434,https://open.spotify.com/track/5TmZYdHW6HJ9gt7Aokuql5
122,"Whatever It Takes","Imagine Dragons",718845,https://open.spotify.com/track/4IWAyPf1KMq7JCyGeCjTeH
123,"The Greatest Show","Hugh Jackman",716684,https://open.spotify.com/track/43ay9lQZ5rfNcOOHhRF2cM
124,"Strip That Down","Liam Payne",715143,https://open.spotify.com/track/6EpRaXYhGOB3fj4V2uDkMJ
125,Photograph,"Ed Sheeran",711573,https://open.spotify.com/track/6fxVffaTuwjgEk5h9QyRjy
126,"Thinking Out Loud","Ed Sheeran",710582,https://open.spotify.com/track/1Slwb6dOYkBlWal1PGtnNg
127,"BUTTERFLY EFFECT","Travis Scott",703718,https://open.spotify.com/track/1yxgsra98r3qAtxqiGZPiX
128,"Que Va","Alex Sensation",702970,https://open.spotify.com/track/7ofxPmTNMj2GP07g1VZa0O
129,Vuelve,"Daddy Yankee",697953,https://open.spotify.com/track/0lJCqIx5BhZtf6QtYI2fbv
130,"Codeine Dreaming (feat. Lil Wayne)","Kodak Black",694017,https://open.spotify.com/track/4DTpngLjoHj5gFxEZFeD3J
131,"Suena El Dembow","Joey Montana",693432,https://open.spotify.com/track/5TysCiZtv1HnSWcTcUFusI
132,Closer,"The Chainsmokers",691584,https://open.spotify.com/track/7BKLCZ1jbUBVqRi2FVlTVw
133,"There's Nothing Holdin' Me Back","Shawn Mendes",690721,https://open.spotify.com/track/79cuOz3SPQTuFrp8WgftAu
134,"That's What I Like","Bruno Mars",686753,https://open.spotify.com/track/0KKkJNfGyhkQ5aFogxQAPU
135,"Bounce Out With That","YBN Nahmir",679027,https://open.spotify.com/track/5lZsh9Qf7CbHI9Fcc7Zcsq
136,"Robarte un Beso","Carlos Vives",674186,https://open.spotify.com/track/0JcNysfWVWaMS7R6vzGB2k
137,"Despacito - Remix","Luis Fonsi",672663,https://open.spotify.com/track/5CtI0qwDJkDQGwXD1H1cLb
138,"I Don’t Wanna Live Forever (Fifty Shades Darker) - From ""Fifty Shades Darker (Original Motion Picture Soundtrack)""",ZAYN,668156,https://open.spotify.com/track/3NdDpSvN911VPGivFlV5d0
139,"Go Flex","Post Malone",660653,https://open.spotify.com/track/5yuShbu70mtHXY0yLzCQLQ
140,"Escápate Conmigo (feat. Ozuna)",Wisin,658085,https://open.spotify.com/track/1KSqYYJFyfTecXFk9M0prc
141,Issues,"Julia Michaels",657598,https://open.spotify.com/track/7vu0JkJh0ldukEYbTVcqd0
142,"A Million Dreams","Ziv Zaifman",654768,https://open.spotify.com/track/0RoA7ObU6phWpqhlC9zH4Z
143,"1, 2, 3 (feat. Jason Derulo & De La Ghetto)","Sofia Reyes",653855,https://open.spotify.com/track/4QtiVmuA88tPQiCOHZuQ5b
144,"Bella y Sensual","Romeo Santos",653809,https://open.spotify.com/track/0ERbK7qVqveCaBWIiYCrl3
145,Passionfruit,Drake,649487,https://open.spotify.com/track/5mCPDVBb16L4XQwDdbRUpz
146,"Never Enough","Loren Allred",644839,https://open.spotify.com/track/0Gl5s8IhMmQE5YQwM8Qx1J
147,"I Am","Jorja Smith",643889,https://open.spotify.com/track/0DJBgBiYeSn6n1AXAkFVE8
148,"Felices los 4",Maluma,637970,https://open.spotify.com/track/0qYTZCo5Bwh1nsUFGZP3zn
149,"I Get The Bag (feat. Migos)","Gucci Mane",634523,https://open.spotify.com/track/1XRgIKC5TPwo7nWGyKqgG0
150,"Fuck Love (feat. Trippie Redd)",XXXTENTACION,632677,https://open.spotify.com/track/7AQim7LbvFVZJE3O8TYgf2
151,Mama,"Jonas Blue",628711,https://open.spotify.com/track/0NiXXAI876aGImAd6rTj8w
152,"The Weekend - Funk Wav Remix",SZA,627422,https://open.spotify.com/track/0P6AWOA4LG1XOctzaVu5tt
153,DNA.,"Kendrick Lamar",625046,https://open.spotify.com/track/6HZILIRieu8S0iqY8kIKhj
154,"Lose Yourself - From ""8 Mile"" Soundtrack",Eminem,620691,https://open.spotify.com/track/7w9bgPAmPTtrkt2v16QWvQ
155,"I'm the One (feat. Justin Bieber, Quavo, Chance the Rapper & Lil Wayne)","DJ Khaled",618830,https://open.spotify.com/track/3DXncPQOG4VBw3QHh3S817
156,"Wanted You (feat. Lil Uzi Vert)",NAV,616850,https://open.spotify.com/track/790MhTXPFrYkrqCKvpg4t1
157,"Perro Fiel (feat. Nicky Jam)",Shakira,616224,https://open.spotify.com/track/70lnL3QaSOIIyMa2X9aVRL
158,"Galway Girl","Ed Sheeran",613332,https://open.spotify.com/track/0afhq8XCExXpqazXczTSve
159,"Havana - Remix","Camila Cabello",613039,https://open.spotify.com/track/3whrwq4DtvucphBPUogRuJ
160,"Friends (with BloodPop®)","Justin Bieber",611901,https://open.spotify.com/track/7nZmah2llfvLDiUjm0kiyz
161,"Wild Thoughts (feat. Rihanna & Bryson Tiller)","DJ Khaled",610347,https://open.spotify.com/track/1OAh8uOEOvTDqkKFsKksCi
162,Dreamer,"Axwell /\ Ingrosso",604415,https://open.spotify.com/track/7hvxMYq9JW5W0vFwiu1Zdr
163,"Roll In Peace (feat. XXXTENTACION)","Kodak Black",602198,https://open.spotify.com/track/40oKW22ZNNkEdZLJTScaQI
164,"Notice Me",Migos,602189,https://open.spotify.com/track/3OnOomd79OjqSYHchCQ6ht
165,Redbone,"Childish Gambino",601997,https://open.spotify.com/track/3kxfsdsCpFgN412fpnW85Y
166,Starboy,"The Weeknd",595549,https://open.spotify.com/track/5aAx2yezTd8zXrkmtKl66Z
167,Wait,"Maroon 5",595343,https://open.spotify.com/track/1Qg9jWGDkKAGZXj5v2OG59
168,Feels,"Calvin Harris",591659,https://open.spotify.com/track/5bcTCxgc7xVfSaMV3RuVke
169,"What About Us",P!nk,589804,https://open.spotify.com/track/0Qh38w01QRXK6KHIv0e3hb
170,"End Game","Taylor Swift",587707,https://open.spotify.com/track/2x0WlnmfG39ZuDmstl9xfX
171,"Mask Off",Future,587641,https://open.spotify.com/track/0VgkVdmE4gld66l8iyGjgx
172,"Glorious (feat. Skylar Grey)",Macklemore,584041,https://open.spotify.com/track/0CokSRCu5hZgPxcZBaEzVE
173,"Wonderwall - Remastered",Oasis,582509,https://open.spotify.com/track/5qqabIl2vWzo9ApSC317sa
174,"El Farsante - Remix",Ozuna,578574,https://open.spotify.com/track/7uYgVgRSgqluZclLS7wpp4
175,"'Till I Collapse",Eminem,577251,https://open.spotify.com/track/6yr8GiTHWvFfi4o6Q5ebdT
176,"The Other Side","Hugh Jackman",576447,https://open.spotify.com/track/2cKovq3l6OJjhVVDbVKOsr
177,"White Iverson","Post Malone",574461,https://open.spotify.com/track/6eT7xZZlB2mwyzJ2sUKG6w
178,"It Ain't Me (with Selena Gomez)",Kygo,574153,https://open.spotify.com/track/3eR23VReFzcdmS7TYCrhCe
179,Stay,Zedd,570049,https://open.spotify.com/track/0I20rLT2MJDhcF96AjbNYo
180,Barking,Ramz,566175,https://open.spotify.com/track/7amMgNDcObIDkIXv4xcvc2
181,"Home (with Machine Gun Kelly, X Ambassadors & Bebe Rexha)","Machine Gun Kelly",562337,https://open.spotify.com/track/0OI7AFifLSoGzpb8bdBLLV
182,"Leave a Light On","Tom Walker",561624,https://open.spotify.com/track/6lOWoTqVnAWXchddtTH31W
183,"Swalla (feat. Nicki Minaj & Ty Dolla $ign)","Jason Derulo",560181,https://open.spotify.com/track/6kex4EBAj0WHXDKZMEJaaF
184,"Vai malandra (feat. Tropkillaz & DJ Yuri Martins)",Anitta,554881,https://open.spotify.com/track/6u0EAxf1OJTLS7CvInuNd7
185,"Real Friends","Camila Cabello",552212,https://open.spotify.com/track/3iq9nhbI8fcnNamxMft1uv
186,"Scared to Be Lonely","Martin Garrix",548836,https://open.spotify.com/track/3ebXMykcMXOcLeJ9xZ17XH
187,"All of Me","John Legend",542168,https://open.spotify.com/track/3uhBIQ7tv8j1FME8cFGEfG
188,"Back to You (feat. Bebe Rexha & Digital Farm Animals)","Louis Tomlinson",541957,https://open.spotify.com/track/7F9vK8hNFMml4GtHsaXui6
189,"Red Roses (feat. Landon Cube)","Lil Skies",539606,https://open.spotify.com/track/3ZhTT6yjZwpPph5MIJ53XY
190,Cocky,"A$AP Rocky",538900,https://open.spotify.com/track/1nO2NjuFkGaAWcMdJ1pNrp
191,"Despacito (Featuring Daddy Yankee)","Luis Fonsi",538788,https://open.spotify.com/track/4aWmUDTfIPGksMNLV2rQP2
192,KEKE,6ix9ine,538390,https://open.spotify.com/track/0zl3PdjIl320fK0pxBGWNR
193,"Una Lady Como Tú","Manuel Turizo",537114,https://open.spotify.com/track/7MHN1aCFtLXjownGhvEQlF
194,"Without You (feat. Sandro Cavazza)",Avicii,535533,https://open.spotify.com/track/6WbADFqMvR8N5u0BvtsWQE
195,"Redemption (with Babes Wodumo)",Zacari,535059,https://open.spotify.com/track/76iVOVsliCHlWqKuDnCfhE
196,"Mr. Brightside","The Killers",531519,https://open.spotify.com/track/7oK9VyNzrYvRFo7nQEYkWN
197,"Do Right",Glades,525779,https://open.spotify.com/track/45w70aQhNwke1yrQZO0ffm
198,Happier,"Ed Sheeran",524785,https://open.spotify.com/track/2RttW7RAu5nOAfq6YFvApB
199,"Bad At Love",Halsey,521712,https://open.spotify.com/track/7y9iMe8SOB6z3NoHE2OfXl
200,"Pretty Girl - Cheat Codes X CADE Remix","Maggie Lindemann",521314,https://open.spotify.com/track/1NDxZ7cFAo481dtYWdrUnR
