,,,"Note that these figures are generated using a formula that protects against any artificial inflation of chart positions.",
Position,"Track Name",Artist,Streams,URL
1,"Call Out My Name","The Weeknd",5504314,https://open.spotify.com/track/1gm616Plq4ScqNi7TVkZ5N
2,"God's Plan",Drake,5487334,https://open.spotify.com/track/2XW4DbS6NddZxRPm5rMCeY
3,"Psycho (feat. Ty Dolla $ign)","Post Malone",4057984,https://open.spotify.com/track/65NwOZqoXny4JxqAPlfxRF
4,FRIENDS,Marshmello,3598846,https://open.spotify.com/track/08bNPGLD8AhKpnnERrAc6G
5,X,"Nicky Jam",3475875,https://open.spotify.com/track/39N9RPD9MRb5WmoLzNzPeA
6,SAD!,XXXTENTACION,3122511,https://open.spotify.com/track/3ee8Jmje8o58CHK66QrVC2
7,IDGAF,"Dua Lipa",3044119,https://open.spotify.com/track/76cy1WJvNGJTj78UqeA5zr
8,"The Middle",Zedd,3002502,https://open.spotify.com/track/2ARqIya5NAuvFVHSN3bL0m
9,"Freaky Friday (feat. Chris Brown)","Lil Dicky",2936846,https://open.spotify.com/track/10Igtw8bSDyyFs7KIsKngZ
10,"Love Lies (with Normani)",Khalid,2907389,https://open.spotify.com/track/45Egmo7icyopuzJN0oMEdk
11,"Try Me","The Weeknd",2898622,https://open.spotify.com/track/2poOAWEj1CStqTVPgIHZ8s
12,"Look Alive (feat. Drake)","BlocBoy JB",2797159,https://open.spotify.com/track/4qKcDkK6siZ7Jp1Jb4m0aL
13,"All The Stars (with SZA)","Kendrick Lamar",2652767,https://open.spotify.com/track/3GCdLUSnKSMJhs4Tj6CV3s
14,"These Days (feat. Jess Glynne, Macklemore & Dan Caplen)",Rudimental,2588646,https://open.spotify.com/track/5CLGzJsGqhCEECcpnFQA8x
15,Mine,Bazzi,2567639,https://open.spotify.com/track/6tHWl8ows5JOZq9Yfaqn3M
16,"Wasted Times","The Weeknd",2418105,https://open.spotify.com/track/72TyiiduRmczEbDIEtKQdR
17,"In My Blood","Shawn Mendes",2389838,https://open.spotify.com/track/79jX8RM5CgPqDKdGEKNW9K
18,rockstar,"Post Malone",2183661,https://open.spotify.com/track/2U7Hu2RaNQNRi7izoJyZaX
19,"Plug Walk","Rich The Kid",2073011,https://open.spotify.com/track/6mAz8D1TmlTuef90dbNIiZ
20,"Meant to Be (feat. Florida Georgia Line)","Bebe Rexha",2061762,https://open.spotify.com/track/7iDa6hUg2VgEL1o1HjmfBn
21,Havana,"Camila Cabello",2025519,https://open.spotify.com/track/1rfofaqEpACxVEHIZBJe6W
22,Dura,"Daddy Yankee",2024493,https://open.spotify.com/track/2j2fIJGh4PMdXt9ULI5Tlc
23,"Hurt You","The Weeknd",1999222,https://open.spotify.com/track/13wNEvWmBsWaWVtiLPRIW5
24,Delicate,"Taylor Swift",1984248,https://open.spotify.com/track/6NFyWDv5CjfwuzoCkw47Xf
25,"I Was Never There","The Weeknd",1935486,https://open.spotify.com/track/56d6kYZhfhzpoC3s1dRU2V
26,"Me Niego",Reik,1830611,https://open.spotify.com/track/6jA8JUuPCGYjFcgw0AoM5T
27,"Never Be the Same","Camila Cabello",1780379,https://open.spotify.com/track/4eWQlBRaTjPPUlzacqEeoQ
28,"Like I Do","David Guetta",1737659,https://open.spotify.com/track/6RnkFd8Fqqgk1Uni8RgqCQ
29,"Pray For Me (with Kendrick Lamar)","The Weeknd",1736175,https://open.spotify.com/track/4ofvoCdXq99vpMZO4Cfp8x
30,"Walk It Talk It",Migos,1731728,https://open.spotify.com/track/6n4U3TlzUGhdSFbUUhTvLP
31,Privilege,"The Weeknd",1648603,https://open.spotify.com/track/26Fqtv4Aa7kyd1WWGHai6A
32,Moonlight,XXXTENTACION,1622310,https://open.spotify.com/track/0JP9xo3adEtGSdUEISiszL
33,"New Rules","Dua Lipa",1595369,https://open.spotify.com/track/2ekn2ttSfGqwhhate0LSR0
34,Nevermind,"Dennis Lloyd",1550036,https://open.spotify.com/track/63SevszngYpZOwf63o61K4
35,Bella,Wolfine,1518679,https://open.spotify.com/track/3xcCix7Jv1Rp90YVmgo35D
36,"Échame La Culpa","Luis Fonsi",1507503,https://open.spotify.com/track/1zsG4eaZmkA1dvjDDsAGLK
37,"Say Something","Justin Timberlake",1498272,https://open.spotify.com/track/1LhMopPAallLeaeNutqbgS
38,"Ric Flair Drip (& Metro Boomin)",Offset,1478665,https://open.spotify.com/track/7sO5G9EABYOXQKNPNiE9NR
39,"Shape of You","Ed Sheeran",1437879,https://open.spotify.com/track/7qiZfU4dY1lWllzX7mPBI3
40,Perfect,"Ed Sheeran",1428603,https://open.spotify.com/track/0tgVpDi06FyKpA1z0VMD4v
41,Everyday,Logic,1424367,https://open.spotify.com/track/4EAV2cKiqKP5UPZmY6dejk
42,Wolves,"Selena Gomez",1416766,https://open.spotify.com/track/7EmGUiUaOSGDnUUQUDrOXC
43,"Remind Me to Forget",Kygo,1410558,https://open.spotify.com/track/6xTU6B6nFwKKTSZ9ySXS80
44,Amorfoda,"Bad Bunny",1408048,https://open.spotify.com/track/3ITvHA9zhZZdBJsOsAUegF
45,"Mad Love","Sean Paul",1404009,https://open.spotify.com/track/3soOPBuMK8YMdWnV7xpEyf
46,"Déjala Que Vuelva (feat. Manuel Turizo)","Piso 21",1399526,https://open.spotify.com/track/33bnxcjePIkcmNjEFTJX0l
47,"I Fall Apart","Post Malone",1368352,https://open.spotify.com/track/75ZvA4QfFiZvzhj2xkaWAh
48,"Lost In Japan","Shawn Mendes",1366468,https://open.spotify.com/track/7wvYmO5QscgIDDT0eNwbYX
49,"River (feat. Ed Sheeran)",Eminem,1335751,https://open.spotify.com/track/5UEnHoDYpsxlfzWLZIc7LD
50,"Síguelo Bailando",Ozuna,1290042,https://open.spotify.com/track/5Y9fnynLlIvqtM710MHzfz
51,"Powerglide (feat. Juicy J)","Rae Sremmurd",1288167,https://open.spotify.com/track/2yUbCEiaolfSMluDo9RMmG
52,"1, 2, 3 (feat. Jason Derulo & De La Ghetto)","Sofia Reyes",1282519,https://open.spotify.com/track/4QtiVmuA88tPQiCOHZuQ5b
53,"Finesse (Remix) [feat. Cardi B]","Bruno Mars",1237285,https://open.spotify.com/track/3Vo4wInECJQuz9BIBMOu8i
54,"Stir Fry",Migos,1236530,https://open.spotify.com/track/2UVbBKQOdFAekPTRsnkzcf
55,"King's Dead (with Kendrick Lamar, Future & James Blake)","Jay Rock",1211151,https://open.spotify.com/track/51rXHuKN8Loc4sUlKPODgH
56,"Lemon - Drake Remix",N.E.R.D,1163064,https://open.spotify.com/track/739vCwA3EpBSkk3uDsI2wB
57,"Feel It Still","Portugal. The Man",1162903,https://open.spotify.com/track/6QgjcU0zLnzq5OrUoSZ3OK
58,"Capital Letters","Hailee Steinfeld",1120781,https://open.spotify.com/track/3towKHKVOXCCcL1fHv6xFO
59,Thunder,"Imagine Dragons",1117404,https://open.spotify.com/track/26gceVsA1ybT8qsX3aYLEn
60,"Let Me Go (with Alesso, Florida Georgia Line & watt)","Hailee Steinfeld",1108912,https://open.spotify.com/track/5AEtlRudpgdT5FtNiuly6Y
61,"Let You Down",NF,1108771,https://open.spotify.com/track/6mrKP2jyIQmM0rw6fQryjr
62,Breathe,"Jax Jones",1103506,https://open.spotify.com/track/6tvQzeCPwOytDlBYCIOY0n
63,Flames,"David Guetta",1102262,https://open.spotify.com/track/33IOhptvC2Qoy2UhjiHXLV
64,Downtown,Anitta,1094711,https://open.spotify.com/track/3Ga6eKrUFf12ouh9Yw3v2D
65,"Sick Boy","The Chainsmokers",1092239,https://open.spotify.com/track/2JfXj2TERIkHwJpnG9f8uX
66,changes,XXXTENTACION,1072198,https://open.spotify.com/track/7AFASza1mXqntmGtbxXprO
67,Corazón,Maluma,1063032,https://open.spotify.com/track/4lESS6vuruP6a79KWRaQou
68,Criminal,"Natti Natasha",1056392,https://open.spotify.com/track/6Za3190Sbw39BBC77WSS1C
69,JAPAN,"Famous Dex",1044193,https://open.spotify.com/track/4lTiuD1DwBKo4L7wqMkD7C
70,Heaven,"Julia Michaels",1039943,https://open.spotify.com/track/4QfNOZN7vrQCQKK1ZJ3XPb
71,"XO TOUR Llif3","Lil Uzi Vert",1037337,https://open.spotify.com/track/7GX5flRQZVHRAGd6B4TmDO
72,1950,"King Princess",1033138,https://open.spotify.com/track/0CZ8lquoTX2Dkg7Ak2inwA
73,"Too Good At Goodbyes","Sam Smith",1029497,https://open.spotify.com/track/1mXVgsBdtIVeCLJnSnmtdV
74,Believer,"Imagine Dragons",996454,https://open.spotify.com/track/7Izh7zLJGw1Nscd62Exxj4
75,Silence,Marshmello,993181,https://open.spotify.com/track/7vGuf3Y35N4wmASOKLUVVU
76,Dembow,"Danny Ocean",990987,https://open.spotify.com/track/2EzRdhuoPyNJDlep7lnNf2
77,"El Préstamo",Maluma,985407,https://open.spotify.com/track/0QS5rZpm5zN9wV9lJgjyUE
78,"Jocelyn Flores",XXXTENTACION,975867,https://open.spotify.com/track/7m9OqQk4RVRkw9JJdeAw96
79,Congratulations,"Post Malone",962024,https://open.spotify.com/track/3a1lNhkSLSkpJE4MSHpDu9
80,"For You (Fifty Shades Freed) (& Rita Ora)","Liam Payne",957013,https://open.spotify.com/track/5hM6sP0Gh1jD57drszNueC
81,"I Miss You (feat. Julia Michaels)","Clean Bandit",951807,https://open.spotify.com/track/2xmrfQpmS2iJExTlklLoAL
82,"Him & I (with Halsey)",G-Eazy,936968,https://open.spotify.com/track/5k38wzpLb15YgncyWdTZE4
83,"EL BAÑO","Enrique Iglesias",928682,https://open.spotify.com/track/2vvdTrdryjsl8DmPIMDWZU
84,Sensualidad,"Bad Bunny",919907,https://open.spotify.com/track/5hcisvFMidkMJlElTO9Qmw
85,"Everybody Hates Me","The Chainsmokers",909387,https://open.spotify.com/track/3pIigjAWkzwAonXpJ1fmSF
86,"This Is Me","Keala Settle",898715,https://open.spotify.com/track/2xGjteMU3E1tkEPVFBO08U
87,HUMBLE.,"Kendrick Lamar",892871,https://open.spotify.com/track/7KXjTSCq5nL1LoYtL7XAwS
88,"Young Dumb & Broke",Khalid,879648,https://open.spotify.com/track/5Z3GHaZ6ec9bsiI5BenrbY
89,"Rewrite The Stars","Zac Efron",870037,https://open.spotify.com/track/630sXRhIcfwr2e4RdNtjKN
90,"Bum Bum Tam Tam","MC Fioti",869108,https://open.spotify.com/track/4zWO4gvuFtw6EJZC5FFGlr
91,"What Lovers Do (feat. SZA)","Maroon 5",860845,https://open.spotify.com/track/3hBBKuWJfxlIlnd9QFoC8k
92,"Be Careful","Cardi B",860197,https://open.spotify.com/track/6J3YPOejivwLSjM2dru5Ad
93,"Nowadays (feat. Landon Cube)","Lil Skies",838207,https://open.spotify.com/track/2u7mxWSeoqTXndK5e08jMp
94,"PICK IT UP (feat. A$AP Rocky)","Famous Dex",830083,https://open.spotify.com/track/3ncgNpxLoBQ65ABk4djDyd
95,Machika,"J Balvin",825172,https://open.spotify.com/track/6MNGxu8MprKGkchUchkJsy
96,Unforgettable,"French Montana",822653,https://open.spotify.com/track/3B54sVLJ402zGa6Xm4YGNe
97,"Dusk Till Dawn - Radio Edit",ZAYN,811803,https://open.spotify.com/track/1j4kHkkpqZRBwE0A4CN4Yv
98,"Candy Paint","Post Malone",809406,https://open.spotify.com/track/42CeaId2XNlxugDvyqHfDf
99,"Perfect Duet (Ed Sheeran & Beyoncé)","Ed Sheeran",797573,https://open.spotify.com/track/1bhUWB0zJMIKr9yVPrkEuI
100,"New Freezer (feat. Kendrick Lamar)","Rich The Kid",794247,https://open.spotify.com/track/0eHCArTPhwUxatY7cEXRiK
101,"Say You Won't Let Go","James Arthur",793759,https://open.spotify.com/track/5uCax9HTNlzGybIStD3vDh
102,"El Farsante - Remix",Ozuna,791024,https://open.spotify.com/track/7uYgVgRSgqluZclLS7wpp4
103,Anywhere,"Rita Ora",786909,https://open.spotify.com/track/7EI6Iki24tBHAMxtb4xQN2
104,1-800-273-8255,Logic,785806,https://open.spotify.com/track/5tz69p7tJuGPeMGwNTxYuV
105,Solita,Ozuna,783327,https://open.spotify.com/track/7rwX0O3RlxqqIjQM8evm5E
106,"How Long","Charlie Puth",755254,https://open.spotify.com/track/32DGGj6KlNuBr6WaqRxpxi
107,"I Like Me Better",Lauv,754936,https://open.spotify.com/track/1wjzFQodRWrPcQ0AnYnvQ9
108,"Se Preparó",Ozuna,754285,https://open.spotify.com/track/1m69ELEgE6k5ZWsap40ozt
109,"Bank Account","21 Savage",754110,https://open.spotify.com/track/2fQrGHiQOvpL9UgPvtYy6G
110,"Something Just Like This","The Chainsmokers",753508,https://open.spotify.com/track/6RUKPb4LETWmmr3iAEQktW
111,"Sorry Not Sorry","Demi Lovato",744322,https://open.spotify.com/track/3m660poUr1chesgkkjQM7P
112,"Bad Company","A$AP Rocky",743077,https://open.spotify.com/track/3ZYwSDF9knZI0RVlKR4PHC
113,Esperándote,"Manuel Turizo",741585,https://open.spotify.com/track/1nfyE13arjOuO54HH0zmqj
114,"Me Rehúso","Danny Ocean",730691,https://open.spotify.com/track/6De0lHrwBfPfrhorm9q1Xl
115,"Whatever It Takes","Imagine Dragons",725130,https://open.spotify.com/track/7F3uo3304R2CTvOseU3H7u
116,Beautiful,Bazzi,721968,https://open.spotify.com/track/1OilOIju6R9ia8vilNjChh
117,Attention,"Charlie Puth",715763,https://open.spotify.com/track/4iLqG9SeJSnt0cSPICSjxv
118,"the remedy for a broken heart (why am I so in love)",XXXTENTACION,714917,https://open.spotify.com/track/4UKCKdYiLN6IMA5ZESUTL7
119,Location,Khalid,713613,https://open.spotify.com/track/152lZdxL1OR0ZMW6KquMif
120,"Tip Toe (feat. French Montana)","Jason Derulo",706351,https://open.spotify.com/track/2z4pcBLQXF2BXKFvd0BuB6
121,"One Dance",Drake,692320,https://open.spotify.com/track/1xznGGDReH1oQq0xzbwXa3
122,Betrayed,"Lil Xan",691879,https://open.spotify.com/track/6NWl2m8asvH83xjuXVNsuG
123,"More Than You Know","Axwell /\ Ingrosso",691022,https://open.spotify.com/track/71bBFbfn2OBK5QwUJSLS44
124,goosebumps,"Travis Scott",688518,https://open.spotify.com/track/6gBFPUFcJLzWGx4lenP6h2
125,"No Limit",G-Eazy,686765,https://open.spotify.com/track/2DQ1ITjI0YoLFzuADN1ZBW
126,"44 More",Logic,686341,https://open.spotify.com/track/3e7Y6sfFlIdBMJhX7wpqVO
127,"All Falls Down","Alan Walker",684232,https://open.spotify.com/track/5yFSF6qQA1rcLsQRnBsZgb
128,"So Far Away (feat. Jamie Scott & Romy Dya)","Martin Garrix",679763,https://open.spotify.com/track/0OlnLZY4cmQzT6ZGttvWBM
129,"Fuck Love (feat. Trippie Redd)",XXXTENTACION,677416,https://open.spotify.com/track/7AQim7LbvFVZJE3O8TYgf2
130,"Bounce Out With That","YBN Nahmir",673035,https://open.spotify.com/track/5lZsh9Qf7CbHI9Fcc7Zcsq
131,"Te Amo","Piso 21",669019,https://open.spotify.com/track/2RVrdr062uLFxXwIxwdXPH
132,Closer,"The Chainsmokers",659703,https://open.spotify.com/track/7BKLCZ1jbUBVqRi2FVlTVw
133,"Red Roses (feat. Landon Cube)","Lil Skies",658904,https://open.spotify.com/track/3ZhTT6yjZwpPph5MIJ53XY
134,Narcos,Migos,658185,https://open.spotify.com/track/0wbnC9AUenxp613TYaJsGK
135,66,"Lil Yachty",655833,https://open.spotify.com/track/6tarvNiKnEjYMj1VZhlDqR
136,"Báilame - Remix",Nacho,655507,https://open.spotify.com/track/3VClLWqNn80Llv0PJOsKgr
137,Starboy,"The Weeknd",655205,https://open.spotify.com/track/5aAx2yezTd8zXrkmtKl66Z
138,"La Player (Bandolera)","Zion & Lennox",649944,https://open.spotify.com/track/0VKkyBKCXyR99navhVRqcP
139,"Quiero Repetir",Ozuna,648853,https://open.spotify.com/track/0MIcPSq9n2z5H8TAfEstri
140,"Déjate Llevar","Juan Magán",647689,https://open.spotify.com/track/3xWEI23MLJrD0dpDcDUTW6
141,"There's Nothing Holdin' Me Back","Shawn Mendes",642711,https://open.spotify.com/track/79cuOz3SPQTuFrp8WgftAu
142,"Thinking Out Loud","Ed Sheeran",638751,https://open.spotify.com/track/1Slwb6dOYkBlWal1PGtnNg
143,OKRA,"Tyler, The Creator",638386,https://open.spotify.com/track/74ZovzRxHBvCq5yIwe8boh
144,"Mi Gente","J Balvin",636719,https://open.spotify.com/track/2rb5MvYT7ZIxbKW5hfcHx8
145,Barking,Ramz,634853,https://open.spotify.com/track/7amMgNDcObIDkIXv4xcvc2
146,"Pineapple (feat. Gucci Mane & Quavo)","Ty Dolla $ign",627193,https://open.spotify.com/track/0TFVOjSvPTjFHkiZZekK5k
147,"BUTTERFLY EFFECT","Travis Scott",625873,https://open.spotify.com/track/1yxgsra98r3qAtxqiGZPiX
148,Photograph,"Ed Sheeran",623792,https://open.spotify.com/track/6fxVffaTuwjgEk5h9QyRjy
149,"You Are The Reason","Calum Scott",621347,https://open.spotify.com/track/2VgJDTfkuwlm7WIHnvtRCQ
150,"Plain Jane","A$AP Ferg",618653,https://open.spotify.com/track/4dVpf9jZjcORqGTLUaeYj9
151,"LOVE. FEAT. ZACARI.","Kendrick Lamar",616820,https://open.spotify.com/track/6PGoSes0D9eUDeeAafB2As
152,"Gucci Gang","Lil Pump",608179,https://open.spotify.com/track/43ZyHQITOjhciSUUNPVRHc
153,MotorSport,Migos,606177,https://open.spotify.com/track/4wFjTWCunQFKtukqrNijEt
154,"Everybody Dies In Their Nightmares",XXXTENTACION,605913,https://open.spotify.com/track/3GVkPk8mqxz0itaAriG1L7
155,"Symphony (feat. Zara Larsson)","Clean Bandit",603349,https://open.spotify.com/track/1x5sYLZiu9r5E43kMlt9f8
156,"That's What I Like","Bruno Mars",597056,https://open.spotify.com/track/0KKkJNfGyhkQ5aFogxQAPU
157,"Bartier Cardi (feat. 21 Savage)","Cardi B",593579,https://open.spotify.com/track/75FDPwaULRdYDn4StFN2rT
158,Indecente,Anitta,593346,https://open.spotify.com/track/5FOCkGt7bp22nBVfQ4WSIT
159,Mayores,"Becky G",591605,https://open.spotify.com/track/7JNh1cfm0eXjqFVOzKLyau
160,"Despacito - Remix","Luis Fonsi",589886,https://open.spotify.com/track/5CtI0qwDJkDQGwXD1H1cLb
161,"Wonderwall - Remastered",Oasis,589353,https://open.spotify.com/track/5qqabIl2vWzo9ApSC317sa
162,Stargazing,Kygo,588584,https://open.spotify.com/track/0Zbbxnx4SGGHoIow4PpISP
163,Ahora,"J Balvin",588533,https://open.spotify.com/track/54OB85nuxYGfl7qRQXuz7c
164,"Don't Leave Me",BTS,585978,https://open.spotify.com/track/3zIG0WuI5RoJsFYnErkFDU
165,"Mr. Brightside","The Killers",583120,https://open.spotify.com/track/7oK9VyNzrYvRFo7nQEYkWN
166,"Bodak Yellow","Cardi B",581874,https://open.spotify.com/track/2771LMNxwf62FTAdpJMQfM
167,"I'm Yours","Jason Mraz",580080,https://open.spotify.com/track/3S0OXQeoh0w6AY8WQVckRW
168,Tequila,"Dan + Shay",579376,https://open.spotify.com/track/7Il2yWQmsqKgSkLQvHTPUI
169,"Que Va","Alex Sensation",573244,https://open.spotify.com/track/7ofxPmTNMj2GP07g1VZa0O
170,Alien,"Sabrina Carpenter",571750,https://open.spotify.com/track/0RUTnY2B3s05fZuCHsNaUP
171,Issues,"Julia Michaels",570013,https://open.spotify.com/track/7vu0JkJh0ldukEYbTVcqd0
172,"Strip That Down","Liam Payne",568107,https://open.spotify.com/track/6EpRaXYhGOB3fj4V2uDkMJ
173,SUTRA,"Sebastian Yatra",567611,https://open.spotify.com/track/5TmZYdHW6HJ9gt7Aokuql5
174,"Go Flex","Post Malone",566241,https://open.spotify.com/track/5yuShbu70mtHXY0yLzCQLQ
175,"Done For Me (feat. Kehlani)","Charlie Puth",563840,https://open.spotify.com/track/76S09sHj7GGMJAtOLjmVQ2
176,"Sky Walker",Miguel,563472,https://open.spotify.com/track/5WoaF1B5XIEnWfmb5NZikf
177,"Home With You","Madison Beer",561288,https://open.spotify.com/track/11GGSyTB8cS9TgONHBOhEX
178,Paradise,"George Ezra",560083,https://open.spotify.com/track/38zwkK6TtTjIW9tpYBfZ3D
179,"Leave a Light On","Tom Walker",559861,https://open.spotify.com/track/6lOWoTqVnAWXchddtTH31W
180,"Sober Up",AJR,557673,https://open.spotify.com/track/5537GkcZu99NDs1gH9iCOY
181,Passionfruit,Drake,556566,https://open.spotify.com/track/5mCPDVBb16L4XQwDdbRUpz
182,"El Clavo","Prince Royce",554769,https://open.spotify.com/track/0LKErfBZ5FbBiLB4OcZRbL
183,"The Greatest Show","Hugh Jackman",554705,https://open.spotify.com/track/43ay9lQZ5rfNcOOHhRF2cM
184,"Loca Remix",Khea,553623,https://open.spotify.com/track/2CRbiMK0W14l71SpDKqKZM
185,"Galway Girl","Ed Sheeran",551583,https://open.spotify.com/track/0afhq8XCExXpqazXczTSve
186,"I'm the One (feat. Justin Bieber, Quavo, Chance the Rapper & Lil Wayne)","DJ Khaled",550827,https://open.spotify.com/track/3DXncPQOG4VBw3QHh3S817
187,"Suena El Dembow","Joey Montana",550438,https://open.spotify.com/track/5TysCiZtv1HnSWcTcUFusI
188,Africa,Toto,543601,https://open.spotify.com/track/2374M0fQpWi3dLnB54qaLX
189,"X (with 2 Chainz & Saudi)","ScHoolboy Q",543257,https://open.spotify.com/track/4LmAnpjlhWTahvRkYR8xJa
190,"Lose Yourself - From ""8 Mile"" Soundtrack",Eminem,540838,https://open.spotify.com/track/7w9bgPAmPTtrkt2v16QWvQ
191,Halo,Beyoncé,540041,https://open.spotify.com/track/2CvOqDpQIMw69cCzWqr5yr
192,"I Don’t Wanna Live Forever (Fifty Shades Darker) - From ""Fifty Shades Darker (Original Motion Picture Soundtrack)""",ZAYN,535694,https://open.spotify.com/track/3NdDpSvN911VPGivFlV5d0
193,BILLY,6ix9ine,534763,https://open.spotify.com/track/7bRRHQelMfrP86QYQlCsAq
194,"What About Us",P!nk,530868,https://open.spotify.com/track/0Qh38w01QRXK6KHIv0e3hb
195,"Roll In Peace (feat. XXXTENTACION)","Kodak Black",527561,https://open.spotify.com/track/40oKW22ZNNkEdZLJTScaQI
196,Fiebre,"Ricky Martin",527008,https://open.spotify.com/track/0oFqlgK2LJ9eMlpGBCmRvf
197,Redbone,"Childish Gambino",518629,https://open.spotify.com/track/3kxfsdsCpFgN412fpnW85Y
198,Stay,Zedd,517042,https://open.spotify.com/track/0I20rLT2MJDhcF96AjbNYo
199,"All of Me","John Legend",516638,https://open.spotify.com/track/3uhBIQ7tv8j1FME8cFGEfG
200,"Never Enough","Loren Allred",516333,https://open.spotify.com/track/0Gl5s8IhMmQE5YQwM8Qx1J
