,,,"Note that these figures are generated using a formula that protects against any artificial inflation of chart positions.",
Position,"Track Name",Artist,Streams,URL
1,"In My Feelings",Drake,4785390,https://open.spotify.com/track/2G7V7zsVDxg1yRsu7Ew9RJ
2,"Girls Like You (feat. Cardi B)","Maroon 5",3152633,https://open.spotify.com/track/7fa9MBXhVfQ8P8Df9OEbD8
3,"FEFE (feat. Nicki Minaj & Murda Beatz)",6ix9ine,2929835,https://open.spotify.com/track/2E124GmJRnBJuXbTb4cPUB
4,"SICKO MODE","Travis Scott",2912470,https://open.spotify.com/track/2xLMifQCjDGFmkHkpNLD9h
5,"Lucid Dreams","Juice WRLD",2904727,https://open.spotify.com/track/0s3nnoMeVWz3989MkNQiRf
6,"No Brainer","DJ Khaled",2866617,https://open.spotify.com/track/5WvAo7DNuPRmk4APhdPzi8
7,"Eastside (with Halsey & Khalid)","benny blanco",2824072,https://open.spotify.com/track/0d2iYfpKoM0QCKvcLCkBao
8,"God is a woman","Ariana Grande",2793371,https://open.spotify.com/track/5OCJzvD7sykQEKHH7qAC3C
9,"In My Mind",Dynoro,2685118,https://open.spotify.com/track/0E9ZjEAyAwOXZ7wJC0PD33
10,breathin,"Ariana Grande",2645598,https://open.spotify.com/track/4OafepJy2teCjYJbvFE60J
11,"I Like It","Cardi B",2591209,https://open.spotify.com/track/58q2HKrzhC3ozto2nDdN4z
12,"Taste (feat. Offset)",Tyga,2425494,https://open.spotify.com/track/5IaHrVsrferBYDm0bDyABy
13,SAD!,XXXTENTACION,2292233,https://open.spotify.com/track/3ee8Jmje8o58CHK66QrVC2
14,"Solo (feat. Demi Lovato)","Clean Bandit",2197044,https://open.spotify.com/track/6kPJZM97LwdG9QIsT7khp6
15,"Vaina Loca",Ozuna,2175271,https://open.spotify.com/track/48zFZh27QU5qsrBjn4C2FA
16,"Promises (with Sam Smith)","Calvin Harris",2163692,https://open.spotify.com/track/5N5k9nd479b1xpDZ4usjrg
17,"Better Now","Post Malone",2113120,https://open.spotify.com/track/7dt6x5M1jzdTEt8oCbisTK
18,Rise,"Jonas Blue",2093447,https://open.spotify.com/track/3u1S1OmAUhx5DRlLrXqyp3
19,"Jackie Chan",Tiësto,2067741,https://open.spotify.com/track/4kWO6O1BUXcZmaxitpVUwp
20,"Body (feat. brando)","Loud Luxury",2033751,https://open.spotify.com/track/7K7MUBCnzgBAvMVW2RTWNs
21,Youngblood,"5 Seconds of Summer",2001585,https://open.spotify.com/track/2iUXsYOEPhVqEBwsqP70rE
22,Happier,Marshmello,1956658,https://open.spotify.com/track/2dpaYNEQHiRxtZbfNsse99
23,"Te Boté - Remix","Nio Garcia",1916240,https://open.spotify.com/track/3V8UKqhEK5zBkBb6d6ub8i
24,"Be Alright","Dean Lewis",1908105,https://open.spotify.com/track/3EPXxR3ImUwfayaurPi3cm
25,"One Kiss (with Dua Lipa)","Calvin Harris",1840169,https://open.spotify.com/track/7ef4DlsgrMEH11cDZd32M6
26,Moonlight,XXXTENTACION,1748287,https://open.spotify.com/track/0JP9xo3adEtGSdUEISiszL
27,Nonstop,Drake,1717279,https://open.spotify.com/track/0TlLq3lA83rQOYtrqBqSct
28,"no tears left to cry","Ariana Grande",1683222,https://open.spotify.com/track/2qT1uLXPVPzGgFOx4jtEuo
29,"Happy Now",Zedd,1666010,https://open.spotify.com/track/4keoy2fqgwGnbWlm3ZVZFa
30,"Sin Pijama","Becky G",1587733,https://open.spotify.com/track/2ijef6ni2amuunRoKTlgww
31,"God's Plan",Drake,1573272,https://open.spotify.com/track/6DCZcSspjsKoFjzjrWoCdn
32,"Beautiful (feat. Camila Cabello)",Bazzi,1561359,https://open.spotify.com/track/4VUwkH455At9kENOfzTqmF
33,"No Es Justo","J Balvin",1486908,https://open.spotify.com/track/5qFeMRz4TvetPmzjre9Dq7
34,STARGAZING,"Travis Scott",1482470,https://open.spotify.com/track/7wBJfHzpfI3032CSD7CE2m
35,"rockstar (feat. 21 Savage)","Post Malone",1367638,https://open.spotify.com/track/0e7ipj03S05BNilyu5bRzt
36,"Jocelyn Flores",XXXTENTACION,1367158,https://open.spotify.com/track/7m9OqQk4RVRkw9JJdeAw96
37,Shotgun,"George Ezra",1362965,https://open.spotify.com/track/4ofwffwvvnbSkrMSCKQDaC
38,2002,Anne-Marie,1352187,https://open.spotify.com/track/2BgEsaKNfHUdlh97KmvFyo
39,"Psycho (feat. Ty Dolla $ign)","Post Malone",1297247,https://open.spotify.com/track/3swc6WTsr7rl9DqQKQA55C
40,Nevermind,"Dennis Lloyd",1294591,https://open.spotify.com/track/63SevszngYpZOwf63o61K4
41,changes,XXXTENTACION,1277565,https://open.spotify.com/track/7AFASza1mXqntmGtbxXprO
42,Clandestino,Shakira,1252895,https://open.spotify.com/track/7DrluKkTviBwCc8AV3VGmf
43,"Nice For What",Drake,1203430,https://open.spotify.com/track/3CA9pLiwRIGtUBiMjbZmRw
44,"Praise The Lord (Da Shine)","A$AP Rocky",1192694,https://open.spotify.com/track/7ycWLEP1GsNjVvcjawXz3z
45,"Back To You - From 13 Reasons Why – Season 2 Soundtrack","Selena Gomez",1143264,https://open.spotify.com/track/4hQ6UGyWQIGJmHSo0J88JW
46,"Born To Be Yours",Kygo,1139778,https://open.spotify.com/track/0kHyKhJMukHEPfeh8s7rdM
47,everytime,"Ariana Grande",1138616,https://open.spotify.com/track/0WdR2AyLW1Drd3OUdwezM0
48,IDOL,BTS,1116046,https://open.spotify.com/track/2AIWoHr9DF6y4KALCBKWQS
49,"Ocean (feat. Khalid)","Martin Garrix",1115789,https://open.spotify.com/track/3nc420PXjTdBV5TN0gCFkS
50,"Shape of You","Ed Sheeran",1088117,https://open.spotify.com/track/7qiZfU4dY1lWllzX7mPBI3
51,"I'm a Mess","Bebe Rexha",1058137,https://open.spotify.com/track/04ZTP5KsCypmtCmQg5tH9R
52,"High Hopes","Panic! At The Disco",1054310,https://open.spotify.com/track/1rqqCSm0Qe4I9rUvWncaom
53,"Yes Indeed","Lil Baby",1044131,https://open.spotify.com/track/6vN77lE9LK6HP2DewaN6HZ
54,Natural,"Imagine Dragons",1043447,https://open.spotify.com/track/4zIO3ilp5HvTeK3HJHxhMP
55,"Fuck Love (feat. Trippie Redd)",XXXTENTACION,1034357,https://open.spotify.com/track/7AQim7LbvFVZJE3O8TYgf2
56,"Don't Leave Me Alone (feat. Anne-Marie)","David Guetta",1007641,https://open.spotify.com/track/2lYTJK94hb0fd1LQtb6Dhk
57,Unica,Ozuna,962622,https://open.spotify.com/track/33b2wX9d0kxqxhi7lcsC1A
58,"Whenever (feat. Conor Maynard)","Kris Kross Amsterdam",958959,https://open.spotify.com/track/3DGar7krWlmrXRFHBcQF6z
59,SWISH,Tyga,956967,https://open.spotify.com/track/55GiOwtxNajXVbpjjIzMnD
60,Havana,"Camila Cabello",938904,https://open.spotify.com/track/1rfofaqEpACxVEHIZBJe6W
61,sweetener,"Ariana Grande",927012,https://open.spotify.com/track/70khXICDeTTxgYtw3EysKH
62,"Cuando Te Besé","Becky G",924826,https://open.spotify.com/track/2XXMDz7SPZ4mSFN1PXfHUy
63,"No Me Acuerdo",Thalía,923586,https://open.spotify.com/track/00EPIEnX1JFjff8sC6bccd
64,IDOL,BTS,922447,https://open.spotify.com/track/03iCbZaM4OkRR4We6wIzvx
65,"The Middle",Zedd,920468,https://open.spotify.com/track/09IStsImFySgyp0pIQdqAc
66,"Don’t Matter To Me (with Michael Jackson)",Drake,918576,https://open.spotify.com/track/6G8kHiVZ1jW7vHMPVRNZU0
67,X,"Nicky Jam",913904,https://open.spotify.com/track/39N9RPD9MRb5WmoLzNzPeA
68,IDGAF,"Dua Lipa",913148,https://open.spotify.com/track/76cy1WJvNGJTj78UqeA5zr
69,FRIENDS,Marshmello,907993,https://open.spotify.com/track/08bNPGLD8AhKpnnERrAc6G
70,Asesina,Brytiago,902821,https://open.spotify.com/track/6rbhaJsE4uLzpPf8WYSHDK
71,Believer,"Imagine Dragons",901390,https://open.spotify.com/track/0pqnGHJpmpxLKifKRmU6WP
72,"Me Niego",Reik,897955,https://open.spotify.com/track/6jA8JUuPCGYjFcgw0AoM5T
73,"X - Remix","Nicky Jam",897656,https://open.spotify.com/track/6JjPBQfI2Y8nIjnm65X6Pw
74,"Mala Mía",Maluma,892109,https://open.spotify.com/track/62o8KoI44JfN7aYxgTnPvh
75,"lovely (with Khalid)","Billie Eilish",889713,https://open.spotify.com/track/0u2P5u6lvoDfwTYjAADbn4
76,"Look Alive (feat. Drake)","BlocBoy JB",882025,https://open.spotify.com/track/4qKcDkK6siZ7Jp1Jb4m0aL
77,"La Player (Bandolera)","Zion & Lennox",881636,https://open.spotify.com/track/0VKkyBKCXyR99navhVRqcP
78,Darkside,"Alan Walker",867002,https://open.spotify.com/track/1snWlbcbgQpJfknoI30DWG
79,"All Girls Are The Same","Juice WRLD",866180,https://open.spotify.com/track/0XySogm94T51XF5F2jumXm
80,"Wasted (feat. Lil Uzi Vert)","Juice WRLD",854368,https://open.spotify.com/track/3obgSF06ki98lYNLNq5vCB
81,"New Rules","Dua Lipa",823703,https://open.spotify.com/track/2ekn2ttSfGqwhhate0LSR0
82,Thunder,"Imagine Dragons",817330,https://open.spotify.com/track/1zB4vmk8tFRmM9UULNzbLB
83,Perfect,"Ed Sheeran",809115,https://open.spotify.com/track/0tgVpDi06FyKpA1z0VMD4v
84,"Lean Wit Me","Juice WRLD",808045,https://open.spotify.com/track/29tc0GbW0pTSBZSCZF3NWk
85,"1, 2, 3 (feat. Jason Derulo & De La Ghetto)","Sofia Reyes",804162,https://open.spotify.com/track/4QtiVmuA88tPQiCOHZuQ5b
86,"Everybody Dies In Their Nightmares",XXXTENTACION,802144,https://open.spotify.com/track/3GVkPk8mqxz0itaAriG1L7
87,"I Fall Apart","Post Malone",795625,https://open.spotify.com/track/75ZvA4QfFiZvzhj2xkaWAh
88,"Thunderclouds with Sia, Diplo & Labrinth",Sia,790932,https://open.spotify.com/track/5a8RPWgKSmcGBGcffmIrUi
89,"BIG BANK (feat. 2 Chainz, Big Sean, Nicki Minaj)",YG,788457,https://open.spotify.com/track/0ZNrc4kNeQYD9koZ3KvCsy
90,"I Like Me Better",Lauv,784309,https://open.spotify.com/track/2P91MQbaiQOfbiz9VqhqKQ
91,"These Days (feat. Jess Glynne, Macklemore & Dan Caplen)",Rudimental,771714,https://open.spotify.com/track/5CLGzJsGqhCEECcpnFQA8x
92,YOSEMITE,"Travis Scott",771345,https://open.spotify.com/track/7lAK3oHbfEnvUQWosrMMpR
93,"Por Perro","Sebastian Yatra",771049,https://open.spotify.com/track/2alIsNw1mqEShbWyO1HXZZ
94,"Look At Me!",XXXTENTACION,756237,https://open.spotify.com/track/6eYxmK9fdL4hwLnXG2zY3s
95,"Side Effects (feat. Emily Warren)","The Chainsmokers",754982,https://open.spotify.com/track/5yNEdBlZMxpcVtGKz5NFk5
96,"Taking A Walk","Trippie Redd",750486,https://open.spotify.com/track/4mHgYpuGHu99Mw69E83CP2
97,"Love Lies (with Normani)",Khalid,743731,https://open.spotify.com/track/45Egmo7icyopuzJN0oMEdk
98,"Tie Me Down (with Elley Duhé)",Gryffin,743207,https://open.spotify.com/track/4QVS8YCpK71R4FsxSMCjhP
99,"XO TOUR Llif3","Lil Uzi Vert",735615,https://open.spotify.com/track/7GX5flRQZVHRAGd6B4TmDO
100,"Dura - Remix","Daddy Yankee",728250,https://open.spotify.com/track/6U2NuJILEOEpW2tVCuqKHb
101,"Mi Cama - Remix","Karol G",725450,https://open.spotify.com/track/38QmUDpkoYlNbMKvpvAsrE
102,"Madura (feat. Bad Bunny)",Cosculluela,716173,https://open.spotify.com/track/0r9d60ZYPAlFHq8qnUtkXN
103,"Mo Bamba","Sheck Wes",714271,https://open.spotify.com/track/3QybPutx0Tjk472bBKjNWn
104,"Estamos Bien","Bad Bunny",713491,https://open.spotify.com/track/7glCSQqV5o6NU88Cn4zPZn
105,"Me Dijeron",Ozuna,712344,https://open.spotify.com/track/17UUYZ290omPaJY4wKeyHh
106,"High On Life (feat. Bonn)","Martin Garrix",712246,https://open.spotify.com/track/4ut5G4rgB1ClpMTMfjoIuy
107,Mine,Bazzi,709064,https://open.spotify.com/track/7uzmGiiJyRfuViKKK3lVmR
108,"Meant to Be (feat. Florida Georgia Line)","Bebe Rexha",706705,https://open.spotify.com/track/4e4fqjx0Izh4svvTef1z7e
109,Flames,"David Guetta",705613,https://open.spotify.com/track/33IOhptvC2Qoy2UhjiHXLV
110,Euphoria,BTS,697485,https://open.spotify.com/track/3p6hnejEQYXkiTO1lAzVc0
111,Happier,"Ed Sheeran",670721,https://open.spotify.com/track/2RttW7RAu5nOAfq6YFvApB
112,"I'm Upset",Drake,664079,https://open.spotify.com/track/3qN5qMTKyEEmiTZD38BNTT
113,"the remedy for a broken heart (why am I so in love)",XXXTENTACION,662462,https://open.spotify.com/track/4UKCKdYiLN6IMA5ZESUTL7
114,"BUTTERFLY EFFECT","Travis Scott",659094,https://open.spotify.com/track/6xcJyGpfZbuuiequtnlKt4
115,Hipócrita,"Anuel Aa",657243,https://open.spotify.com/track/6XBjCetHKdO5L9cwMDVffw
116,"Quiere Beber","Anuel Aa",651910,https://open.spotify.com/track/3rPAD722s5FFNnwjC91t7Z
117,"Toda - Remix","Alex Rose",650873,https://open.spotify.com/track/7nD2JPaxIKUdxd2UWgnaGL
118,"Too Good At Goodbyes","Sam Smith",649281,https://open.spotify.com/track/1mXVgsBdtIVeCLJnSnmtdV
119,"W O R K I N M E",Quavo,648924,https://open.spotify.com/track/33tNYw9oMtSkGe27NpgS64
120,R.E.M,"Ariana Grande",638314,https://open.spotify.com/track/1xWH8zYtDeS9mW1JJG23VZ
121,"In My Blood","Shawn Mendes",636037,https://open.spotify.com/track/2QZ7WLBE8h2y1Y5Fb8RYbH
122,OTW,Khalid,630801,https://open.spotify.com/track/6Hgh47WXVKtXN5zGOu0hjI
123,"I'm Yours","Jason Mraz",628673,https://open.spotify.com/track/3S0OXQeoh0w6AY8WQVckRW
124,Congratulations,"Post Malone",621726,https://open.spotify.com/track/3a1lNhkSLSkpJE4MSHpDu9
125,Closer,"The Chainsmokers",621631,https://open.spotify.com/track/7BKLCZ1jbUBVqRi2FVlTVw
126,Aura,Ozuna,620366,https://open.spotify.com/track/1AVu7Kc2MRrLfOG1RCEf07
127,"I'm Fine",BTS,619972,https://open.spotify.com/track/0EQMrxdeiBhry9JCxskko3
128,Africa,Toto,617338,https://open.spotify.com/track/2374M0fQpWi3dLnB54qaLX
129,"Say You Won't Let Go","James Arthur",616170,https://open.spotify.com/track/5uCax9HTNlzGybIStD3vDh
130,"La Cintura","Alvaro Soler",613652,https://open.spotify.com/track/19MBk3PbNFE36wqIqkMq9H
131,"Mob Ties",Drake,606979,https://open.spotify.com/track/7rC5Pl8rQSX4myONQHYPBK
132,"Barbie Dreams","Nicki Minaj",606061,https://open.spotify.com/track/6Poyf51k7W3NKnsGwAI90B
133,"Ball For Me (feat. Nicki Minaj)","Post Malone",598952,https://open.spotify.com/track/6IaieqiCVvsNvEt6Y7yOFa
134,"Bella - Remix",Wolfine,593657,https://open.spotify.com/track/0SaYeGhSXN0dDWstyNTQ56
135,"Call Out My Name","The Weeknd",593606,https://open.spotify.com/track/1gm616Plq4ScqNi7TVkZ5N
136,Hope,XXXTENTACION,592913,https://open.spotify.com/track/2ZRo7axmMPeSVUvDbGkJah
137,"Bed (feat. Ariana Grande)","Nicki Minaj",588855,https://open.spotify.com/track/3L4GsGLgxpHieVQH86H8bv
138,"Ric Flair Drip (& Metro Boomin)",Offset,588829,https://open.spotify.com/track/7sO5G9EABYOXQKNPNiE9NR
139,"goodnight n go","Ariana Grande",588609,https://open.spotify.com/track/14kYOiFVPb7E7NfFbqhdln
140,HUMBLE.,"Kendrick Lamar",586048,https://open.spotify.com/track/7KXjTSCq5nL1LoYtL7XAwS
141,"Te Amo","Piso 21",584770,https://open.spotify.com/track/2RVrdr062uLFxXwIxwdXPH
142,"Síguelo Bailando",Ozuna,581879,https://open.spotify.com/track/5Y9fnynLlIvqtM710MHzfz
143,"FAKE LOVE",BTS,579294,https://open.spotify.com/track/3aW0ds4A4tSQDIp75FqWTo
144,"Walk It Talk It",Migos,578678,https://open.spotify.com/track/6n4U3TlzUGhdSFbUUhTvLP
145,"Plug Walk","Rich The Kid",578115,https://open.spotify.com/track/1ZAyjvIk9YiD76yYy0TEG6
146,Ibiza,Ozuna,576701,https://open.spotify.com/track/1h9P5WJwyvK8OB7O2YiXgp
147,Connection,OneRepublic,571681,https://open.spotify.com/track/3T4UodGkfZObJ43RtA5KFU
148,"Chanel (Go Get It) [feat. Gunna & Lil Baby]","Young Thug",570257,https://open.spotify.com/track/0kCBorRrKZkSztd9m0QI3r
149,Risiko,"Bonez MC",569754,https://open.spotify.com/track/6pLKMPAUlBCjHjylj2Nbd9
150,"Remind Me to Forget",Kygo,569084,https://open.spotify.com/track/6xTU6B6nFwKKTSZ9ySXS80
151,"WAKE UP","Travis Scott",567284,https://open.spotify.com/track/20MuVazoNMv6xjKPnRFOxG
152,"pete davidson","Ariana Grande",564287,https://open.spotify.com/track/0XOnMqLQDO89iAg7dWWwnG
153,goosebumps,"Travis Scott",560439,https://open.spotify.com/track/6gBFPUFcJLzWGx4lenP6h2
154,"Wonderwall - Remastered",Oasis,560381,https://open.spotify.com/track/5qqabIl2vWzo9ApSC317sa
155,"Something Just Like This","The Chainsmokers",557681,https://open.spotify.com/track/6RUKPb4LETWmmr3iAEQktW
156,"One Dance",Drake,556380,https://open.spotify.com/track/1zi7xx7UVEFkmKfv06H8x0
157,Calypso,"Luis Fonsi",555362,https://open.spotify.com/track/4178A5NkEjcsGc64jpBO6d
158,"you should see me in a crown","Billie Eilish",554701,https://open.spotify.com/track/6vsV4D8BM6PioRr1UOx0n2
159,"Chica Paranormal","Paulo Londra",550108,https://open.spotify.com/track/2r77vqSZkOktTSgmAOoHsV
160,Celoso,"Lele Pons",546413,https://open.spotify.com/track/33zcmmElV1YbRZe57biUjg
161,"Candy Paint","Post Malone",545448,https://open.spotify.com/track/32lItqlMi4LBhb4k0BaSaC
162,"Freaky Friday (feat. Chris Brown)","Lil Dicky",542040,https://open.spotify.com/track/10Igtw8bSDyyFs7KIsKngZ
163,"Trivia 轉 : Seesaw",BTS,540932,https://open.spotify.com/track/1ZPpGPko8oULTmi34rozMh
164,"No Quiero Amarte (feat. Zion & Lennox)","Justin Quiles",539632,https://open.spotify.com/track/5bITfqKGaPakO1l99hOMsI
165,"Trivia 起 : Just Dance",BTS,537822,https://open.spotify.com/track/0usLRFLmYXYahKNgXxsuJc
166,"Wake Me Up - Radio Edit",Avicii,536642,https://open.spotify.com/track/4h8VwCb1MTGoLKueQ1WgbD
167,"Hopeless Romantic (feat. Swae Lee)","Wiz Khalifa",534521,https://open.spotify.com/track/7IBSffWIu7P2MC7kMwy2FM
168,"Blah Blah Blah","Armin van Buuren",533446,https://open.spotify.com/track/0tp6mwUt99QnfY95T30Lqj
169,"What Lovers Do (feat. SZA)","Maroon 5",531111,https://open.spotify.com/track/0GxQ1A5L9xnMOytbP6eKBG
170,"All The Stars (with SZA)","Kendrick Lamar",530767,https://open.spotify.com/track/3GCdLUSnKSMJhs4Tj6CV3s
171,"Thinking Out Loud","Ed Sheeran",529628,https://open.spotify.com/track/1Slwb6dOYkBlWal1PGtnNg
172,"Feel It Still","Portugal. The Man",528460,https://open.spotify.com/track/6QgjcU0zLnzq5OrUoSZ3OK
173,Epiphany,BTS,526122,https://open.spotify.com/track/7L8hkKW4hnemNfuOfEZcle
174,"Serendipity (Full Length Edition)",BTS,523343,https://open.spotify.com/track/5cQB9fbuQCz4muQUFkv3rR
175,CAROUSEL,"Travis Scott",522187,https://open.spotify.com/track/7KZ5MMVgBVox9ycroB2UrI
176,"Perfect Duet (Ed Sheeran & Beyoncé)","Ed Sheeran",520526,https://open.spotify.com/track/1bhUWB0zJMIKr9yVPrkEuI
177,"Answer : Love Myself",BTS,518751,https://open.spotify.com/track/4eVkn18rN4GguUWOsR6Use
178,Silence,Marshmello,514289,https://open.spotify.com/track/7vGuf3Y35N4wmASOKLUVVU
179,"Young Dumb & Broke",Khalid,513128,https://open.spotify.com/track/5Z3GHaZ6ec9bsiI5BenrbY
180,"STOP TRYING TO BE GOD","Travis Scott",512949,https://open.spotify.com/track/1xYpVRspgaLxdJLOTQkTjg
181,Wolves,"Selena Gomez",511413,https://open.spotify.com/track/0tBbt8CrmxbjRP0pueQkyU
182,APESHIT,"The Carters",510843,https://open.spotify.com/track/0E6PsO3ymCfUh7pJQjBgkj
183,"DDU-DU DDU-DU - KR Ver.",BLACKPINK,509432,https://open.spotify.com/track/2CWnuF7ht55Ajyeg4WPvWu
184,"Bohemian Rhapsody - Remastered 2011",Queen,508365,https://open.spotify.com/track/7tFiyTwD0nx5a1eklYtX2J
185,Halo,Beyoncé,507292,https://open.spotify.com/track/2CvOqDpQIMw69cCzWqr5yr
186,"Nephew (feat. Lil Pump)",Smokepurpp,501762,https://open.spotify.com/track/0ibOcbkp2XG46Do8jcy0bL
187,"Whatever It Takes","Imagine Dragons",501280,https://open.spotify.com/track/6Qn5zhYkTa37e91HC1D7lb
188,"This Is America","Childish Gambino",500631,https://open.spotify.com/track/0b9oOr2ZgvyQu88wzixux9
189,"CAN'T SAY","Travis Scott",500456,https://open.spotify.com/track/27a1mYSG5tYg7dmEjWBcmL
190,"Duro y Suave","Leslie Grace",500310,https://open.spotify.com/track/31M5m42C3EGlbydf9XB5to
191,"Only You (with Little Mix)","Cheat Codes",500094,https://open.spotify.com/track/54l9GJGQ1UCFKe2tzt1Vxt
192,Unforgettable,"French Montana",499665,https://open.spotify.com/track/3B54sVLJ402zGa6Xm4YGNe
193,"Melodien (feat. Juju)","Capital Bra",499597,https://open.spotify.com/track/5d35jcJj7WjDQBOHCHPY6t
194,DNA,BTS,498245,https://open.spotify.com/track/5SE57ljOIUJ1ybL9U6CuBH
195,"All of Me","John Legend",497384,https://open.spotify.com/track/3uhBIQ7tv8j1FME8cFGEfG
196,Medicina,Anitta,496725,https://open.spotify.com/track/4R5xvs5X0phd0EYWyGigju
197,Photograph,"Ed Sheeran",495850,https://open.spotify.com/track/6fxVffaTuwjgEk5h9QyRjy
198,"Never Be the Same","Camila Cabello",494643,https://open.spotify.com/track/4eWQlBRaTjPPUlzacqEeoQ
199,Dura,"Daddy Yankee",493323,https://open.spotify.com/track/6KuqAtoeVzxAYOaMveLNpH
200,JAPAN,"Famous Dex",492217,https://open.spotify.com/track/5PTG6rrL6EPFD9E2QMI2pl
