,,,"Note that these figures are generated using a formula that protects against any artificial inflation of chart positions.",
Position,"Track Name",Artist,Streams,URL
1,"God's Plan",Drake,7393443,https://open.spotify.com/track/2XW4DbS6NddZxRPm5rMCeY
2,Havana,"Camila Cabello",3806993,https://open.spotify.com/track/1rfofaqEpACxVEHIZBJe6W
3,rockstar,"Post Malone",3570032,https://open.spotify.com/track/7wGoVu4Dady5GV0Sv4UIsx
4,"River (feat. Ed Sheeran)",Eminem,2966972,https://open.spotify.com/track/5UEnHoDYpsxlfzWLZIc7LD
5,"Finesse (Remix) [feat. Cardi B]","Bruno Mars",2687293,https://open.spotify.com/track/3Vo4wInECJQuz9BIBMOu8i
6,Wolves,"Selena Gomez",2683718,https://open.spotify.com/track/7EmGUiUaOSGDnUUQUDrOXC
7,"Never Be the Same","Camila Cabello",2602846,https://open.spotify.com/track/4eWQlBRaTjPPUlzacqEeoQ
8,"Diplomatic Immunity",Drake,2558352,https://open.spotify.com/track/5goGDc74vVREyN8al8CkPh
9,"Échame La Culpa","Luis Fonsi",2503895,https://open.spotify.com/track/1zsG4eaZmkA1dvjDDsAGLK
10,"Him & I (with Halsey)",G-Eazy,2497353,https://open.spotify.com/track/5k38wzpLb15YgncyWdTZE4
11,"New Rules","Dua Lipa",2468500,https://open.spotify.com/track/2ekn2ttSfGqwhhate0LSR0
12,IDGAF,"Dua Lipa",2438625,https://open.spotify.com/track/76cy1WJvNGJTj78UqeA5zr
13,Perfect,"Ed Sheeran",2423887,https://open.spotify.com/track/0tgVpDi06FyKpA1z0VMD4v
14,"Let You Down",NF,2400685,https://open.spotify.com/track/6mrKP2jyIQmM0rw6fQryjr
15,"All The Stars (with SZA)","Kendrick Lamar",2113192,https://open.spotify.com/track/12SJpYZEdj4kzWZ8FPFg4Y
16,"Let Me Go (with Alesso, Florida Georgia Line & watt)","Hailee Steinfeld",2029454,https://open.spotify.com/track/5AEtlRudpgdT5FtNiuly6Y
17,"Shape of You","Ed Sheeran",1969841,https://open.spotify.com/track/7qiZfU4dY1lWllzX7mPBI3
18,"I Fall Apart","Post Malone",1969618,https://open.spotify.com/track/75ZvA4QfFiZvzhj2xkaWAh
19,"Rewrite The Stars","Zac Efron",1957949,https://open.spotify.com/track/630sXRhIcfwr2e4RdNtjKN
20,"Sick Boy","The Chainsmokers",1903753,https://open.spotify.com/track/7jqDzXJS0K0Re8uphYNit0
21,"Perfect Duet (Ed Sheeran & Beyoncé)","Ed Sheeran",1888630,https://open.spotify.com/track/1bhUWB0zJMIKr9yVPrkEuI
22,"What Lovers Do (feat. SZA)","Maroon 5",1862193,https://open.spotify.com/track/3hBBKuWJfxlIlnd9QFoC8k
23,"Too Good At Goodbyes","Sam Smith",1856400,https://open.spotify.com/track/1mXVgsBdtIVeCLJnSnmtdV
24,"Meant to Be (feat. Florida Georgia Line)","Bebe Rexha",1831309,https://open.spotify.com/track/7iDa6hUg2VgEL1o1HjmfBn
25,Silence,Marshmello,1827513,https://open.spotify.com/track/7vGuf3Y35N4wmASOKLUVVU
26,"No Limit",G-Eazy,1778244,https://open.spotify.com/track/2DQ1ITjI0YoLFzuADN1ZBW
27,"This Is Me","Keala Settle",1763961,https://open.spotify.com/track/2xGjteMU3E1tkEPVFBO08U
28,"I Miss You (feat. Julia Michaels)","Clean Bandit",1759584,https://open.spotify.com/track/2xmrfQpmS2iJExTlklLoAL
29,Corazón,Maluma,1742563,https://open.spotify.com/track/4lESS6vuruP6a79KWRaQou
30,Downtown,Anitta,1718358,https://open.spotify.com/track/3Ga6eKrUFf12ouh9Yw3v2D
31,"Dusk Till Dawn - Radio Edit",ZAYN,1592346,https://open.spotify.com/track/1j4kHkkpqZRBwE0A4CN4Yv
32,Sensualidad,"Bad Bunny",1562366,https://open.spotify.com/track/5hcisvFMidkMJlElTO9Qmw
33,"Déjala Que Vuelva (feat. Manuel Turizo)","Piso 21",1526514,https://open.spotify.com/track/33bnxcjePIkcmNjEFTJX0l
34,"Bartier Cardi (feat. 21 Savage)","Cardi B",1501478,https://open.spotify.com/track/75FDPwaULRdYDn4StFN2rT
35,Thunder,"Imagine Dragons",1490546,https://open.spotify.com/track/0tKcYR2II1VCQWT79i5NrW
36,Criminal,"Natti Natasha",1481050,https://open.spotify.com/track/6Za3190Sbw39BBC77WSS1C
37,"Gucci Gang","Lil Pump",1436918,https://open.spotify.com/track/43ZyHQITOjhciSUUNPVRHc
38,Anywhere,"Rita Ora",1410441,https://open.spotify.com/track/7EI6Iki24tBHAMxtb4xQN2
39,"Ric Flair Drip (& Metro Boomin)",Offset,1408692,https://open.spotify.com/track/7sO5G9EABYOXQKNPNiE9NR
40,"Feel It Still","Portugal. The Man",1400163,https://open.spotify.com/track/6QgjcU0zLnzq5OrUoSZ3OK
41,"EL BAÑO","Enrique Iglesias",1396199,https://open.spotify.com/track/2vvdTrdryjsl8DmPIMDWZU
42,"XO TOUR Llif3","Lil Uzi Vert",1393534,https://open.spotify.com/track/7GX5flRQZVHRAGd6B4TmDO
43,"How Long","Charlie Puth",1385882,https://open.spotify.com/track/32DGGj6KlNuBr6WaqRxpxi
44,Bella,Wolfine,1379767,https://open.spotify.com/track/4R55IUi2x7S5ek2SpebOiE
45,"Young Dumb & Broke",Khalid,1375377,https://open.spotify.com/track/5Z3GHaZ6ec9bsiI5BenrbY
46,Congratulations,"Post Malone",1360112,https://open.spotify.com/track/3a1lNhkSLSkpJE4MSHpDu9
47,"Candy Paint","Post Malone",1349188,https://open.spotify.com/track/42CeaId2XNlxugDvyqHfDf
48,"So Far Away (feat. Jamie Scott & Romy Dya)","Martin Garrix",1344424,https://open.spotify.com/track/0OlnLZY4cmQzT6ZGttvWBM
49,"Tip Toe (feat. French Montana)","Jason Derulo",1339727,https://open.spotify.com/track/2z4pcBLQXF2BXKFvd0BuB6
50,"My My My!","Troye Sivan",1219327,https://open.spotify.com/track/2Tq2R8sRftNEqdgJK5HadO
51,"Se Preparó",Ozuna,1202209,https://open.spotify.com/track/1m69ELEgE6k5ZWsap40ozt
52,HUMBLE.,"Kendrick Lamar",1187100,https://open.spotify.com/track/7KXjTSCq5nL1LoYtL7XAwS
53,"Codeine Dreaming (feat. Lil Wayne)","Kodak Black",1150231,https://open.spotify.com/track/4DTpngLjoHj5gFxEZFeD3J
54,"LOVE. FEAT. ZACARI.","Kendrick Lamar",1143439,https://open.spotify.com/track/6PGoSes0D9eUDeeAafB2As
55,Unforgettable,"French Montana",1109547,https://open.spotify.com/track/3B54sVLJ402zGa6Xm4YGNe
56,"Real Friends","Camila Cabello",1090704,https://open.spotify.com/track/3iq9nhbI8fcnNamxMft1uv
57,"Mi Gente","J Balvin",1083587,https://open.spotify.com/track/2rb5MvYT7ZIxbKW5hfcHx8
58,"End Game","Taylor Swift",1068404,https://open.spotify.com/track/2x0WlnmfG39ZuDmstl9xfX
59,Stargazing,Kygo,1064864,https://open.spotify.com/track/0Zbbxnx4SGGHoIow4PpISP
60,"PICK IT UP (feat. A$AP Rocky)","Famous Dex",1063182,https://open.spotify.com/track/3ncgNpxLoBQ65ABk4djDyd
61,"Bank Account","21 Savage",1053891,https://open.spotify.com/track/2fQrGHiQOvpL9UgPvtYy6G
62,1-800-273-8255,Logic,1047702,https://open.spotify.com/track/5tz69p7tJuGPeMGwNTxYuV
63,"The Greatest Show","Hugh Jackman",1037781,https://open.spotify.com/track/43ay9lQZ5rfNcOOHhRF2cM
64,"Lonely Together (feat. Rita Ora)",Avicii,1027599,https://open.spotify.com/track/2OALaHcDdKkjYEpAr0Qzab
65,Attention,"Charlie Puth",1020488,https://open.spotify.com/track/4iLqG9SeJSnt0cSPICSjxv
66,"Sorry Not Sorry","Demi Lovato",1012423,https://open.spotify.com/track/3m660poUr1chesgkkjQM7P
67,Mayores,"Becky G",1012401,https://open.spotify.com/track/7JNh1cfm0eXjqFVOzKLyau
68,"Me Rehúso","Danny Ocean",1011378,https://open.spotify.com/track/6De0lHrwBfPfrhorm9q1Xl
69,"All Falls Down","Alan Walker",1010647,https://open.spotify.com/track/5yFSF6qQA1rcLsQRnBsZgb
70,MotorSport,Migos,1001621,https://open.spotify.com/track/1YZfcVLbbJwfizR5cDOp3q
71,"Stir Fry",Migos,995225,https://open.spotify.com/track/4fndbjoz1qJyK6JcLdKfzm
72,"Bum Bum Tam Tam","MC Fioti",982725,https://open.spotify.com/track/4zWO4gvuFtw6EJZC5FFGlr
73,Believer,"Imagine Dragons",979342,https://open.spotify.com/track/0CcQNd8CINkwQfe1RDtGV6
74,"For You (Fifty Shades Freed) (& Rita Ora)","Liam Payne",978508,https://open.spotify.com/track/5hM6sP0Gh1jD57drszNueC
75,"I Like Me Better",Lauv,963379,https://open.spotify.com/track/1wjzFQodRWrPcQ0AnYnvQ9
76,Betrayed,"Lil Xan",952852,https://open.spotify.com/track/6NWl2m8asvH83xjuXVNsuG
77,"Plain Jane","A$AP Ferg",952462,https://open.spotify.com/track/4dVpf9jZjcORqGTLUaeYj9
78,"Never Enough","Loren Allred",942415,https://open.spotify.com/track/0Gl5s8IhMmQE5YQwM8Qx1J
79,"Sky Walker",Miguel,935465,https://open.spotify.com/track/5WoaF1B5XIEnWfmb5NZikf
80,"Something Just Like This","The Chainsmokers",935281,https://open.spotify.com/track/6RUKPb4LETWmmr3iAEQktW
81,"Tell Me You Love Me","Demi Lovato",929699,https://open.spotify.com/track/5Htb1uFQ1KrkFXlefS8oGj
82,Filthy,"Justin Timberlake",917765,https://open.spotify.com/track/1L3NV7VrCiuE8C5QlhdeQL
83,"A Million Dreams","Ziv Zaifman",916135,https://open.spotify.com/track/0RoA7ObU6phWpqhlC9zH4Z
84,"More Than You Know","Axwell /\ Ingrosso",914181,https://open.spotify.com/track/71bBFbfn2OBK5QwUJSLS44
85,"Say You Won't Let Go","James Arthur",907507,https://open.spotify.com/track/5uCax9HTNlzGybIStD3vDh
86,"Home (with Machine Gun Kelly, X Ambassadors & Bebe Rexha)","Machine Gun Kelly",903377,https://open.spotify.com/track/0OI7AFifLSoGzpb8bdBLLV
87,Naked,"James Arthur",895060,https://open.spotify.com/track/7krbSH3rd8lhIZvuzTV3Bl
88,"Bodak Yellow","Cardi B",882490,https://open.spotify.com/track/2771LMNxwf62FTAdpJMQfM
89,"Perro Fiel (feat. Nicky Jam)",Shakira,878904,https://open.spotify.com/track/70lnL3QaSOIIyMa2X9aVRL
90,Location,Khalid,876703,https://open.spotify.com/track/152lZdxL1OR0ZMW6KquMif
91,"Jocelyn Flores",XXXTENTACION,864026,https://open.spotify.com/track/7m9OqQk4RVRkw9JJdeAw96
92,"Vai malandra (feat. Tropkillaz & DJ Yuri Martins)",Anitta,848790,https://open.spotify.com/track/6u0EAxf1OJTLS7CvInuNd7
93,Machika,"J Balvin",845993,https://open.spotify.com/track/6MNGxu8MprKGkchUchkJsy
94,"Que Va","Alex Sensation",845382,https://open.spotify.com/track/7ofxPmTNMj2GP07g1VZa0O
95,Wait,"Maroon 5",837775,https://open.spotify.com/track/1Qg9jWGDkKAGZXj5v2OG59
96,"Báilame - Remix",Nacho,834490,https://open.spotify.com/track/3VClLWqNn80Llv0PJOsKgr
97,"King's Dead (with Kendrick Lamar, Future & James Blake)","Jay Rock",833688,https://open.spotify.com/track/51rXHuKN8Loc4sUlKPODgH
98,"The Other Side","Hugh Jackman",830016,https://open.spotify.com/track/2cKovq3l6OJjhVVDbVKOsr
99,"She Loves Control","Camila Cabello",819889,https://open.spotify.com/track/5HwnezK198pJCEj1l2Adjy
100,"Nowadays (feat. Landon Cube)","Lil Skies",811185,https://open.spotify.com/track/2u7mxWSeoqTXndK5e08jMp
101,SUTRA,"Sebastian Yatra",809234,https://open.spotify.com/track/5TmZYdHW6HJ9gt7Aokuql5
102,"Suena El Dembow","Joey Montana",806911,https://open.spotify.com/track/5TysCiZtv1HnSWcTcUFusI
103,goosebumps,"Travis Scott",803061,https://open.spotify.com/track/6gBFPUFcJLzWGx4lenP6h2
104,"Quiero Repetir",Ozuna,798541,https://open.spotify.com/track/0MIcPSq9n2z5H8TAfEstri
105,"There's Nothing Holdin' Me Back","Shawn Mendes",793601,https://open.spotify.com/track/79cuOz3SPQTuFrp8WgftAu
106,"Friends (with BloodPop®)","Justin Bieber",789990,https://open.spotify.com/track/7nZmah2llfvLDiUjm0kiyz
107,"Escápate Conmigo (feat. Ozuna)",Wisin,787395,https://open.spotify.com/track/1KSqYYJFyfTecXFk9M0prc
108,"Cupido (feat. Quavo)","Sfera Ebbasta",777555,https://open.spotify.com/track/0dLToDou8YHYJpQltj3Ijy
109,"Havana - Remix","Camila Cabello",774084,https://open.spotify.com/track/3whrwq4DtvucphBPUogRuJ
110,"I Get The Bag (feat. Migos)","Gucci Mane",769782,https://open.spotify.com/track/1XRgIKC5TPwo7nWGyKqgG0
111,"Despacito - Remix","Luis Fonsi",766087,https://open.spotify.com/track/5CtI0qwDJkDQGwXD1H1cLb
112,"Robarte un Beso","Carlos Vives",765534,https://open.spotify.com/track/0JcNysfWVWaMS7R6vzGB2k
113,KEKE,6ix9ine,756768,https://open.spotify.com/track/0zl3PdjIl320fK0pxBGWNR
114,Photograph,"Ed Sheeran",753330,https://open.spotify.com/track/6fxVffaTuwjgEk5h9QyRjy
115,"Strip That Down","Liam Payne",752070,https://open.spotify.com/track/6EpRaXYhGOB3fj4V2uDkMJ
116,"BUTTERFLY EFFECT","Travis Scott",748671,https://open.spotify.com/track/1yxgsra98r3qAtxqiGZPiX
117,"Felices los 4",Maluma,742078,https://open.spotify.com/track/0qYTZCo5Bwh1nsUFGZP3zn
118,Vuelve,"Daddy Yankee",732812,https://open.spotify.com/track/0lJCqIx5BhZtf6QtYI2fbv
119,"Symphony (feat. Zara Larsson)","Clean Bandit",729914,https://open.spotify.com/track/1x5sYLZiu9r5E43kMlt9f8
120,"Thinking Out Loud","Ed Sheeran",719474,https://open.spotify.com/track/1Slwb6dOYkBlWal1PGtnNg
121,"Whatever It Takes","Imagine Dragons",715294,https://open.spotify.com/track/4IWAyPf1KMq7JCyGeCjTeH
122,"Galway Girl","Ed Sheeran",712559,https://open.spotify.com/track/0afhq8XCExXpqazXczTSve
123,"Man's Not Hot","Big Shaq",710578,https://open.spotify.com/track/2nUJvBO87SkxCViQsLc9Zr
124,"Go Flex","Post Malone",709345,https://open.spotify.com/track/5yuShbu70mtHXY0yLzCQLQ
125,"Bella y Sensual","Romeo Santos",702526,https://open.spotify.com/track/0ERbK7qVqveCaBWIiYCrl3
126,"That's What I Like","Bruno Mars",694582,https://open.spotify.com/track/0KKkJNfGyhkQ5aFogxQAPU
127,"Roll In Peace (feat. XXXTENTACION)","Kodak Black",692698,https://open.spotify.com/track/40oKW22ZNNkEdZLJTScaQI
128,"Capital Letters","Hailee Steinfeld",688852,https://open.spotify.com/track/3towKHKVOXCCcL1fHv6xFO
129,"Come Alive","Hugh Jackman",688135,https://open.spotify.com/track/5xNUR50KxswPRAvx7S163g
130,"Wanted You (feat. Lil Uzi Vert)",NAV,686017,https://open.spotify.com/track/790MhTXPFrYkrqCKvpg4t1
131,Spotlight,Marshmello,684480,https://open.spotify.com/track/6VrCmhRBFnuGKmtNfk4jDs
132,Rockstar,"Sfera Ebbasta",682434,https://open.spotify.com/track/3js3wKPw8VxBWtcXtwyUnA
133,Closer,"The Chainsmokers",676086,https://open.spotify.com/track/7BKLCZ1jbUBVqRi2FVlTVw
134,"Glorious (feat. Skylar Grey)",Macklemore,669375,https://open.spotify.com/track/0CokSRCu5hZgPxcZBaEzVE
135,"From Now On","Hugh Jackman",668381,https://open.spotify.com/track/3IkWmgGsXbsafrunwPojXO
136,Dura,"Daddy Yankee",668047,https://open.spotify.com/track/2j2fIJGh4PMdXt9ULI5Tlc
137,"I'm the One (feat. Justin Bieber, Quavo, Chance the Rapper & Lil Wayne)","DJ Khaled",664467,https://open.spotify.com/track/3DXncPQOG4VBw3QHh3S817
138,Feels,"Calvin Harris",663196,https://open.spotify.com/track/5bcTCxgc7xVfSaMV3RuVke
139,"Fuck Love (feat. Trippie Redd)",XXXTENTACION,663155,https://open.spotify.com/track/7AQim7LbvFVZJE3O8TYgf2
140,Dreamer,"Axwell /\ Ingrosso",661663,https://open.spotify.com/track/0RTzJVkunbGwuRjXDFHnjf
141,"I Don’t Wanna Live Forever (Fifty Shades Darker) - From ""Fifty Shades Darker (Original Motion Picture Soundtrack)""",ZAYN,656402,https://open.spotify.com/track/3NdDpSvN911VPGivFlV5d0
142,"Look What You Made Me Do","Taylor Swift",654718,https://open.spotify.com/track/5troof8mcGO3AafoDbk1gc
143,Mama,"Jonas Blue",653762,https://open.spotify.com/track/0NiXXAI876aGImAd6rTj8w
144,Issues,"Julia Michaels",652880,https://open.spotify.com/track/7vu0JkJh0ldukEYbTVcqd0
145,Dembow,"Danny Ocean",651937,https://open.spotify.com/track/2EzRdhuoPyNJDlep7lnNf2
146,"Déjate Llevar","Juan Magán",651606,https://open.spotify.com/track/3xWEI23MLJrD0dpDcDUTW6
147,"What About Us",P!nk,650823,https://open.spotify.com/track/0Qh38w01QRXK6KHIv0e3hb
148,"Wild Thoughts (feat. Rihanna & Bryson Tiller)","DJ Khaled",646883,https://open.spotify.com/track/1OAh8uOEOvTDqkKFsKksCi
149,"Back to You (feat. Bebe Rexha & Digital Farm Animals)","Louis Tomlinson",646164,https://open.spotify.com/track/7F9vK8hNFMml4GtHsaXui6
150,"These Days (feat. Jess Glynne, Macklemore & Dan Caplen)",Rudimental,645583,https://open.spotify.com/track/5CLGzJsGqhCEECcpnFQA8x
151,Mine,Bazzi,644068,https://open.spotify.com/track/6tHWl8ows5JOZq9Yfaqn3M
152,Bonita,"J Balvin",639091,https://open.spotify.com/track/693iqPOQvhI7PobtR8CC8v
153,"i Shyne",Carnage,639040,https://open.spotify.com/track/0AcHbiMs86CCgprvc7E1gs
154,"Sciroppo (feat. DrefGold)","Sfera Ebbasta",638967,https://open.spotify.com/track/4VVG3HBGaqSNZqIpmewIA6
155,Supplies,"Justin Timberlake",636215,https://open.spotify.com/track/4Z6YruMINNspGet1gQyYlK
156,"One Dance",Drake,634589,https://open.spotify.com/track/1xznGGDReH1oQq0xzbwXa3
157,"Bad At Love",Halsey,628777,https://open.spotify.com/track/7y9iMe8SOB6z3NoHE2OfXl
158,"Mask Off",Future,626010,https://open.spotify.com/track/0VgkVdmE4gld66l8iyGjgx
159,Passionfruit,Drake,624193,https://open.spotify.com/track/7hDc8b7IXETo14hHIHdnhd
160,"It Ain't Me (with Selena Gomez)",Kygo,623916,https://open.spotify.com/track/3eR23VReFzcdmS7TYCrhCe
161,"Without You (feat. Sandro Cavazza)",Avicii,622345,https://open.spotify.com/track/6WbADFqMvR8N5u0BvtsWQE
162,Breathe,"Jax Jones",621031,https://open.spotify.com/track/6tvQzeCPwOytDlBYCIOY0n
163,"Síguelo Bailando",Ozuna,614572,https://open.spotify.com/track/5Y9fnynLlIvqtM710MHzfz
164,Happier,"Ed Sheeran",605294,https://open.spotify.com/track/2RttW7RAu5nOAfq6YFvApB
165,"The Weekend - Funk Wav Remix",SZA,598524,https://open.spotify.com/track/0P6AWOA4LG1XOctzaVu5tt
166,"White Iverson","Post Malone",596301,https://open.spotify.com/track/6eT7xZZlB2mwyzJ2sUKG6w
167,"MIC Drop (feat. Desiigner) [Steve Aoki Remix]",BTS,593433,https://open.spotify.com/track/7Ed6BkggCS2KaKY5YlINaF
168,"Una Lady Como Tú","Manuel Turizo",592297,https://open.spotify.com/track/7MHN1aCFtLXjownGhvEQlF
169,"Swalla (feat. Nicki Minaj & Ty Dolla $ign)","Jason Derulo",589503,https://open.spotify.com/track/6kex4EBAj0WHXDKZMEJaaF
170,DNA.,"Kendrick Lamar",589048,https://open.spotify.com/track/6HZILIRieu8S0iqY8kIKhj
171,"Slippery (feat. Gucci Mane)",Migos,587466,https://open.spotify.com/track/6p8NuHm8uCGnn2Dtbtf7zE
172,"Too Much To Ask","Niall Horan",583637,https://open.spotify.com/track/4v094LQ9eF10k2O2Te2ngK
173,Stay,Zedd,580592,https://open.spotify.com/track/0I20rLT2MJDhcF96AjbNYo
174,Tightrope,"Michelle Williams",579399,https://open.spotify.com/track/0GVuLQtPXFaL18ijEOqoAa
175,Starboy,"The Weeknd",574222,https://open.spotify.com/track/5aAx2yezTd8zXrkmtKl66Z
176,Redbone,"Childish Gambino",573687,https://open.spotify.com/track/3kxfsdsCpFgN412fpnW85Y
177,"Pretty Girl - Cheat Codes X CADE Remix","Maggie Lindemann",573590,https://open.spotify.com/track/1NDxZ7cFAo481dtYWdrUnR
178,"The Last Of The Real Ones","Fall Out Boy",572465,https://open.spotify.com/track/6HWGLValLZlHVPjbwEW4Kq
179,"Despacito (Featuring Daddy Yankee)","Luis Fonsi",571971,https://open.spotify.com/track/4aWmUDTfIPGksMNLV2rQP2
180,Explícale,Yandel,565687,https://open.spotify.com/track/1LszjjoVwDDZcWUQbzeDLG
181,"La Modelo","Lean Trap",559671,https://open.spotify.com/track/76DNqvSyzL9VCkhlnByqLf
182,"HOLD ME TIGHT OR DON’T","Fall Out Boy",557997,https://open.spotify.com/track/00TVmX9spquyg0UKuN57l3
183,"Castle on the Hill","Ed Sheeran",557493,https://open.spotify.com/track/6PCUP3dWmTjcTtXY02oFdT
184,Barking,Ramz,555612,https://open.spotify.com/track/7amMgNDcObIDkIXv4xcvc2
185,"Dirty Sexy Money (feat. Charli XCX & French Montana)","David Guetta",554853,https://open.spotify.com/track/0tPQPaOKM32WgMSbPCYyRH
186,"The Way Life Goes (feat. Oh Wonder)","Lil Uzi Vert",551422,https://open.spotify.com/track/2eAZfqOm4EnOF9VvN50Tyc
187,"'Till I Collapse",Eminem,546072,https://open.spotify.com/track/6yr8GiTHWvFfi4o6Q5ebdT
188,"Scared to Be Lonely","Martin Garrix",545900,https://open.spotify.com/track/3ebXMykcMXOcLeJ9xZ17XH
189,"Red Roses (feat. Landon Cube)","Lil Skies",543928,https://open.spotify.com/track/3ZhTT6yjZwpPph5MIJ53XY
190,"Slow Hands","Niall Horan",541185,https://open.spotify.com/track/38yBBH2jacvDxrznF7h08J
191,"Ricchi x Sempre","Sfera Ebbasta",540994,https://open.spotify.com/track/0kHTkvGavvk2MjBTSUtOZx
192,"Your Song","Rita Ora",534760,https://open.spotify.com/track/4c2W3VKsOFoIg2SFaO6DY5
193,"A Different Way (with Lauv)","DJ Snake",531779,https://open.spotify.com/track/0Wv5wuenRLI3BcwgT3HPIP
194,"Ahora Dice","Chris Jeday",530719,https://open.spotify.com/track/22eADXu8DfOAUEDw4vU8qy
195,"Sign of the Times","Harry Styles",528588,https://open.spotify.com/track/5Ohxk2dO5COHF1krpoPigN
196,"3 A.M.","Jesse & Joy",528421,https://open.spotify.com/track/0yyZN5ASdrYu0XYWFzfxUu
197,"Stay Frosty Royal Milk Tea","Fall Out Boy",526097,https://open.spotify.com/track/1p3IwVdURZOKKont78V3lg
198,Saint,"Huncho Jack",526001,https://open.spotify.com/track/7foypmc7KZyU716Yv63BPe
199,"Lose Yourself - From ""8 Mile"" Soundtrack",Eminem,520707,https://open.spotify.com/track/7w9bgPAmPTtrkt2v16QWvQ
200,"Ghostface Killers","21 Savage",519663,https://open.spotify.com/track/5u6vkDnOyaf8LsteDAj2ub
