,,,"Note that these figures are generated using a formula that protects against any artificial inflation of chart positions.",
Position,"Track Name",Artist,Streams,URL
1,"Nice For What",Drake,5440842,https://open.spotify.com/track/1cTZMwcBJT0Ka3UJPXOeeN
2,"God's Plan",Drake,5144090,https://open.spotify.com/track/2XW4DbS6NddZxRPm5rMCeY
3,"Call Out My Name","The Weeknd",3972039,https://open.spotify.com/track/1gm616Plq4ScqNi7TVkZ5N
4,"Psycho (feat. Ty Dolla $ign)","Post Malone",3834833,https://open.spotify.com/track/65NwOZqoXny4JxqAPlfxRF
5,FRIENDS,Marshmello,3392478,https://open.spotify.com/track/08bNPGLD8AhKpnnERrAc6G
6,X,"Nicky Jam",3340531,https://open.spotify.com/track/39N9RPD9MRb5WmoLzNzPeA
7,"Freaky Friday (feat. Chris Brown)","Lil Dicky",3013039,https://open.spotify.com/track/10Igtw8bSDyyFs7KIsKngZ
8,SAD!,XXXTENTACION,2985404,https://open.spotify.com/track/3ee8Jmje8o58CHK66QrVC2
9,IDGAF,"Dua Lipa",2843768,https://open.spotify.com/track/76cy1WJvNGJTj78UqeA5zr
10,"The Middle",Zedd,2781658,https://open.spotify.com/track/2ARqIya5NAuvFVHSN3bL0m
11,"Love Lies (with Normani)",Khalid,2746902,https://open.spotify.com/track/45Egmo7icyopuzJN0oMEdk
12,"Look Alive (feat. Drake)","BlocBoy JB",2744320,https://open.spotify.com/track/4qKcDkK6siZ7Jp1Jb4m0aL
13,"One Kiss (with Dua Lipa)","Calvin Harris",2648606,https://open.spotify.com/track/7ef4DlsgrMEH11cDZd32M6
14,"These Days (feat. Jess Glynne, Macklemore & Dan Caplen)",Rudimental,2468882,https://open.spotify.com/track/5CLGzJsGqhCEECcpnFQA8x
15,Mine,Bazzi,2391428,https://open.spotify.com/track/6tHWl8ows5JOZq9Yfaqn3M
16,"All The Stars (with SZA)","Kendrick Lamar",2369586,https://open.spotify.com/track/3GCdLUSnKSMJhs4Tj6CV3s
17,"In My Blood","Shawn Mendes",2130055,https://open.spotify.com/track/79jX8RM5CgPqDKdGEKNW9K
18,"Plug Walk","Rich The Kid",2096371,https://open.spotify.com/track/6mAz8D1TmlTuef90dbNIiZ
19,rockstar,"Post Malone",2070836,https://open.spotify.com/track/2U7Hu2RaNQNRi7izoJyZaX
20,Dura,"Daddy Yankee",1925007,https://open.spotify.com/track/2j2fIJGh4PMdXt9ULI5Tlc
21,Havana,"Camila Cabello",1903155,https://open.spotify.com/track/1rfofaqEpACxVEHIZBJe6W
22,"Meant to Be (feat. Florida Georgia Line)","Bebe Rexha",1887621,https://open.spotify.com/track/7iDa6hUg2VgEL1o1HjmfBn
23,"Wasted Times","The Weeknd",1841105,https://open.spotify.com/track/72TyiiduRmczEbDIEtKQdR
24,"I Like It","Cardi B",1794090,https://open.spotify.com/track/58q2HKrzhC3ozto2nDdN4z
25,"Me Niego",Reik,1781521,https://open.spotify.com/track/6jA8JUuPCGYjFcgw0AoM5T
26,"Try Me","The Weeknd",1729922,https://open.spotify.com/track/2poOAWEj1CStqTVPgIHZ8s
27,"Be Careful","Cardi B",1729128,https://open.spotify.com/track/2Yl4OmDby9iitgNWZPwxkd
28,"Walk It Talk It",Migos,1677275,https://open.spotify.com/track/6n4U3TlzUGhdSFbUUhTvLP
29,"Never Be the Same","Camila Cabello",1663386,https://open.spotify.com/track/4eWQlBRaTjPPUlzacqEeoQ
30,Delicate,"Taylor Swift",1638736,https://open.spotify.com/track/6NFyWDv5CjfwuzoCkw47Xf
31,"Like I Do","David Guetta",1590227,https://open.spotify.com/track/6RnkFd8Fqqgk1Uni8RgqCQ
32,Nevermind,"Dennis Lloyd",1551240,https://open.spotify.com/track/63SevszngYpZOwf63o61K4
33,"New Rules","Dua Lipa",1505128,https://open.spotify.com/track/2ekn2ttSfGqwhhate0LSR0
34,Moonlight,XXXTENTACION,1491854,https://open.spotify.com/track/0JP9xo3adEtGSdUEISiszL
35,"Pray For Me (with Kendrick Lamar)","The Weeknd",1488692,https://open.spotify.com/track/4ofvoCdXq99vpMZO4Cfp8x
36,"Remind Me to Forget",Kygo,1456805,https://open.spotify.com/track/6xTU6B6nFwKKTSZ9ySXS80
37,"Say Something","Justin Timberlake",1453794,https://open.spotify.com/track/1LhMopPAallLeaeNutqbgS
38,Bella,Wolfine,1429923,https://open.spotify.com/track/3xcCix7Jv1Rp90YVmgo35D
39,"Échame La Culpa","Luis Fonsi",1422936,https://open.spotify.com/track/1zsG4eaZmkA1dvjDDsAGLK
40,"Shape of You","Ed Sheeran",1392704,https://open.spotify.com/track/7qiZfU4dY1lWllzX7mPBI3
41,"Ric Flair Drip (& Metro Boomin)",Offset,1381731,https://open.spotify.com/track/7sO5G9EABYOXQKNPNiE9NR
42,"Drip (feat. Migos)","Cardi B",1379184,https://open.spotify.com/track/2qcG0nZ6S3zZV0UrkY5nFo
43,Perfect,"Ed Sheeran",1365295,https://open.spotify.com/track/0tgVpDi06FyKpA1z0VMD4v
44,"I Fall Apart","Post Malone",1358241,https://open.spotify.com/track/75ZvA4QfFiZvzhj2xkaWAh
45,"1, 2, 3 (feat. Jason Derulo & De La Ghetto)","Sofia Reyes",1347952,https://open.spotify.com/track/4QtiVmuA88tPQiCOHZuQ5b
46,"Déjala Que Vuelva (feat. Manuel Turizo)","Piso 21",1317820,https://open.spotify.com/track/33bnxcjePIkcmNjEFTJX0l
47,"Mad Love","Sean Paul",1316941,https://open.spotify.com/track/3soOPBuMK8YMdWnV7xpEyf
48,"I Do (feat. SZA)","Cardi B",1312608,https://open.spotify.com/track/1f5PNhkNgUpvDEeZfcIlO1
49,Wolves,"Selena Gomez",1283089,https://open.spotify.com/track/7EmGUiUaOSGDnUUQUDrOXC
50,JAPAN,"Famous Dex",1265683,https://open.spotify.com/track/5PTG6rrL6EPFD9E2QMI2pl
51,Amorfoda,"Bad Bunny",1256284,https://open.spotify.com/track/3ITvHA9zhZZdBJsOsAUegF
52,"Síguelo Bailando",Ozuna,1230649,https://open.spotify.com/track/5Y9fnynLlIvqtM710MHzfz
53,"Powerglide (feat. Juicy J)","Rae Sremmurd",1223635,https://open.spotify.com/track/2yUbCEiaolfSMluDo9RMmG
54,Everyday,Logic,1218111,https://open.spotify.com/track/4EAV2cKiqKP5UPZmY6dejk
55,"Bartier Cardi (feat. 21 Savage)","Cardi B",1202400,https://open.spotify.com/track/0dIoGTQXDh1wVnhIiSyYEa
56,"Get Up 10","Cardi B",1174375,https://open.spotify.com/track/7p2ewixAShLpjDZrnzZK7c
57,"River (feat. Ed Sheeran)",Eminem,1167303,https://open.spotify.com/track/5UEnHoDYpsxlfzWLZIc7LD
58,"Bodak Yellow","Cardi B",1159890,https://open.spotify.com/track/6KBYefIoo7KydImq1uUQlL
59,"Stir Fry",Migos,1128369,https://open.spotify.com/track/2UVbBKQOdFAekPTRsnkzcf
60,"Feel It Still","Portugal. The Man",1126695,https://open.spotify.com/track/6QgjcU0zLnzq5OrUoSZ3OK
61,"Best Life (feat. Chance The Rapper)","Cardi B",1113695,https://open.spotify.com/track/00B7TZ0Xawar6NZ00JFomN
62,"Finesse (Remix) [feat. Cardi B]","Bruno Mars",1110198,https://open.spotify.com/track/3Vo4wInECJQuz9BIBMOu8i
63,"Lemon - Drake Remix",N.E.R.D,1090978,https://open.spotify.com/track/739vCwA3EpBSkk3uDsI2wB
64,"King's Dead (with Kendrick Lamar, Future & James Blake)","Jay Rock",1078301,https://open.spotify.com/track/51rXHuKN8Loc4sUlKPODgH
65,"Lost In Japan","Shawn Mendes",1077997,https://open.spotify.com/track/7wvYmO5QscgIDDT0eNwbYX
66,"Ring (feat. Kehlani)","Cardi B",1076206,https://open.spotify.com/track/5DfWF0jqMgZDCiu9zJENTA
67,"Hurt You","The Weeknd",1063480,https://open.spotify.com/track/13wNEvWmBsWaWVtiLPRIW5
68,Bickenhead,"Cardi B",1062715,https://open.spotify.com/track/17Yq72h0p15OhCbZ5lJ5gd
69,Flames,"David Guetta",1044466,https://open.spotify.com/track/33IOhptvC2Qoy2UhjiHXLV
70,Thunder,"Imagine Dragons",1044316,https://open.spotify.com/track/26gceVsA1ybT8qsX3aYLEn
71,1950,"King Princess",1040574,https://open.spotify.com/track/0CZ8lquoTX2Dkg7Ak2inwA
72,"Let Me Go (with Alesso, Florida Georgia Line & watt)","Hailee Steinfeld",1031113,https://open.spotify.com/track/5AEtlRudpgdT5FtNiuly6Y
73,"Let You Down",NF,1017392,https://open.spotify.com/track/6mrKP2jyIQmM0rw6fQryjr
74,Criminal,"Natti Natasha",1011414,https://open.spotify.com/track/6Za3190Sbw39BBC77WSS1C
75,"A$AP Forever","A$AP Rocky",1009285,https://open.spotify.com/track/1YmF9PvLhIISIANoMLIYGq
76,"Sick Boy","The Chainsmokers",1003184,https://open.spotify.com/track/2JfXj2TERIkHwJpnG9f8uX
77,Downtown,Anitta,997750,https://open.spotify.com/track/3Ga6eKrUFf12ouh9Yw3v2D
78,"Too Good At Goodbyes","Sam Smith",981734,https://open.spotify.com/track/1mXVgsBdtIVeCLJnSnmtdV
79,changes,XXXTENTACION,981058,https://open.spotify.com/track/7AFASza1mXqntmGtbxXprO
80,"I Was Never There","The Weeknd",980427,https://open.spotify.com/track/56d6kYZhfhzpoC3s1dRU2V
81,"XO TOUR Llif3","Lil Uzi Vert",977725,https://open.spotify.com/track/7GX5flRQZVHRAGd6B4TmDO
82,Corazón,Maluma,976187,https://open.spotify.com/track/4lESS6vuruP6a79KWRaQou
83,Believer,"Imagine Dragons",974974,https://open.spotify.com/track/7Izh7zLJGw1Nscd62Exxj4
84,"El Préstamo",Maluma,972877,https://open.spotify.com/track/0QS5rZpm5zN9wV9lJgjyUE
85,Silence,Marshmello,956602,https://open.spotify.com/track/7vGuf3Y35N4wmASOKLUVVU
86,Dembow,"Danny Ocean",925962,https://open.spotify.com/track/2EzRdhuoPyNJDlep7lnNf2
87,"Jocelyn Flores",XXXTENTACION,924397,https://open.spotify.com/track/7m9OqQk4RVRkw9JJdeAw96
88,Congratulations,"Post Malone",914199,https://open.spotify.com/track/3a1lNhkSLSkpJE4MSHpDu9
89,Breathe,"Jax Jones",897553,https://open.spotify.com/track/6tvQzeCPwOytDlBYCIOY0n
90,Privilege,"The Weeknd",879602,https://open.spotify.com/track/26Fqtv4Aa7kyd1WWGHai6A
91,"Capital Letters","Hailee Steinfeld",878155,https://open.spotify.com/track/3towKHKVOXCCcL1fHv6xFO
92,"I Miss You (feat. Julia Michaels)","Clean Bandit",867427,https://open.spotify.com/track/2xmrfQpmS2iJExTlklLoAL
93,"EL BAÑO","Enrique Iglesias",866233,https://open.spotify.com/track/2vvdTrdryjsl8DmPIMDWZU
94,"Him & I (with Halsey)",G-Eazy,866150,https://open.spotify.com/track/5k38wzpLb15YgncyWdTZE4
95,"This Is Me","Keala Settle",859142,https://open.spotify.com/track/2xGjteMU3E1tkEPVFBO08U
96,"For You (Fifty Shades Freed) (& Rita Ora)","Liam Payne",858501,https://open.spotify.com/track/5hM6sP0Gh1jD57drszNueC
97,Sensualidad,"Bad Bunny",856498,https://open.spotify.com/track/5hcisvFMidkMJlElTO9Qmw
98,"PICK IT UP (feat. A$AP Rocky)","Famous Dex",844082,https://open.spotify.com/track/0dSIrRkA4PadGll16TgbnV
99,"Rewrite The Stars","Zac Efron",839554,https://open.spotify.com/track/630sXRhIcfwr2e4RdNtjKN
100,"Thru Your Phone","Cardi B",833589,https://open.spotify.com/track/74cVJfmK18rhWnscIpGXjt
101,"Young Dumb & Broke",Khalid,832009,https://open.spotify.com/track/5Z3GHaZ6ec9bsiI5BenrbY
102,HUMBLE.,"Kendrick Lamar",828371,https://open.spotify.com/track/7KXjTSCq5nL1LoYtL7XAwS
103,"What Lovers Do (feat. SZA)","Maroon 5",815276,https://open.spotify.com/track/3hBBKuWJfxlIlnd9QFoC8k
104,"Money Bag","Cardi B",814499,https://open.spotify.com/track/1vBeIXlzbAieGoDqInav5j
105,"Bum Bum Tam Tam","MC Fioti",811264,https://open.spotify.com/track/4zWO4gvuFtw6EJZC5FFGlr
106,"Everybody Hates Me","The Chainsmokers",802288,https://open.spotify.com/track/3pIigjAWkzwAonXpJ1fmSF
107,Unforgettable,"French Montana",800265,https://open.spotify.com/track/3B54sVLJ402zGa6Xm4YGNe
108,Heaven,"Julia Michaels",777567,https://open.spotify.com/track/4QfNOZN7vrQCQKK1ZJ3XPb
109,"Say You Won't Let Go","James Arthur",771097,https://open.spotify.com/track/5uCax9HTNlzGybIStD3vDh
110,"She Bad","Cardi B",770397,https://open.spotify.com/track/0CfmNX2TXk7yoJqHJiixnp
111,"Candy Paint","Post Malone",769745,https://open.spotify.com/track/42CeaId2XNlxugDvyqHfDf
112,"Dusk Till Dawn - Radio Edit",ZAYN,757971,https://open.spotify.com/track/1j4kHkkpqZRBwE0A4CN4Yv
113,1-800-273-8255,Logic,757224,https://open.spotify.com/track/5tz69p7tJuGPeMGwNTxYuV
114,"La Player (Bandolera)","Zion & Lennox",751264,https://open.spotify.com/track/0VKkyBKCXyR99navhVRqcP
115,"Perfect Duet (Ed Sheeran & Beyoncé)","Ed Sheeran",749408,https://open.spotify.com/track/1bhUWB0zJMIKr9yVPrkEuI
116,"New Freezer (feat. Kendrick Lamar)","Rich The Kid",746246,https://open.spotify.com/track/0eHCArTPhwUxatY7cEXRiK
117,Solita,Ozuna,746185,https://open.spotify.com/track/7rwX0O3RlxqqIjQM8evm5E
118,"El Farsante - Remix",Ozuna,739821,https://open.spotify.com/track/7uYgVgRSgqluZclLS7wpp4
119,"Something Just Like This","The Chainsmokers",722619,https://open.spotify.com/track/6RUKPb4LETWmmr3iAEQktW
120,"Whatever It Takes","Imagine Dragons",718052,https://open.spotify.com/track/7F3uo3304R2CTvOseU3H7u
121,"I Like Me Better",Lauv,717339,https://open.spotify.com/track/1wjzFQodRWrPcQ0AnYnvQ9
122,Machika,"J Balvin",717220,https://open.spotify.com/track/6MNGxu8MprKGkchUchkJsy
123,Anywhere,"Rita Ora",713458,https://open.spotify.com/track/7EI6Iki24tBHAMxtb4xQN2
124,Betrayed,"Lil Xan",713244,https://open.spotify.com/track/4vaxvNDaLSoD36iZX515ug
125,"Bank Account","21 Savage",701994,https://open.spotify.com/track/2fQrGHiQOvpL9UgPvtYy6G
126,"One Dance",Drake,701898,https://open.spotify.com/track/1xznGGDReH1oQq0xzbwXa3
127,"How Long","Charlie Puth",698456,https://open.spotify.com/track/32DGGj6KlNuBr6WaqRxpxi
128,Location,Khalid,698099,https://open.spotify.com/track/152lZdxL1OR0ZMW6KquMif
129,"Sorry Not Sorry","Demi Lovato",698071,https://open.spotify.com/track/3m660poUr1chesgkkjQM7P
130,Esperándote,"Manuel Turizo",696453,https://open.spotify.com/track/1nfyE13arjOuO54HH0zmqj
131,"Me Rehúso","Danny Ocean",692751,https://open.spotify.com/track/6De0lHrwBfPfrhorm9q1Xl
132,"Playinwitme (feat. Kehlani)",KYLE,686434,https://open.spotify.com/track/43cFjTTCD9Cni4aSL0sORz
133,Attention,"Charlie Puth",682397,https://open.spotify.com/track/4iLqG9SeJSnt0cSPICSjxv
134,Beautiful,Bazzi,678840,https://open.spotify.com/track/1OilOIju6R9ia8vilNjChh
135,Ahora,"J Balvin",672417,https://open.spotify.com/track/54OB85nuxYGfl7qRQXuz7c
136,goosebumps,"Travis Scott",666488,https://open.spotify.com/track/6gBFPUFcJLzWGx4lenP6h2
137,"Te Amo","Piso 21",666060,https://open.spotify.com/track/2RVrdr062uLFxXwIxwdXPH
138,"Tip Toe (feat. French Montana)","Jason Derulo",663831,https://open.spotify.com/track/2z4pcBLQXF2BXKFvd0BuB6
139,"Se Preparó",Ozuna,658925,https://open.spotify.com/track/1m69ELEgE6k5ZWsap40ozt
140,"Fuck Love (feat. Trippie Redd)",XXXTENTACION,655804,https://open.spotify.com/track/7AQim7LbvFVZJE3O8TYgf2
141,"Chasing Fire",Lauv,650525,https://open.spotify.com/track/1xy4apMFecGGkgBeaHFZ2M
142,"All Falls Down","Alan Walker",648220,https://open.spotify.com/track/5yFSF6qQA1rcLsQRnBsZgb
143,"the remedy for a broken heart (why am I so in love)",XXXTENTACION,644976,https://open.spotify.com/track/4UKCKdYiLN6IMA5ZESUTL7
144,"Nowadays (feat. Landon Cube)","Lil Skies",641015,https://open.spotify.com/track/2u7mxWSeoqTXndK5e08jMp
145,"More Than You Know","Axwell /\ Ingrosso",640840,https://open.spotify.com/track/71bBFbfn2OBK5QwUJSLS44
146,Barking,Ramz,639898,https://open.spotify.com/track/7amMgNDcObIDkIXv4xcvc2
147,Closer,"The Chainsmokers",639756,https://open.spotify.com/track/7BKLCZ1jbUBVqRi2FVlTVw
148,"44 More",Logic,635863,https://open.spotify.com/track/3e7Y6sfFlIdBMJhX7wpqVO
149,"No Limit",G-Eazy,633320,https://open.spotify.com/track/2DQ1ITjI0YoLFzuADN1ZBW
150,"Thinking Out Loud","Ed Sheeran",629033,https://open.spotify.com/track/1Slwb6dOYkBlWal1PGtnNg
151,"So Far Away (feat. Jamie Scott & Romy Dya)","Martin Garrix",623197,https://open.spotify.com/track/0OlnLZY4cmQzT6ZGttvWBM
152,"Plain Jane","A$AP Ferg",621739,https://open.spotify.com/track/4dVpf9jZjcORqGTLUaeYj9
153,"Bounce Out With That","YBN Nahmir",621404,https://open.spotify.com/track/5lZsh9Qf7CbHI9Fcc7Zcsq
154,"Red Roses (feat. Landon Cube)","Lil Skies",616497,https://open.spotify.com/track/3ZhTT6yjZwpPph5MIJ53XY
155,"Mi Gente","J Balvin",614963,https://open.spotify.com/track/2rb5MvYT7ZIxbKW5hfcHx8
156,"Báilame - Remix",Nacho,612796,https://open.spotify.com/track/3VClLWqNn80Llv0PJOsKgr
157,Photograph,"Ed Sheeran",611359,https://open.spotify.com/track/6fxVffaTuwjgEk5h9QyRjy
158,"There's Nothing Holdin' Me Back","Shawn Mendes",610968,https://open.spotify.com/track/79cuOz3SPQTuFrp8WgftAu
159,"To My Love - Tainy Remix","Bomba Estéreo",610455,https://open.spotify.com/track/5LciLoxa1gK70yIUeoHgRx
160,"You Are The Reason","Calum Scott",606403,https://open.spotify.com/track/2VgJDTfkuwlm7WIHnvtRCQ
161,"I Wanna Know (feat. Bea Miller)",NOTD,604537,https://open.spotify.com/track/18W92Zm1KjLCbUIszOhpkD
162,"BUTTERFLY EFFECT","Travis Scott",601816,https://open.spotify.com/track/1yxgsra98r3qAtxqiGZPiX
163,Passionfruit,Drake,590222,https://open.spotify.com/track/5mCPDVBb16L4XQwDdbRUpz
164,"Symphony (feat. Zara Larsson)","Clean Bandit",587339,https://open.spotify.com/track/1x5sYLZiu9r5E43kMlt9f8
165,"LOVE. FEAT. ZACARI.","Kendrick Lamar",586812,https://open.spotify.com/track/6PGoSes0D9eUDeeAafB2As
166,"Quiero Repetir",Ozuna,585383,https://open.spotify.com/track/0MIcPSq9n2z5H8TAfEstri
167,"Bad Company","A$AP Rocky",584483,https://open.spotify.com/track/3ZYwSDF9knZI0RVlKR4PHC
168,"Everybody Dies In Their Nightmares",XXXTENTACION,576034,https://open.spotify.com/track/3GVkPk8mqxz0itaAriG1L7
169,Starboy,"The Weeknd",575027,https://open.spotify.com/track/5aAx2yezTd8zXrkmtKl66Z
170,"Déjate Llevar","Juan Magán",574373,https://open.spotify.com/track/3xWEI23MLJrD0dpDcDUTW6
171,"That's What I Like","Bruno Mars",573243,https://open.spotify.com/track/0KKkJNfGyhkQ5aFogxQAPU
172,"Despacito - Remix","Luis Fonsi",572088,https://open.spotify.com/track/5CtI0qwDJkDQGwXD1H1cLb
173,"Mr. Brightside","The Killers",569920,https://open.spotify.com/track/7oK9VyNzrYvRFo7nQEYkWN
174,MotorSport,Migos,569673,https://open.spotify.com/track/4wFjTWCunQFKtukqrNijEt
175,"Wonderwall - Remastered",Oasis,568509,https://open.spotify.com/track/5qqabIl2vWzo9ApSC317sa
176,Alien,"Sabrina Carpenter",567350,https://open.spotify.com/track/0RUTnY2B3s05fZuCHsNaUP
177,"Leave a Light On","Tom Walker",567028,https://open.spotify.com/track/6lOWoTqVnAWXchddtTH31W
178,66,"Lil Yachty",564550,https://open.spotify.com/track/6tarvNiKnEjYMj1VZhlDqR
179,"Go Flex","Post Malone",562666,https://open.spotify.com/track/5yuShbu70mtHXY0yLzCQLQ
180,Paradise,"George Ezra",562437,https://open.spotify.com/track/38zwkK6TtTjIW9tpYBfZ3D
181,"I'm Yours","Jason Mraz",561494,https://open.spotify.com/track/3S0OXQeoh0w6AY8WQVckRW
182,Stargazing,Kygo,559377,https://open.spotify.com/track/0Zbbxnx4SGGHoIow4PpISP
183,Mayores,"Becky G",557690,https://open.spotify.com/track/7JNh1cfm0eXjqFVOzKLyau
184,"Sky Walker",Miguel,549204,https://open.spotify.com/track/5WoaF1B5XIEnWfmb5NZikf
185,"Hard 2 Face Reality","Poo Bear",549052,https://open.spotify.com/track/0sPJELXHyWpFgkxlzvvRFI
186,"Gucci Gang","Lil Pump",547709,https://open.spotify.com/track/43ZyHQITOjhciSUUNPVRHc
187,"The Greatest Show","Hugh Jackman",541874,https://open.spotify.com/track/43ay9lQZ5rfNcOOHhRF2cM
188,"El Clavo","Prince Royce",541694,https://open.spotify.com/track/0LKErfBZ5FbBiLB4OcZRbL
189,Issues,"Julia Michaels",540270,https://open.spotify.com/track/7vu0JkJh0ldukEYbTVcqd0
190,"Loca Remix",Khea,537825,https://open.spotify.com/track/2CRbiMK0W14l71SpDKqKZM
191,"Galway Girl","Ed Sheeran",533725,https://open.spotify.com/track/0afhq8XCExXpqazXczTSve
192,"Pineapple (feat. Gucci Mane & Quavo)","Ty Dolla $ign",532399,https://open.spotify.com/track/0TFVOjSvPTjFHkiZZekK5k
193,Africa,Toto,526578,https://open.spotify.com/track/2374M0fQpWi3dLnB54qaLX
194,"Strip That Down","Liam Payne",524816,https://open.spotify.com/track/6EpRaXYhGOB3fj4V2uDkMJ
195,"I'm the One (feat. Justin Bieber, Quavo, Chance the Rapper & Lil Wayne)","DJ Khaled",522244,https://open.spotify.com/track/3DXncPQOG4VBw3QHh3S817
196,"Home With You","Madison Beer",522024,https://open.spotify.com/track/11GGSyTB8cS9TgONHBOhEX
197,"Marry Me","Thomas Rhett",521829,https://open.spotify.com/track/0OWZFobGSIW9GrSlQ9C5pc
198,"Suena El Dembow","Joey Montana",518051,https://open.spotify.com/track/5TysCiZtv1HnSWcTcUFusI
199,"Lose Yourself - From ""8 Mile"" Soundtrack",Eminem,511849,https://open.spotify.com/track/7w9bgPAmPTtrkt2v16QWvQ
200,"What About Us",P!nk,509203,https://open.spotify.com/track/0Qh38w01QRXK6KHIv0e3hb
