,,,"Note that these figures are generated using a formula that protects against any artificial inflation of chart positions.",
Position,"Track Name",Artist,Streams,URL
1,"Lucky You (feat. Joyner Lucas)",Eminem,4692653,https://open.spotify.com/track/60SdxE8apGAxMiRrpbmLY0
2,"In My Feelings",Drake,4305393,https://open.spotify.com/track/2G7V7zsVDxg1yRsu7Ew9RJ
3,"The Ringer",Eminem,4178129,https://open.spotify.com/track/2jt2WxXMCD4zjACthkJQVE
4,"Eastside (with Halsey & Khalid)","benny blanco",3282712,https://open.spotify.com/track/0d2iYfpKoM0QCKvcLCkBao
5,"Girls Like You (feat. Cardi B)","Maroon 5",3146399,https://open.spotify.com/track/7fa9MBXhVfQ8P8Df9OEbD8
6,"FEFE (feat. Nicki Minaj & Murda Beatz)",6ix9ine,3012813,https://open.spotify.com/track/2E124GmJRnBJuXbTb4cPUB
7,Greatest,Eminem,2903788,https://open.spotify.com/track/2XTquzYQAdT1Hk78bOUwsv
8,"In My Mind",Dynoro,2876342,https://open.spotify.com/track/0E9ZjEAyAwOXZ7wJC0PD33
9,"SICKO MODE","Travis Scott",2810641,https://open.spotify.com/track/2xLMifQCjDGFmkHkpNLD9h
10,"Lucid Dreams","Juice WRLD",2772040,https://open.spotify.com/track/0s3nnoMeVWz3989MkNQiRf
11,"Promises (with Sam Smith)","Calvin Harris",2708667,https://open.spotify.com/track/5N5k9nd479b1xpDZ4usjrg
12,"No Brainer","DJ Khaled",2675864,https://open.spotify.com/track/5WvAo7DNuPRmk4APhdPzi8
13,"Not Alike (feat. Royce Da 5'9)",Eminem,2643058,https://open.spotify.com/track/28FGV3ORH14MYORd7s5dlU
14,Happier,Marshmello,2594747,https://open.spotify.com/track/2dpaYNEQHiRxtZbfNsse99
15,Fall,Eminem,2547330,https://open.spotify.com/track/58QhkbaAkLFnn7JwAnAato
16,"God is a woman","Ariana Grande",2480962,https://open.spotify.com/track/5OCJzvD7sykQEKHH7qAC3C
17,Kamikaze,Eminem,2447720,https://open.spotify.com/track/2gsNpSn7VvvJuSrIDfRoYy
18,"Taste (feat. Offset)",Tyga,2431477,https://open.spotify.com/track/5IaHrVsrferBYDm0bDyABy
19,"I Like It","Cardi B",2342962,https://open.spotify.com/track/58q2HKrzhC3ozto2nDdN4z
20,breathin,"Ariana Grande",2272333,https://open.spotify.com/track/4OafepJy2teCjYJbvFE60J
21,SAD!,XXXTENTACION,2240274,https://open.spotify.com/track/3ee8Jmje8o58CHK66QrVC2
22,"Be Alright","Dean Lewis",2174136,https://open.spotify.com/track/3EPXxR3ImUwfayaurPi3cm
23,"Vaina Loca",Ozuna,2173022,https://open.spotify.com/track/48zFZh27QU5qsrBjn4C2FA
24,Rise,"Jonas Blue",2155088,https://open.spotify.com/track/3u1S1OmAUhx5DRlLrXqyp3
25,"Body (feat. brando)","Loud Luxury",2098721,https://open.spotify.com/track/7K7MUBCnzgBAvMVW2RTWNs
26,Normal,Eminem,2095920,https://open.spotify.com/track/0evt4UZbdhnHtcAnxkm6A1
27,"Solo (feat. Demi Lovato)","Clean Bandit",2075400,https://open.spotify.com/track/6kPJZM97LwdG9QIsT7khp6
28,"Better Now","Post Malone",2072038,https://open.spotify.com/track/7dt6x5M1jzdTEt8oCbisTK
29,BEBE,6ix9ine,2004920,https://open.spotify.com/track/7ATATJztoWLcqDAcVVof0C
30,"Stepping Stone",Eminem,1992399,https://open.spotify.com/track/60Z57Wdrn0pEVpHI7d7GAX
31,"Jackie Chan",Tiësto,1991738,https://open.spotify.com/track/4kWO6O1BUXcZmaxitpVUwp
32,Youngblood,"5 Seconds of Summer",1957515,https://open.spotify.com/track/2iUXsYOEPhVqEBwsqP70rE
33,"Te Boté - Remix","Nio Garcia",1838998,https://open.spotify.com/track/3V8UKqhEK5zBkBb6d6ub8i
34,"One Kiss (with Dua Lipa)","Calvin Harris",1794772,https://open.spotify.com/track/7ef4DlsgrMEH11cDZd32M6
35,"Venom - Music From The Motion Picture",Eminem,1767986,https://open.spotify.com/track/2SL6oP2YAEQbqsrkOzRGO4
36,Moonlight,XXXTENTACION,1736904,https://open.spotify.com/track/0JP9xo3adEtGSdUEISiszL
37,Nonstop,Drake,1665983,https://open.spotify.com/track/0TlLq3lA83rQOYtrqBqSct
38,"Paul - Skit","Paul Rosenberg",1665905,https://open.spotify.com/track/0Uv5Kp8sEnriJjkX4oLfNI
39,"Good Guy (feat. Jessie Reyez)",Eminem,1629314,https://open.spotify.com/track/4g32MdRoqwGKQd3NXIRhpU
40,"Happy Now",Zedd,1580193,https://open.spotify.com/track/4keoy2fqgwGnbWlm3ZVZFa
41,Natural,"Imagine Dragons",1564299,https://open.spotify.com/track/4zIO3ilp5HvTeK3HJHxhMP
42,"Beautiful (feat. Camila Cabello)",Bazzi,1544805,https://open.spotify.com/track/4VUwkH455At9kENOfzTqmF
43,"Sin Pijama","Becky G",1543636,https://open.spotify.com/track/2ijef6ni2amuunRoKTlgww
44,"No Es Justo","J Balvin",1524456,https://open.spotify.com/track/5qFeMRz4TvetPmzjre9Dq7
45,"Nice Guy (with Jessie Reyez)",Eminem,1497102,https://open.spotify.com/track/09FfQO3PqHO4HIJL511Ksi
46,"God's Plan",Drake,1495824,https://open.spotify.com/track/6DCZcSspjsKoFjzjrWoCdn
47,"no tears left to cry","Ariana Grande",1491624,https://open.spotify.com/track/2qT1uLXPVPzGgFOx4jtEuo
48,Shotgun,"George Ezra",1483509,https://open.spotify.com/track/4ofwffwvvnbSkrMSCKQDaC
49,"Em Calls Paul - Skit",Eminem,1446995,https://open.spotify.com/track/6B3zy3LOKHndqsviCr2z15
50,"Jocelyn Flores",XXXTENTACION,1383575,https://open.spotify.com/track/7m9OqQk4RVRkw9JJdeAw96
51,STARGAZING,"Travis Scott",1341014,https://open.spotify.com/track/7wBJfHzpfI3032CSD7CE2m
52,"Whenever (feat. Conor Maynard)","Kris Kross Amsterdam",1338064,https://open.spotify.com/track/3DGar7krWlmrXRFHBcQF6z
53,"rockstar (feat. 21 Savage)","Post Malone",1307310,https://open.spotify.com/track/0e7ipj03S05BNilyu5bRzt
54,"Thunderclouds with Sia, Diplo & Labrinth",Sia,1251000,https://open.spotify.com/track/5a8RPWgKSmcGBGcffmIrUi
55,changes,XXXTENTACION,1245158,https://open.spotify.com/track/7AFASza1mXqntmGtbxXprO
56,"High Hopes","Panic! At The Disco",1232429,https://open.spotify.com/track/1rqqCSm0Qe4I9rUvWncaom
57,"Psycho (feat. Ty Dolla $ign)","Post Malone",1222099,https://open.spotify.com/track/3swc6WTsr7rl9DqQKQA55C
58,2002,Anne-Marie,1208650,https://open.spotify.com/track/2BgEsaKNfHUdlh97KmvFyo
59,Nevermind,"Dennis Lloyd",1193138,https://open.spotify.com/track/63SevszngYpZOwf63o61K4
60,"Don't Leave Me Alone (feat. Anne-Marie)","David Guetta",1168951,https://open.spotify.com/track/2lYTJK94hb0fd1LQtb6Dhk
61,"Ocean (feat. Khalid)","Martin Garrix",1157994,https://open.spotify.com/track/3nc420PXjTdBV5TN0gCFkS
62,"Born To Be Yours",Kygo,1157108,https://open.spotify.com/track/0kHyKhJMukHEPfeh8s7rdM
63,Clandestino,Shakira,1134534,https://open.spotify.com/track/7DrluKkTviBwCc8AV3VGmf
64,"Back To You - From 13 Reasons Why – Season 2 Soundtrack","Selena Gomez",1116275,https://open.spotify.com/track/4hQ6UGyWQIGJmHSo0J88JW
65,"Nice For What",Drake,1105693,https://open.spotify.com/track/3CA9pLiwRIGtUBiMjbZmRw
66,"Shape of You","Ed Sheeran",1102056,https://open.spotify.com/track/7qiZfU4dY1lWllzX7mPBI3
67,"Cuando Te Besé","Becky G",1101183,https://open.spotify.com/track/2XXMDz7SPZ4mSFN1PXfHUy
68,"Praise The Lord (Da Shine)","A$AP Rocky",1097168,https://open.spotify.com/track/7ycWLEP1GsNjVvcjawXz3z
69,"I'm a Mess","Bebe Rexha",1079496,https://open.spotify.com/track/04ZTP5KsCypmtCmQg5tH9R
70,"Fuck Love (feat. Trippie Redd)",XXXTENTACION,1053929,https://open.spotify.com/track/7AQim7LbvFVZJE3O8TYgf2
71,"Mala Mía",Maluma,1024650,https://open.spotify.com/track/62o8KoI44JfN7aYxgTnPvh
72,"No Me Acuerdo",Thalía,1013269,https://open.spotify.com/track/00EPIEnX1JFjff8sC6bccd
73,Believer,"Imagine Dragons",991771,https://open.spotify.com/track/0pqnGHJpmpxLKifKRmU6WP
74,"Yes Indeed","Lil Baby",982182,https://open.spotify.com/track/6vN77lE9LK6HP2DewaN6HZ
75,Havana,"Camila Cabello",977953,https://open.spotify.com/track/1rfofaqEpACxVEHIZBJe6W
76,IDGAF,"Dua Lipa",973914,https://open.spotify.com/track/76cy1WJvNGJTj78UqeA5zr
77,Asesina,Brytiago,948915,https://open.spotify.com/track/6rbhaJsE4uLzpPf8WYSHDK
78,"lovely (with Khalid)","Billie Eilish",939516,https://open.spotify.com/track/0u2P5u6lvoDfwTYjAADbn4
79,SWISH,Tyga,932602,https://open.spotify.com/track/55GiOwtxNajXVbpjjIzMnD
80,"Me Niego",Reik,930860,https://open.spotify.com/track/6jA8JUuPCGYjFcgw0AoM5T
81,"The Middle",Zedd,918520,https://open.spotify.com/track/09IStsImFySgyp0pIQdqAc
82,FRIENDS,Marshmello,915647,https://open.spotify.com/track/08bNPGLD8AhKpnnERrAc6G
83,Darkside,"Alan Walker",906725,https://open.spotify.com/track/1snWlbcbgQpJfknoI30DWG
84,"Don’t Matter To Me (with Michael Jackson)",Drake,906689,https://open.spotify.com/track/6G8kHiVZ1jW7vHMPVRNZU0
85,Thunder,"Imagine Dragons",894105,https://open.spotify.com/track/1zB4vmk8tFRmM9UULNzbLB
86,"New Rules","Dua Lipa",885893,https://open.spotify.com/track/2ekn2ttSfGqwhhate0LSR0
87,"All Girls Are The Same","Juice WRLD",878790,https://open.spotify.com/track/0XySogm94T51XF5F2jumXm
88,"Mo Bamba","Sheck Wes",872924,https://open.spotify.com/track/3QybPutx0Tjk472bBKjNWn
89,"Look Alive (feat. Drake)","BlocBoy JB",869578,https://open.spotify.com/track/4qKcDkK6siZ7Jp1Jb4m0aL
90,"Goodbye (feat. Nicki Minaj & Willy William)","Jason Derulo",868744,https://open.spotify.com/track/5Xn4IyTtW6FUGIUyWjbUHG
91,"La Player (Bandolera)","Zion & Lennox",867242,https://open.spotify.com/track/0VKkyBKCXyR99navhVRqcP
92,"X - Remix","Nicky Jam",860545,https://open.spotify.com/track/6JjPBQfI2Y8nIjnm65X6Pw
93,"Quiere Beber","Anuel Aa",858737,https://open.spotify.com/track/3rPAD722s5FFNnwjC91t7Z
94,Perfect,"Ed Sheeran",856785,https://open.spotify.com/track/0tgVpDi06FyKpA1z0VMD4v
95,X,"Nicky Jam",854573,https://open.spotify.com/track/39N9RPD9MRb5WmoLzNzPeA
96,"High On Life (feat. Bonn)","Martin Garrix",848341,https://open.spotify.com/track/4ut5G4rgB1ClpMTMfjoIuy
97,"I Like Me Better",Lauv,847747,https://open.spotify.com/track/2P91MQbaiQOfbiz9VqhqKQ
98,"Lean Wit Me","Juice WRLD",829739,https://open.spotify.com/track/29tc0GbW0pTSBZSCZF3NWk
99,"Everybody Dies In Their Nightmares",XXXTENTACION,820377,https://open.spotify.com/track/3GVkPk8mqxz0itaAriG1L7
100,"Love Lies (with Normani)",Khalid,799156,https://open.spotify.com/track/45Egmo7icyopuzJN0oMEdk
101,"I Fall Apart","Post Malone",796857,https://open.spotify.com/track/75ZvA4QfFiZvzhj2xkaWAh
102,"1, 2, 3 (feat. Jason Derulo & De La Ghetto)","Sofia Reyes",795952,https://open.spotify.com/track/4QtiVmuA88tPQiCOHZuQ5b
103,Unica,Ozuna,790478,https://open.spotify.com/track/33b2wX9d0kxqxhi7lcsC1A
104,"Side Effects","The Chainsmokers",788045,https://open.spotify.com/track/3OtQmFLS5b3pTgIf44GQFJ
105,YOSEMITE,"Travis Scott",780155,https://open.spotify.com/track/7lAK3oHbfEnvUQWosrMMpR
106,"Look At Me!",XXXTENTACION,774026,https://open.spotify.com/track/6eYxmK9fdL4hwLnXG2zY3s
107,"BIG BANK (feat. 2 Chainz, Big Sean, Nicki Minaj)",YG,769727,https://open.spotify.com/track/0ZNrc4kNeQYD9koZ3KvCsy
108,"These Days (feat. Jess Glynne, Macklemore & Dan Caplen)",Rudimental,769047,https://open.spotify.com/track/5CLGzJsGqhCEECcpnFQA8x
109,"XO TOUR Llif3","Lil Uzi Vert",756327,https://open.spotify.com/track/7GX5flRQZVHRAGd6B4TmDO
110,"Wasted (feat. Lil Uzi Vert)","Juice WRLD",749446,https://open.spotify.com/track/3obgSF06ki98lYNLNq5vCB
111,"Por Perro","Sebastian Yatra",748458,https://open.spotify.com/track/2alIsNw1mqEShbWyO1HXZZ
112,"Toda - Remix","Alex Rose",746595,https://open.spotify.com/track/7nD2JPaxIKUdxd2UWgnaGL
113,"Meant to Be (feat. Florida Georgia Line)","Bebe Rexha",744509,https://open.spotify.com/track/4e4fqjx0Izh4svvTef1z7e
114,Flames,"David Guetta",741180,https://open.spotify.com/track/33IOhptvC2Qoy2UhjiHXLV
115,Hipócrita,"Anuel Aa",738966,https://open.spotify.com/track/6XBjCetHKdO5L9cwMDVffw
116,"8 Letters","Why Don't We",733918,https://open.spotify.com/track/4zRZAmBQP8vhNPf9i9opXt
117,"Mi Cama - Remix","Karol G",729256,https://open.spotify.com/track/38QmUDpkoYlNbMKvpvAsrE
118,"W O R K I N M E",Quavo,728415,https://open.spotify.com/track/33tNYw9oMtSkGe27NpgS64
119,Mine,Bazzi,725986,https://open.spotify.com/track/7uzmGiiJyRfuViKKK3lVmR
120,"Taking A Walk","Trippie Redd",723803,https://open.spotify.com/track/4mHgYpuGHu99Mw69E83CP2
121,IDOL,BTS,722136,https://open.spotify.com/track/03iCbZaM4OkRR4We6wIzvx
122,sweetener,"Ariana Grande",722118,https://open.spotify.com/track/70khXICDeTTxgYtw3EysKH
123,"I'm Yours","Jason Mraz",702801,https://open.spotify.com/track/3S0OXQeoh0w6AY8WQVckRW
124,"Tie Me Down (with Elley Duhé)",Gryffin,702589,https://open.spotify.com/track/4QVS8YCpK71R4FsxSMCjhP
125,"Madura (feat. Bad Bunny)",Cosculluela,702294,https://open.spotify.com/track/0r9d60ZYPAlFHq8qnUtkXN
126,Closer,"The Chainsmokers",699404,https://open.spotify.com/track/7BKLCZ1jbUBVqRi2FVlTVw
127,"Estamos Bien","Bad Bunny",695047,https://open.spotify.com/track/7glCSQqV5o6NU88Cn4zPZn
128,Happier,"Ed Sheeran",689662,https://open.spotify.com/track/2RttW7RAu5nOAfq6YFvApB
129,"Dura - Remix","Daddy Yankee",686780,https://open.spotify.com/track/6U2NuJILEOEpW2tVCuqKHb
130,"Too Good At Goodbyes","Sam Smith",683596,https://open.spotify.com/track/1mXVgsBdtIVeCLJnSnmtdV
131,"In My Blood","Shawn Mendes",674479,https://open.spotify.com/track/2QZ7WLBE8h2y1Y5Fb8RYbH
132,"Say You Won't Let Go","James Arthur",674303,https://open.spotify.com/track/5uCax9HTNlzGybIStD3vDh
133,"Drew Barrymore","Bryce Vine",672933,https://open.spotify.com/track/0OgGn1ofaj55l2PcihQQGV
134,"the remedy for a broken heart (why am I so in love)",XXXTENTACION,672430,https://open.spotify.com/track/4UKCKdYiLN6IMA5ZESUTL7
135,everytime,"Ariana Grande",653712,https://open.spotify.com/track/0WdR2AyLW1Drd3OUdwezM0
136,OTW,Khalid,653037,https://open.spotify.com/track/6Hgh47WXVKtXN5zGOu0hjI
137,"Blah Blah Blah","Armin van Buuren",643376,https://open.spotify.com/track/0tp6mwUt99QnfY95T30Lqj
138,"Call Out My Name","The Weeknd",635709,https://open.spotify.com/track/1gm616Plq4ScqNi7TVkZ5N
139,"'Till I Collapse",Eminem,631181,https://open.spotify.com/track/4xkOaSrkexMciUUogZKVTS
140,Congratulations,"Post Malone",626902,https://open.spotify.com/track/3a1lNhkSLSkpJE4MSHpDu9
141,"Amigos Con Derechos",Reik,624249,https://open.spotify.com/track/2zDj4WjbNDmrRL6Z4YjjCA
142,"Me Dijeron",Ozuna,622370,https://open.spotify.com/track/17UUYZ290omPaJY4wKeyHh
143,Africa,Toto,621938,https://open.spotify.com/track/2374M0fQpWi3dLnB54qaLX
144,"BUTTERFLY EFFECT","Travis Scott",618909,https://open.spotify.com/track/6xcJyGpfZbuuiequtnlKt4
145,IDOL,BTS,618058,https://open.spotify.com/track/2AIWoHr9DF6y4KALCBKWQS
146,HUMBLE.,"Kendrick Lamar",614862,https://open.spotify.com/track/7KXjTSCq5nL1LoYtL7XAwS
147,"Something Just Like This","The Chainsmokers",611514,https://open.spotify.com/track/6RUKPb4LETWmmr3iAEQktW
148,"I'm Upset",Drake,609662,https://open.spotify.com/track/3qN5qMTKyEEmiTZD38BNTT
149,"La Cintura","Alvaro Soler",608091,https://open.spotify.com/track/19MBk3PbNFE36wqIqkMq9H
150,"Chica Paranormal","Paulo Londra",607868,https://open.spotify.com/track/2r77vqSZkOktTSgmAOoHsV
151,"Remind Me to Forget",Kygo,603616,https://open.spotify.com/track/6xTU6B6nFwKKTSZ9ySXS80
152,Hope,XXXTENTACION,603363,https://open.spotify.com/track/2ZRo7axmMPeSVUvDbGkJah
153,"Hopeless Romantic (feat. Swae Lee)","Wiz Khalifa",599039,https://open.spotify.com/track/7IBSffWIu7P2MC7kMwy2FM
154,"Dance To This (feat. Ariana Grande)","Troye Sivan",596645,https://open.spotify.com/track/17JYzDCW1UTndfURuTydF2
155,Noticed,"Lil Mosey",592260,https://open.spotify.com/track/7d6XJZjnm7iWcKwYL9z5kC
156,"Ric Flair Drip (& Metro Boomin)",Offset,591169,https://open.spotify.com/track/7sO5G9EABYOXQKNPNiE9NR
157,"Bella - Remix",Wolfine,588616,https://open.spotify.com/track/0SaYeGhSXN0dDWstyNTQ56
158,"Ball For Me (feat. Nicki Minaj)","Post Malone",587708,https://open.spotify.com/track/6IaieqiCVvsNvEt6Y7yOFa
159,"Mob Ties",Drake,587593,https://open.spotify.com/track/7rC5Pl8rQSX4myONQHYPBK
160,"Ya No Tiene Novio","Sebastian Yatra",584949,https://open.spotify.com/track/7uQmJ1jgNzBpATSoWKSPFu
161,"Feel It Still","Portugal. The Man",582163,https://open.spotify.com/track/6QgjcU0zLnzq5OrUoSZ3OK
162,"Plug Walk","Rich The Kid",579312,https://open.spotify.com/track/1ZAyjvIk9YiD76yYy0TEG6
163,"Thinking Out Loud","Ed Sheeran",578734,https://open.spotify.com/track/1Slwb6dOYkBlWal1PGtnNg
164,"River (feat. Ed Sheeran)",Eminem,576870,https://open.spotify.com/track/1cS0TgbR263ey9jn0MwD2s
165,"Wonderwall - Remastered",Oasis,576504,https://open.spotify.com/track/5qqabIl2vWzo9ApSC317sa
166,"What Lovers Do (feat. SZA)","Maroon 5",572013,https://open.spotify.com/track/0GxQ1A5L9xnMOytbP6eKBG
167,Culpables,"Manuel Turizo",571579,https://open.spotify.com/track/3RD0PGolM0mETGHaprwgMn
168,goosebumps,"Travis Scott",570874,https://open.spotify.com/track/6gBFPUFcJLzWGx4lenP6h2
169,"One Dance",Drake,569103,https://open.spotify.com/track/1zi7xx7UVEFkmKfv06H8x0
170,"Freaky Friday (feat. Chris Brown)","Lil Dicky",567356,https://open.spotify.com/track/10Igtw8bSDyyFs7KIsKngZ
171,"All The Stars (with SZA)","Kendrick Lamar",566121,https://open.spotify.com/track/3GCdLUSnKSMJhs4Tj6CV3s
172,"you should see me in a crown","Billie Eilish",562850,https://open.spotify.com/track/6vsV4D8BM6PioRr1UOx0n2
173,"Walk It Talk It",Migos,562375,https://open.spotify.com/track/6n4U3TlzUGhdSFbUUhTvLP
174,"Whatever It Takes","Imagine Dragons",560179,https://open.spotify.com/track/6Qn5zhYkTa37e91HC1D7lb
175,Celoso,"Lele Pons",559597,https://open.spotify.com/track/33zcmmElV1YbRZe57biUjg
176,Photograph,"Ed Sheeran",556653,https://open.spotify.com/track/6fxVffaTuwjgEk5h9QyRjy
177,"Wake Me Up - Radio Edit",Avicii,556313,https://open.spotify.com/track/4h8VwCb1MTGoLKueQ1WgbD
178,"Only You (with Little Mix)","Cheat Codes",556225,https://open.spotify.com/track/54l9GJGQ1UCFKe2tzt1Vxt
179,"Lose Yourself - From ""8 Mile"" Soundtrack",Eminem,556141,https://open.spotify.com/track/7w9bgPAmPTtrkt2v16QWvQ
180,REMEDY,Alesso,555172,https://open.spotify.com/track/6jreFSOTUAViWjKyzOC4Kg
181,Halo,Beyoncé,554958,https://open.spotify.com/track/2CvOqDpQIMw69cCzWqr5yr
182,"Perfect Duet (Ed Sheeran & Beyoncé)","Ed Sheeran",554410,https://open.spotify.com/track/1bhUWB0zJMIKr9yVPrkEuI
183,"Bed (feat. Ariana Grande)","Nicki Minaj",553313,https://open.spotify.com/track/3L4GsGLgxpHieVQH86H8bv
184,"No Quiero Amarte (feat. Zion & Lennox)","Justin Quiles",552619,https://open.spotify.com/track/5bITfqKGaPakO1l99hOMsI
185,"Te Amo","Piso 21",550328,https://open.spotify.com/track/2RVrdr062uLFxXwIxwdXPH
186,Silence,Marshmello,545169,https://open.spotify.com/track/7vGuf3Y35N4wmASOKLUVVU
187,"Magic In The Hamptons (feat. Lil Yachty)","Social House",544107,https://open.spotify.com/track/2Yer0p7uB2lVBUAtANuuQp
188,"Candy Paint","Post Malone",543274,https://open.spotify.com/track/32lItqlMi4LBhb4k0BaSaC
189,"All of Me","John Legend",541944,https://open.spotify.com/track/3uhBIQ7tv8j1FME8cFGEfG
190,Unforgettable,"French Montana",540074,https://open.spotify.com/track/3B54sVLJ402zGa6Xm4YGNe
191,"Feels Like Summer","Childish Gambino",537231,https://open.spotify.com/track/7p4vHnYXkxlzvfePJVpcTr
192,Connection,OneRepublic,536683,https://open.spotify.com/track/3T4UodGkfZObJ43RtA5KFU
193,"Síguelo Bailando",Ozuna,533776,https://open.spotify.com/track/5Y9fnynLlIvqtM710MHzfz
194,Wolves,"Selena Gomez",533703,https://open.spotify.com/track/0tBbt8CrmxbjRP0pueQkyU
195,"Let Her Go",Passenger,531962,https://open.spotify.com/track/2jyjhRf6DVbMPU5zxagN2h
196,"Young Dumb & Broke",Khalid,531710,https://open.spotify.com/track/5Z3GHaZ6ec9bsiI5BenrbY
197,"Mr. Brightside","The Killers",528457,https://open.spotify.com/track/7oK9VyNzrYvRFo7nQEYkWN
198,"If You're Over Me","Years & Years",528209,https://open.spotify.com/track/1oc3jna2ablnfIKLYbKujl
199,"Nephew (feat. Lil Pump)",Smokepurpp,523587,https://open.spotify.com/track/0ibOcbkp2XG46Do8jcy0bL
200,"WAKE UP","Travis Scott",518190,https://open.spotify.com/track/20MuVazoNMv6xjKPnRFOxG
