,,,"Note that these figures are generated using a formula that protects against any artificial inflation of chart positions.",
Position,"Track Name",Artist,Streams,URL
1,"God's Plan",Drake,5560608,https://open.spotify.com/track/2XW4DbS6NddZxRPm5rMCeY
2,"Call Out My Name","The Weeknd",3915436,https://open.spotify.com/track/1gm616Plq4ScqNi7TVkZ5N
3,"Psycho (feat. Ty Dolla $ign)","Post Malone",3872638,https://open.spotify.com/track/65NwOZqoXny4JxqAPlfxRF
4,"Nice For What",Drake,3853664,https://open.spotify.com/track/1cTZMwcBJT0Ka3UJPXOeeN
5,X,"Nicky Jam",3809629,https://open.spotify.com/track/39N9RPD9MRb5WmoLzNzPeA
6,FRIENDS,Marshmello,3509691,https://open.spotify.com/track/08bNPGLD8AhKpnnERrAc6G
7,"Freaky Friday (feat. Chris Brown)","Lil Dicky",3008968,https://open.spotify.com/track/10Igtw8bSDyyFs7KIsKngZ
8,IDGAF,"Dua Lipa",2985260,https://open.spotify.com/track/76cy1WJvNGJTj78UqeA5zr
9,SAD!,XXXTENTACION,2931665,https://open.spotify.com/track/3ee8Jmje8o58CHK66QrVC2
10,"The Middle",Zedd,2864541,https://open.spotify.com/track/2ARqIya5NAuvFVHSN3bL0m
11,"Look Alive (feat. Drake)","BlocBoy JB",2792297,https://open.spotify.com/track/4qKcDkK6siZ7Jp1Jb4m0aL
12,"Love Lies (with Normani)",Khalid,2687143,https://open.spotify.com/track/45Egmo7icyopuzJN0oMEdk
13,"These Days (feat. Jess Glynne, Macklemore & Dan Caplen)",Rudimental,2554642,https://open.spotify.com/track/5CLGzJsGqhCEECcpnFQA8x
14,Mine,Bazzi,2446233,https://open.spotify.com/track/6tHWl8ows5JOZq9Yfaqn3M
15,"All The Stars (with SZA)","Kendrick Lamar",2411230,https://open.spotify.com/track/3GCdLUSnKSMJhs4Tj6CV3s
16,Dura,"Daddy Yankee",2272361,https://open.spotify.com/track/2j2fIJGh4PMdXt9ULI5Tlc
17,rockstar,"Post Malone",2233710,https://open.spotify.com/track/2U7Hu2RaNQNRi7izoJyZaX
18,"One Kiss (with Dua Lipa)","Calvin Harris",2182708,https://open.spotify.com/track/7ef4DlsgrMEH11cDZd32M6
19,Havana,"Camila Cabello",2098531,https://open.spotify.com/track/1rfofaqEpACxVEHIZBJe6W
20,"In My Blood","Shawn Mendes",2071746,https://open.spotify.com/track/79jX8RM5CgPqDKdGEKNW9K
21,"Plug Walk","Rich The Kid",2052165,https://open.spotify.com/track/6mAz8D1TmlTuef90dbNIiZ
22,"Me Niego",Reik,1943461,https://open.spotify.com/track/6jA8JUuPCGYjFcgw0AoM5T
23,"Meant to Be (feat. Florida Georgia Line)","Bebe Rexha",1914974,https://open.spotify.com/track/7iDa6hUg2VgEL1o1HjmfBn
24,"Wasted Times","The Weeknd",1843965,https://open.spotify.com/track/72TyiiduRmczEbDIEtKQdR
25,"Try Me","The Weeknd",1780172,https://open.spotify.com/track/2poOAWEj1CStqTVPgIHZ8s
26,"Walk It Talk It",Migos,1702964,https://open.spotify.com/track/6n4U3TlzUGhdSFbUUhTvLP
27,"Like I Do","David Guetta",1680750,https://open.spotify.com/track/6RnkFd8Fqqgk1Uni8RgqCQ
28,Bella,Wolfine,1649770,https://open.spotify.com/track/3xcCix7Jv1Rp90YVmgo35D
29,"Échame La Culpa","Luis Fonsi",1636437,https://open.spotify.com/track/1zsG4eaZmkA1dvjDDsAGLK
30,"Never Be the Same","Camila Cabello",1635671,https://open.spotify.com/track/4eWQlBRaTjPPUlzacqEeoQ
31,Delicate,"Taylor Swift",1599412,https://open.spotify.com/track/6NFyWDv5CjfwuzoCkw47Xf
32,"New Rules","Dua Lipa",1590237,https://open.spotify.com/track/2ekn2ttSfGqwhhate0LSR0
33,Nevermind,"Dennis Lloyd",1551951,https://open.spotify.com/track/63SevszngYpZOwf63o61K4
34,"Pray For Me (with Kendrick Lamar)","The Weeknd",1532417,https://open.spotify.com/track/4ofvoCdXq99vpMZO4Cfp8x
35,"Déjala Que Vuelva (feat. Manuel Turizo)","Piso 21",1499493,https://open.spotify.com/track/33bnxcjePIkcmNjEFTJX0l
36,"Shape of You","Ed Sheeran",1495994,https://open.spotify.com/track/7qiZfU4dY1lWllzX7mPBI3
37,"Say Something","Justin Timberlake",1483877,https://open.spotify.com/track/1LhMopPAallLeaeNutqbgS
38,"Ric Flair Drip (& Metro Boomin)",Offset,1438743,https://open.spotify.com/track/7sO5G9EABYOXQKNPNiE9NR
39,"I Like It","Cardi B",1435727,https://open.spotify.com/track/58q2HKrzhC3ozto2nDdN4z
40,"Síguelo Bailando",Ozuna,1425485,https://open.spotify.com/track/5Y9fnynLlIvqtM710MHzfz
41,Moonlight,XXXTENTACION,1423737,https://open.spotify.com/track/0JP9xo3adEtGSdUEISiszL
42,"1, 2, 3 (feat. Jason Derulo & De La Ghetto)","Sofia Reyes",1416378,https://open.spotify.com/track/4QtiVmuA88tPQiCOHZuQ5b
43,Amorfoda,"Bad Bunny",1416079,https://open.spotify.com/track/3ITvHA9zhZZdBJsOsAUegF
44,"Remind Me to Forget",Kygo,1402859,https://open.spotify.com/track/6xTU6B6nFwKKTSZ9ySXS80
45,"Mad Love","Sean Paul",1390937,https://open.spotify.com/track/3soOPBuMK8YMdWnV7xpEyf
46,"Be Careful","Cardi B",1384799,https://open.spotify.com/track/2Yl4OmDby9iitgNWZPwxkd
47,Perfect,"Ed Sheeran",1383548,https://open.spotify.com/track/0tgVpDi06FyKpA1z0VMD4v
48,"Drip (feat. Migos)","Cardi B",1363365,https://open.spotify.com/track/2qcG0nZ6S3zZV0UrkY5nFo
49,"I Fall Apart","Post Malone",1321503,https://open.spotify.com/track/75ZvA4QfFiZvzhj2xkaWAh
50,Wolves,"Selena Gomez",1307541,https://open.spotify.com/track/7EmGUiUaOSGDnUUQUDrOXC
51,"River (feat. Ed Sheeran)",Eminem,1288783,https://open.spotify.com/track/5UEnHoDYpsxlfzWLZIc7LD
52,"I Do (feat. SZA)","Cardi B",1277057,https://open.spotify.com/track/1f5PNhkNgUpvDEeZfcIlO1
53,Everyday,Logic,1257982,https://open.spotify.com/track/4EAV2cKiqKP5UPZmY6dejk
54,"Get Up 10","Cardi B",1234594,https://open.spotify.com/track/7p2ewixAShLpjDZrnzZK7c
55,"Stir Fry",Migos,1215770,https://open.spotify.com/track/2UVbBKQOdFAekPTRsnkzcf
56,"Powerglide (feat. Juicy J)","Rae Sremmurd",1200969,https://open.spotify.com/track/2yUbCEiaolfSMluDo9RMmG
57,"Bodak Yellow","Cardi B",1190784,https://open.spotify.com/track/6KBYefIoo7KydImq1uUQlL
58,"Bartier Cardi (feat. 21 Savage)","Cardi B",1182036,https://open.spotify.com/track/0dIoGTQXDh1wVnhIiSyYEa
59,"Feel It Still","Portugal. The Man",1177906,https://open.spotify.com/track/6QgjcU0zLnzq5OrUoSZ3OK
60,"Finesse (Remix) [feat. Cardi B]","Bruno Mars",1174987,https://open.spotify.com/track/3Vo4wInECJQuz9BIBMOu8i
61,Criminal,"Natti Natasha",1164674,https://open.spotify.com/track/6Za3190Sbw39BBC77WSS1C
62,"Hurt You","The Weeknd",1152198,https://open.spotify.com/track/13wNEvWmBsWaWVtiLPRIW5
63,Downtown,Anitta,1146302,https://open.spotify.com/track/3Ga6eKrUFf12ouh9Yw3v2D
64,Corazón,Maluma,1142145,https://open.spotify.com/track/4lESS6vuruP6a79KWRaQou
65,JAPAN,"Famous Dex",1140142,https://open.spotify.com/track/5PTG6rrL6EPFD9E2QMI2pl
66,"Lemon - Drake Remix",N.E.R.D,1118594,https://open.spotify.com/track/739vCwA3EpBSkk3uDsI2wB
67,Thunder,"Imagine Dragons",1111522,https://open.spotify.com/track/26gceVsA1ybT8qsX3aYLEn
68,Bickenhead,"Cardi B",1106732,https://open.spotify.com/track/17Yq72h0p15OhCbZ5lJ5gd
69,"King's Dead (with Kendrick Lamar, Future & James Blake)","Jay Rock",1098653,https://open.spotify.com/track/51rXHuKN8Loc4sUlKPODgH
70,"Best Life (feat. Chance The Rapper)","Cardi B",1093500,https://open.spotify.com/track/00B7TZ0Xawar6NZ00JFomN
71,"Sick Boy","The Chainsmokers",1085753,https://open.spotify.com/track/2JfXj2TERIkHwJpnG9f8uX
72,"I Was Never There","The Weeknd",1083889,https://open.spotify.com/track/56d6kYZhfhzpoC3s1dRU2V
73,"El Préstamo",Maluma,1079564,https://open.spotify.com/track/0QS5rZpm5zN9wV9lJgjyUE
74,"Lost In Japan","Shawn Mendes",1057030,https://open.spotify.com/track/7wvYmO5QscgIDDT0eNwbYX
75,"Let You Down",NF,1047195,https://open.spotify.com/track/6mrKP2jyIQmM0rw6fQryjr
76,Dembow,"Danny Ocean",1044528,https://open.spotify.com/track/2EzRdhuoPyNJDlep7lnNf2
77,"XO TOUR Llif3","Lil Uzi Vert",1031347,https://open.spotify.com/track/7GX5flRQZVHRAGd6B4TmDO
78,"Ring (feat. Kehlani)","Cardi B",1015957,https://open.spotify.com/track/5DfWF0jqMgZDCiu9zJENTA
79,Flames,"David Guetta",1012289,https://open.spotify.com/track/33IOhptvC2Qoy2UhjiHXLV
80,"EL BAÑO","Enrique Iglesias",1001085,https://open.spotify.com/track/2vvdTrdryjsl8DmPIMDWZU
81,Believer,"Imagine Dragons",997657,https://open.spotify.com/track/7Izh7zLJGw1Nscd62Exxj4
82,Breathe,"Jax Jones",992262,https://open.spotify.com/track/6tvQzeCPwOytDlBYCIOY0n
83,"Let Me Go (with Alesso, Florida Georgia Line & watt)","Hailee Steinfeld",987738,https://open.spotify.com/track/5AEtlRudpgdT5FtNiuly6Y
84,Sensualidad,"Bad Bunny",981522,https://open.spotify.com/track/5hcisvFMidkMJlElTO9Qmw
85,"A$AP Forever","A$AP Rocky",975910,https://open.spotify.com/track/1YmF9PvLhIISIANoMLIYGq
86,Silence,Marshmello,972165,https://open.spotify.com/track/7vGuf3Y35N4wmASOKLUVVU
87,Congratulations,"Post Malone",966549,https://open.spotify.com/track/3a1lNhkSLSkpJE4MSHpDu9
88,"Bum Bum Tam Tam","MC Fioti",964365,https://open.spotify.com/track/4zWO4gvuFtw6EJZC5FFGlr
89,1950,"King Princess",960080,https://open.spotify.com/track/0CZ8lquoTX2Dkg7Ak2inwA
90,Privilege,"The Weeknd",943319,https://open.spotify.com/track/26Fqtv4Aa7kyd1WWGHai6A
91,"Too Good At Goodbyes","Sam Smith",937732,https://open.spotify.com/track/1mXVgsBdtIVeCLJnSnmtdV
92,changes,XXXTENTACION,916788,https://open.spotify.com/track/7AFASza1mXqntmGtbxXprO
93,"Him & I (with Halsey)",G-Eazy,889339,https://open.spotify.com/track/5k38wzpLb15YgncyWdTZE4
94,"Jocelyn Flores",XXXTENTACION,888996,https://open.spotify.com/track/7m9OqQk4RVRkw9JJdeAw96
95,"PICK IT UP (feat. A$AP Rocky)","Famous Dex",877616,https://open.spotify.com/track/0dSIrRkA4PadGll16TgbnV
96,"I Miss You (feat. Julia Michaels)","Clean Bandit",877556,https://open.spotify.com/track/2xmrfQpmS2iJExTlklLoAL
97,HUMBLE.,"Kendrick Lamar",870750,https://open.spotify.com/track/7KXjTSCq5nL1LoYtL7XAwS
98,Unforgettable,"French Montana",857800,https://open.spotify.com/track/3B54sVLJ402zGa6Xm4YGNe
99,"For You (Fifty Shades Freed) (& Rita Ora)","Liam Payne",857761,https://open.spotify.com/track/5hM6sP0Gh1jD57drszNueC
100,"What Lovers Do (feat. SZA)","Maroon 5",856823,https://open.spotify.com/track/3hBBKuWJfxlIlnd9QFoC8k
101,"Capital Letters","Hailee Steinfeld",852242,https://open.spotify.com/track/3towKHKVOXCCcL1fHv6xFO
102,"Young Dumb & Broke",Khalid,845167,https://open.spotify.com/track/5Z3GHaZ6ec9bsiI5BenrbY
103,"El Farsante - Remix",Ozuna,827194,https://open.spotify.com/track/7uYgVgRSgqluZclLS7wpp4
104,"This Is Me","Keala Settle",826372,https://open.spotify.com/track/2xGjteMU3E1tkEPVFBO08U
105,Machika,"J Balvin",824894,https://open.spotify.com/track/6MNGxu8MprKGkchUchkJsy
106,Solita,Ozuna,819599,https://open.spotify.com/track/7rwX0O3RlxqqIjQM8evm5E
107,"She Bad","Cardi B",816448,https://open.spotify.com/track/0CfmNX2TXk7yoJqHJiixnp
108,"Money Bag","Cardi B",812469,https://open.spotify.com/track/1vBeIXlzbAieGoDqInav5j
109,"La Player (Bandolera)","Zion & Lennox",799841,https://open.spotify.com/track/0VKkyBKCXyR99navhVRqcP
110,"Candy Paint","Post Malone",798590,https://open.spotify.com/track/42CeaId2XNlxugDvyqHfDf
111,"Me Rehúso","Danny Ocean",793164,https://open.spotify.com/track/6De0lHrwBfPfrhorm9q1Xl
112,"Rewrite The Stars","Zac Efron",783296,https://open.spotify.com/track/630sXRhIcfwr2e4RdNtjKN
113,"Thru Your Phone","Cardi B",778302,https://open.spotify.com/track/74cVJfmK18rhWnscIpGXjt
114,Esperándote,"Manuel Turizo",772343,https://open.spotify.com/track/1nfyE13arjOuO54HH0zmqj
115,"Everybody Hates Me","The Chainsmokers",770645,https://open.spotify.com/track/3pIigjAWkzwAonXpJ1fmSF
116,"Se Preparó",Ozuna,760695,https://open.spotify.com/track/1m69ELEgE6k5ZWsap40ozt
117,"One Dance",Drake,758556,https://open.spotify.com/track/1xznGGDReH1oQq0xzbwXa3
118,"Dusk Till Dawn - Radio Edit",ZAYN,758440,https://open.spotify.com/track/1j4kHkkpqZRBwE0A4CN4Yv
119,"New Freezer (feat. Kendrick Lamar)","Rich The Kid",753469,https://open.spotify.com/track/0eHCArTPhwUxatY7cEXRiK
120,1-800-273-8255,Logic,746387,https://open.spotify.com/track/5tz69p7tJuGPeMGwNTxYuV
121,Heaven,"Julia Michaels",745945,https://open.spotify.com/track/4QfNOZN7vrQCQKK1ZJ3XPb
122,"Perfect Duet (Ed Sheeran & Beyoncé)","Ed Sheeran",745356,https://open.spotify.com/track/1bhUWB0zJMIKr9yVPrkEuI
123,"Something Just Like This","The Chainsmokers",743800,https://open.spotify.com/track/6RUKPb4LETWmmr3iAEQktW
124,Ahora,"J Balvin",743633,https://open.spotify.com/track/54OB85nuxYGfl7qRQXuz7c
125,"Bank Account","21 Savage",742451,https://open.spotify.com/track/2fQrGHiQOvpL9UgPvtYy6G
126,Anywhere,"Rita Ora",740849,https://open.spotify.com/track/7EI6Iki24tBHAMxtb4xQN2
127,"Tip Toe (feat. French Montana)","Jason Derulo",726393,https://open.spotify.com/track/2z4pcBLQXF2BXKFvd0BuB6
128,"Say You Won't Let Go","James Arthur",725929,https://open.spotify.com/track/5uCax9HTNlzGybIStD3vDh
129,"Whatever It Takes","Imagine Dragons",725124,https://open.spotify.com/track/7F3uo3304R2CTvOseU3H7u
130,"I Like Me Better",Lauv,720393,https://open.spotify.com/track/1wjzFQodRWrPcQ0AnYnvQ9
131,"Sorry Not Sorry","Demi Lovato",720214,https://open.spotify.com/track/3m660poUr1chesgkkjQM7P
132,Betrayed,"Lil Xan",720039,https://open.spotify.com/track/4vaxvNDaLSoD36iZX515ug
133,"Mi Gente","J Balvin",713439,https://open.spotify.com/track/2rb5MvYT7ZIxbKW5hfcHx8
134,Attention,"Charlie Puth",701392,https://open.spotify.com/track/4iLqG9SeJSnt0cSPICSjxv
135,"More Than You Know","Axwell /\ Ingrosso",697975,https://open.spotify.com/track/71bBFbfn2OBK5QwUJSLS44
136,"How Long","Charlie Puth",694085,https://open.spotify.com/track/32DGGj6KlNuBr6WaqRxpxi
137,"Te Amo","Piso 21",693750,https://open.spotify.com/track/2RVrdr062uLFxXwIxwdXPH
138,"Báilame - Remix",Nacho,692171,https://open.spotify.com/track/3VClLWqNn80Llv0PJOsKgr
139,Barking,Ramz,686028,https://open.spotify.com/track/7amMgNDcObIDkIXv4xcvc2
140,goosebumps,"Travis Scott",685626,https://open.spotify.com/track/6gBFPUFcJLzWGx4lenP6h2
141,"Quiero Repetir",Ozuna,676761,https://open.spotify.com/track/0MIcPSq9n2z5H8TAfEstri
142,Location,Khalid,676540,https://open.spotify.com/track/152lZdxL1OR0ZMW6KquMif
143,"Despacito - Remix","Luis Fonsi",669820,https://open.spotify.com/track/5CtI0qwDJkDQGwXD1H1cLb
144,Closer,"The Chainsmokers",661142,https://open.spotify.com/track/7BKLCZ1jbUBVqRi2FVlTVw
145,"No Limit",G-Eazy,661089,https://open.spotify.com/track/2DQ1ITjI0YoLFzuADN1ZBW
146,"All Falls Down","Alan Walker",656569,https://open.spotify.com/track/5yFSF6qQA1rcLsQRnBsZgb
147,"Gucci Gang","Lil Pump",642915,https://open.spotify.com/track/43ZyHQITOjhciSUUNPVRHc
148,"To My Love - Tainy Remix","Bomba Estéreo",642583,https://open.spotify.com/track/5LciLoxa1gK70yIUeoHgRx
149,"Plain Jane","A$AP Ferg",641283,https://open.spotify.com/track/4dVpf9jZjcORqGTLUaeYj9
150,Beautiful,Bazzi,638413,https://open.spotify.com/track/1OilOIju6R9ia8vilNjChh
151,"There's Nothing Holdin' Me Back","Shawn Mendes",636425,https://open.spotify.com/track/79cuOz3SPQTuFrp8WgftAu
152,Mayores,"Becky G",634693,https://open.spotify.com/track/7JNh1cfm0eXjqFVOzKLyau
153,"Déjate Llevar","Juan Magán",633518,https://open.spotify.com/track/3xWEI23MLJrD0dpDcDUTW6
154,"Nowadays (feat. Landon Cube)","Lil Skies",631074,https://open.spotify.com/track/2u7mxWSeoqTXndK5e08jMp
155,"So Far Away (feat. Jamie Scott & Romy Dya)","Martin Garrix",630348,https://open.spotify.com/track/0OlnLZY4cmQzT6ZGttvWBM
156,"Bounce Out With That","YBN Nahmir",627111,https://open.spotify.com/track/5lZsh9Qf7CbHI9Fcc7Zcsq
157,"BUTTERFLY EFFECT","Travis Scott",621886,https://open.spotify.com/track/1yxgsra98r3qAtxqiGZPiX
158,"Fuck Love (feat. Trippie Redd)",XXXTENTACION,618519,https://open.spotify.com/track/7AQim7LbvFVZJE3O8TYgf2
159,"That's What I Like","Bruno Mars",614931,https://open.spotify.com/track/0KKkJNfGyhkQ5aFogxQAPU
160,"Thinking Out Loud","Ed Sheeran",612796,https://open.spotify.com/track/1Slwb6dOYkBlWal1PGtnNg
161,Starboy,"The Weeknd",608242,https://open.spotify.com/track/5aAx2yezTd8zXrkmtKl66Z
162,MotorSport,Migos,606662,https://open.spotify.com/track/4wFjTWCunQFKtukqrNijEt
163,"Red Roses (feat. Landon Cube)","Lil Skies",605959,https://open.spotify.com/track/3ZhTT6yjZwpPph5MIJ53XY
164,"Symphony (feat. Zara Larsson)","Clean Bandit",602219,https://open.spotify.com/track/1x5sYLZiu9r5E43kMlt9f8
165,Passionfruit,Drake,601719,https://open.spotify.com/track/5mCPDVBb16L4XQwDdbRUpz
166,Africa,Toto,601355,https://open.spotify.com/track/2374M0fQpWi3dLnB54qaLX
167,"44 More",Logic,597970,https://open.spotify.com/track/3e7Y6sfFlIdBMJhX7wpqVO
168,"Wonderwall - Remastered",Oasis,593940,https://open.spotify.com/track/5qqabIl2vWzo9ApSC317sa
169,"Bad Company","A$AP Rocky",592266,https://open.spotify.com/track/3ZYwSDF9knZI0RVlKR4PHC
170,"El Clavo","Prince Royce",591676,https://open.spotify.com/track/0LKErfBZ5FbBiLB4OcZRbL
171,"Largado As Traças - Acústico","Zé Neto & Cristiano",585047,https://open.spotify.com/track/74gguwbBvfBTurNJUWFOsC
172,"Playinwitme (feat. Kehlani)",KYLE,583611,https://open.spotify.com/track/43cFjTTCD9Cni4aSL0sORz
173,"Mr. Brightside","The Killers",583082,https://open.spotify.com/track/7oK9VyNzrYvRFo7nQEYkWN
174,"Loca Remix",Khea,581732,https://open.spotify.com/track/2CRbiMK0W14l71SpDKqKZM
175,"Leave a Light On","Tom Walker",581059,https://open.spotify.com/track/6lOWoTqVnAWXchddtTH31W
176,Indecente,Anitta,580843,https://open.spotify.com/track/5FOCkGt7bp22nBVfQ4WSIT
177,"the remedy for a broken heart (why am I so in love)",XXXTENTACION,580446,https://open.spotify.com/track/4UKCKdYiLN6IMA5ZESUTL7
178,SUTRA,"Sebastian Yatra",580212,https://open.spotify.com/track/5TmZYdHW6HJ9gt7Aokuql5
179,"LOVE. FEAT. ZACARI.","Kendrick Lamar",578935,https://open.spotify.com/track/6PGoSes0D9eUDeeAafB2As
180,Paradise,"George Ezra",575780,https://open.spotify.com/track/38zwkK6TtTjIW9tpYBfZ3D
181,"Despacito (Featuring Daddy Yankee)","Luis Fonsi",574968,https://open.spotify.com/track/4aWmUDTfIPGksMNLV2rQP2
182,"Suena El Dembow","Joey Montana",573119,https://open.spotify.com/track/5TysCiZtv1HnSWcTcUFusI
183,Photograph,"Ed Sheeran",572088,https://open.spotify.com/track/6fxVffaTuwjgEk5h9QyRjy
184,Stargazing,Kygo,565288,https://open.spotify.com/track/0Zbbxnx4SGGHoIow4PpISP
185,"Que Va","Alex Sensation",561997,https://open.spotify.com/track/7ofxPmTNMj2GP07g1VZa0O
186,"I'm Yours","Jason Mraz",558639,https://open.spotify.com/track/3S0OXQeoh0w6AY8WQVckRW
187,"Strip That Down","Liam Payne",558526,https://open.spotify.com/track/6EpRaXYhGOB3fj4V2uDkMJ
188,"I'm the One (feat. Justin Bieber, Quavo, Chance the Rapper & Lil Wayne)","DJ Khaled",558355,https://open.spotify.com/track/3DXncPQOG4VBw3QHh3S817
189,"Chasing Fire",Lauv,557699,https://open.spotify.com/track/1xy4apMFecGGkgBeaHFZ2M
190,"Galway Girl","Ed Sheeran",557366,https://open.spotify.com/track/0afhq8XCExXpqazXczTSve
191,"Go Flex","Post Malone",546114,https://open.spotify.com/track/5yuShbu70mtHXY0yLzCQLQ
192,"Sky Walker",Miguel,545882,https://open.spotify.com/track/5WoaF1B5XIEnWfmb5NZikf
193,"You Are The Reason","Calum Scott",544655,https://open.spotify.com/track/2VgJDTfkuwlm7WIHnvtRCQ
194,66,"Lil Yachty",542977,https://open.spotify.com/track/6tarvNiKnEjYMj1VZhlDqR
195,"Everybody Dies In Their Nightmares",XXXTENTACION,541641,https://open.spotify.com/track/3GVkPk8mqxz0itaAriG1L7
196,"Hard 2 Face Reality","Poo Bear",540653,https://open.spotify.com/track/0sPJELXHyWpFgkxlzvvRFI
197,"Wild Thoughts (feat. Rihanna & Bryson Tiller)","DJ Khaled",539639,https://open.spotify.com/track/1OAh8uOEOvTDqkKFsKksCi
198,"Robarte un Beso","Carlos Vives",537217,https://open.spotify.com/track/0JcNysfWVWaMS7R6vzGB2k
199,"Mask Off",Future,529168,https://open.spotify.com/track/0VgkVdmE4gld66l8iyGjgx
200,"I Wanna Know (feat. Bea Miller)",NOTD,528285,https://open.spotify.com/track/18W92Zm1KjLCbUIszOhpkD
