,,,"Note that these figures are generated using a formula that protects against any artificial inflation of chart positions.",
Position,"Track Name",Artist,Streams,URL
1,"In My Feelings",Drake,6100794,https://open.spotify.com/track/2G7V7zsVDxg1yRsu7Ew9RJ
2,"God is a woman","Ariana Grande",3742227,https://open.spotify.com/track/5OCJzvD7sykQEKHH7qAC3C
3,breathin,"Ariana Grande",3629642,https://open.spotify.com/track/4OafepJy2teCjYJbvFE60J
4,"No Brainer","DJ Khaled",3527230,https://open.spotify.com/track/5WvAo7DNuPRmk4APhdPzi8
5,"Girls Like You (feat. Cardi B)","Maroon 5",3451824,https://open.spotify.com/track/7fa9MBXhVfQ8P8Df9OEbD8
6,"FEFE (feat. Nicki Minaj & Murda Beatz)",6ix9ine,3390619,https://open.spotify.com/track/2E124GmJRnBJuXbTb4cPUB
7,"Lucid Dreams","Juice WRLD",3140206,https://open.spotify.com/track/0s3nnoMeVWz3989MkNQiRf
8,"SICKO MODE","Travis Scott",3125497,https://open.spotify.com/track/2xLMifQCjDGFmkHkpNLD9h
9,"I Like It","Cardi B",3057170,https://open.spotify.com/track/58q2HKrzhC3ozto2nDdN4z
10,"In My Mind",Dynoro,3025593,https://open.spotify.com/track/0E9ZjEAyAwOXZ7wJC0PD33
11,"Eastside (with Halsey & Khalid)","benny blanco",2989156,https://open.spotify.com/track/0d2iYfpKoM0QCKvcLCkBao
12,"Taste (feat. Offset)",Tyga,2810696,https://open.spotify.com/track/5IaHrVsrferBYDm0bDyABy
13,"Solo (feat. Demi Lovato)","Clean Bandit",2661259,https://open.spotify.com/track/6kPJZM97LwdG9QIsT7khp6
14,"no tears left to cry","Ariana Grande",2626824,https://open.spotify.com/track/2qT1uLXPVPzGgFOx4jtEuo
15,SAD!,XXXTENTACION,2576938,https://open.spotify.com/track/3ee8Jmje8o58CHK66QrVC2
16,Rise,"Jonas Blue",2519057,https://open.spotify.com/track/3u1S1OmAUhx5DRlLrXqyp3
17,"Jackie Chan",Tiësto,2490582,https://open.spotify.com/track/4kWO6O1BUXcZmaxitpVUwp
18,"Better Now","Post Malone",2413939,https://open.spotify.com/track/7dt6x5M1jzdTEt8oCbisTK
19,"Te Boté - Remix","Nio Garcia",2358595,https://open.spotify.com/track/3V8UKqhEK5zBkBb6d6ub8i
20,"One Kiss (with Dua Lipa)","Calvin Harris",2358174,https://open.spotify.com/track/7ef4DlsgrMEH11cDZd32M6
21,Youngblood,"5 Seconds of Summer",2299218,https://open.spotify.com/track/2iUXsYOEPhVqEBwsqP70rE
22,"Body (feat. brando)","Loud Luxury",2180136,https://open.spotify.com/track/7K7MUBCnzgBAvMVW2RTWNs
23,STARGAZING,"Travis Scott",2046921,https://open.spotify.com/track/7wBJfHzpfI3032CSD7CE2m
24,"Vaina Loca",Ozuna,2027185,https://open.spotify.com/track/1s2B5cndbqK8rPJEIcKJRQ
25,everytime,"Ariana Grande",1983345,https://open.spotify.com/track/0WdR2AyLW1Drd3OUdwezM0
26,"Sin Pijama","Becky G",1932579,https://open.spotify.com/track/2ijef6ni2amuunRoKTlgww
27,Nonstop,Drake,1932268,https://open.spotify.com/track/0TlLq3lA83rQOYtrqBqSct
28,sweetener,"Ariana Grande",1925554,https://open.spotify.com/track/70khXICDeTTxgYtw3EysKH
29,Moonlight,XXXTENTACION,1888687,https://open.spotify.com/track/0JP9xo3adEtGSdUEISiszL
30,"God's Plan",Drake,1823623,https://open.spotify.com/track/6DCZcSspjsKoFjzjrWoCdn
31,"No Es Justo","J Balvin",1724715,https://open.spotify.com/track/5qFeMRz4TvetPmzjre9Dq7
32,"Promises (with Sam Smith)","Calvin Harris",1711954,https://open.spotify.com/track/5N5k9nd479b1xpDZ4usjrg
33,"Happy Now",Zedd,1611179,https://open.spotify.com/track/4keoy2fqgwGnbWlm3ZVZFa
34,2002,Anne-Marie,1595829,https://open.spotify.com/track/2BgEsaKNfHUdlh97KmvFyo
35,R.E.M,"Ariana Grande",1573837,https://open.spotify.com/track/1xWH8zYtDeS9mW1JJG23VZ
36,"Beautiful (feat. Camila Cabello)",Bazzi,1540506,https://open.spotify.com/track/4VUwkH455At9kENOfzTqmF
37,Nevermind,"Dennis Lloyd",1525505,https://open.spotify.com/track/63SevszngYpZOwf63o61K4
38,"rockstar (feat. 21 Savage)","Post Malone",1480534,https://open.spotify.com/track/0e7ipj03S05BNilyu5bRzt
39,Clandestino,Shakira,1472049,https://open.spotify.com/track/7DrluKkTviBwCc8AV3VGmf
40,"raindrops (an angel cried)","Ariana Grande",1453174,https://open.spotify.com/track/0v2LUO8oTHnkjQ8MmKuXyk
41,"Born To Be Yours",Kygo,1440294,https://open.spotify.com/track/0kHyKhJMukHEPfeh8s7rdM
42,"Nice For What",Drake,1440035,https://open.spotify.com/track/3CA9pLiwRIGtUBiMjbZmRw
43,"Psycho (feat. Ty Dolla $ign)","Post Malone",1429638,https://open.spotify.com/track/3swc6WTsr7rl9DqQKQA55C
44,"goodnight n go","Ariana Grande",1406708,https://open.spotify.com/track/14kYOiFVPb7E7NfFbqhdln
45,Shotgun,"George Ezra",1387838,https://open.spotify.com/track/4ofwffwvvnbSkrMSCKQDaC
46,"Jocelyn Flores",XXXTENTACION,1380204,https://open.spotify.com/track/7m9OqQk4RVRkw9JJdeAw96
47,"Be Alright","Dean Lewis",1371611,https://open.spotify.com/track/3EPXxR3ImUwfayaurPi3cm
48,"pete davidson","Ariana Grande",1368990,https://open.spotify.com/track/0XOnMqLQDO89iAg7dWWwnG
49,"Praise The Lord (Da Shine)","A$AP Rocky",1344846,https://open.spotify.com/track/7ycWLEP1GsNjVvcjawXz3z
50,"Back To You - From 13 Reasons Why – Season 2 Soundtrack","Selena Gomez",1322653,https://open.spotify.com/track/4hQ6UGyWQIGJmHSo0J88JW
51,"the light is coming (feat. Nicki Minaj)","Ariana Grande",1321489,https://open.spotify.com/track/0sdbFOyfgAhAhWq8DpzkaW
52,changes,XXXTENTACION,1319206,https://open.spotify.com/track/7AFASza1mXqntmGtbxXprO
53,successful,"Ariana Grande",1300039,https://open.spotify.com/track/5YeHLHDdQ4nKHk81XFWhCU
54,"Ocean (feat. Khalid)","Martin Garrix",1292721,https://open.spotify.com/track/3nc420PXjTdBV5TN0gCFkS
55,"blazed (feat. Pharrell Williams)","Ariana Grande",1274096,https://open.spotify.com/track/4mLkiFppf8Xvem6BSY34qw
56,"Shape of You","Ed Sheeran",1243382,https://open.spotify.com/track/7qiZfU4dY1lWllzX7mPBI3
57,"better off","Ariana Grande",1234475,https://open.spotify.com/track/3NbTQ8ZbHU6MSEVUFAVCJ9
58,"Don’t Matter To Me (with Michael Jackson)",Drake,1227439,https://open.spotify.com/track/6G8kHiVZ1jW7vHMPVRNZU0
59,"X - Remix","Nicky Jam",1213153,https://open.spotify.com/track/6JjPBQfI2Y8nIjnm65X6Pw
60,"get well soon","Ariana Grande",1171219,https://open.spotify.com/track/7u6DMPznGbpziuEgCE0JGQ
61,SWISH,Tyga,1162120,https://open.spotify.com/track/55GiOwtxNajXVbpjjIzMnD
62,X,"Nicky Jam",1148736,https://open.spotify.com/track/39N9RPD9MRb5WmoLzNzPeA
63,"I'm a Mess","Bebe Rexha",1133578,https://open.spotify.com/track/04ZTP5KsCypmtCmQg5tH9R
64,"Me Niego",Reik,1129239,https://open.spotify.com/track/6jA8JUuPCGYjFcgw0AoM5T
65,"Yes Indeed","Lil Baby",1123194,https://open.spotify.com/track/6vN77lE9LK6HP2DewaN6HZ
66,"borderline (feat. Missy Elliott)","Ariana Grande",1094172,https://open.spotify.com/track/4b7mLZQWsy0rLnrMtPA9fQ
67,FRIENDS,Marshmello,1092261,https://open.spotify.com/track/08bNPGLD8AhKpnnERrAc6G
68,"The Middle",Zedd,1090862,https://open.spotify.com/track/09IStsImFySgyp0pIQdqAc
69,"Don't Leave Me Alone (feat. Anne-Marie)","David Guetta",1085782,https://open.spotify.com/track/2lYTJK94hb0fd1LQtb6Dhk
70,"High Hopes","Panic! At The Disco",1077029,https://open.spotify.com/track/1rqqCSm0Qe4I9rUvWncaom
71,IDGAF,"Dua Lipa",1074965,https://open.spotify.com/track/76cy1WJvNGJTj78UqeA5zr
72,Havana,"Camila Cabello",1073294,https://open.spotify.com/track/1rfofaqEpACxVEHIZBJe6W
73,Asesina,Brytiago,1069447,https://open.spotify.com/track/6rbhaJsE4uLzpPf8WYSHDK
74,"La Player (Bandolera)","Zion & Lennox",1053328,https://open.spotify.com/track/0VKkyBKCXyR99navhVRqcP
75,"Fuck Love (feat. Trippie Redd)",XXXTENTACION,1042930,https://open.spotify.com/track/7AQim7LbvFVZJE3O8TYgf2
76,"1, 2, 3 (feat. Jason Derulo & De La Ghetto)","Sofia Reyes",1039531,https://open.spotify.com/track/4QtiVmuA88tPQiCOHZuQ5b
77,Happier,Marshmello,1035927,https://open.spotify.com/track/2dpaYNEQHiRxtZbfNsse99
78,"Cuando Te Besé","Becky G",1019053,https://open.spotify.com/track/2XXMDz7SPZ4mSFN1PXfHUy
79,Natural,"Imagine Dragons",1003899,https://open.spotify.com/track/4zIO3ilp5HvTeK3HJHxhMP
80,"Look Alive (feat. Drake)","BlocBoy JB",997674,https://open.spotify.com/track/4qKcDkK6siZ7Jp1Jb4m0aL
81,Believer,"Imagine Dragons",977403,https://open.spotify.com/track/0pqnGHJpmpxLKifKRmU6WP
82,"No Me Acuerdo",Thalía,973181,https://open.spotify.com/track/00EPIEnX1JFjff8sC6bccd
83,"Taking A Walk","Trippie Redd",966288,https://open.spotify.com/track/4mHgYpuGHu99Mw69E83CP2
84,Darkside,"Alan Walker",963762,https://open.spotify.com/track/1snWlbcbgQpJfknoI30DWG
85,"New Rules","Dua Lipa",946857,https://open.spotify.com/track/2ekn2ttSfGqwhhate0LSR0
86,"Por Perro","Sebastian Yatra",942604,https://open.spotify.com/track/2alIsNw1mqEShbWyO1HXZZ
87,Unica,Ozuna,927866,https://open.spotify.com/track/6752EZMgXswvRBH3N2PilO
88,"These Days (feat. Jess Glynne, Macklemore & Dan Caplen)",Rudimental,926409,https://open.spotify.com/track/5CLGzJsGqhCEECcpnFQA8x
89,"lovely (with Khalid)","Billie Eilish",923939,https://open.spotify.com/track/0u2P5u6lvoDfwTYjAADbn4
90,"Mala Mía",Maluma,922717,https://open.spotify.com/track/62o8KoI44JfN7aYxgTnPvh
91,Thunder,"Imagine Dragons",921402,https://open.spotify.com/track/1zB4vmk8tFRmM9UULNzbLB
92,"Whenever (feat. Conor Maynard)","Kris Kross Amsterdam",915198,https://open.spotify.com/track/3DGar7krWlmrXRFHBcQF6z
93,Flames,"David Guetta",908619,https://open.spotify.com/track/33IOhptvC2Qoy2UhjiHXLV
94,"All Girls Are The Same","Juice WRLD",893277,https://open.spotify.com/track/0XySogm94T51XF5F2jumXm
95,"Thunderclouds with Sia, Diplo & Labrinth",Sia,887469,https://open.spotify.com/track/5a8RPWgKSmcGBGcffmIrUi
96,"Dura - Remix","Daddy Yankee",887111,https://open.spotify.com/track/6U2NuJILEOEpW2tVCuqKHb
97,"BIG BANK (feat. 2 Chainz, Big Sean, Nicki Minaj)",YG,886986,https://open.spotify.com/track/0ZNrc4kNeQYD9koZ3KvCsy
98,"Mi Cama - Remix","Karol G",884096,https://open.spotify.com/track/38QmUDpkoYlNbMKvpvAsrE
99,"Estamos Bien","Bad Bunny",881223,https://open.spotify.com/track/7glCSQqV5o6NU88Cn4zPZn
100,Perfect,"Ed Sheeran",879162,https://open.spotify.com/track/0tgVpDi06FyKpA1z0VMD4v
101,"Lean Wit Me","Juice WRLD",875190,https://open.spotify.com/track/29tc0GbW0pTSBZSCZF3NWk
102,"Wasted (feat. Lil Uzi Vert)","Juice WRLD",863784,https://open.spotify.com/track/3obgSF06ki98lYNLNq5vCB
103,"Madura (feat. Bad Bunny)",Cosculluela,849514,https://open.spotify.com/track/0r9d60ZYPAlFHq8qnUtkXN
104,YOSEMITE,"Travis Scott",845496,https://open.spotify.com/track/7lAK3oHbfEnvUQWosrMMpR
105,Calypso,"Luis Fonsi",824215,https://open.spotify.com/track/4178A5NkEjcsGc64jpBO6d
106,"Look At Me!",XXXTENTACION,817668,https://open.spotify.com/track/6eYxmK9fdL4hwLnXG2zY3s
107,"Everybody Dies In Their Nightmares",XXXTENTACION,817275,https://open.spotify.com/track/3GVkPk8mqxz0itaAriG1L7
108,"Bed (feat. Ariana Grande)","Nicki Minaj",815227,https://open.spotify.com/track/3L4GsGLgxpHieVQH86H8bv
109,"Barbie Dreams","Nicki Minaj",811430,https://open.spotify.com/track/6Poyf51k7W3NKnsGwAI90B
110,"Love Lies (with Normani)",Khalid,805509,https://open.spotify.com/track/45Egmo7icyopuzJN0oMEdk
111,"I Fall Apart","Post Malone",805306,https://open.spotify.com/track/75ZvA4QfFiZvzhj2xkaWAh
112,Medicina,Anitta,804839,https://open.spotify.com/track/4R5xvs5X0phd0EYWyGigju
113,"La Cintura","Alvaro Soler",798474,https://open.spotify.com/track/19MBk3PbNFE36wqIqkMq9H
114,"Meant to Be (feat. Florida Georgia Line)","Bebe Rexha",798284,https://open.spotify.com/track/4e4fqjx0Izh4svvTef1z7e
115,"XO TOUR Llif3","Lil Uzi Vert",796003,https://open.spotify.com/track/7GX5flRQZVHRAGd6B4TmDO
116,"BUTTERFLY EFFECT","Travis Scott",795672,https://open.spotify.com/track/6xcJyGpfZbuuiequtnlKt4
117,Respect,"Aretha Franklin",790551,https://open.spotify.com/track/7s25THrKz86DM225dOYwnr
118,"I'm Upset",Drake,768383,https://open.spotify.com/track/3qN5qMTKyEEmiTZD38BNTT
119,"High On Life (feat. Bonn)","Martin Garrix",767699,https://open.spotify.com/track/4ut5G4rgB1ClpMTMfjoIuy
120,Mine,Bazzi,765355,https://open.spotify.com/track/7uzmGiiJyRfuViKKK3lVmR
121,"Chanel (Go Get It) [feat. Gunna & Lil Baby]","Young Thug",764915,https://open.spotify.com/track/0kCBorRrKZkSztd9m0QI3r
122,Hipócrita,"Anuel Aa",747241,https://open.spotify.com/track/6XBjCetHKdO5L9cwMDVffw
123,OTW,Khalid,742704,https://open.spotify.com/track/6Hgh47WXVKtXN5zGOu0hjI
124,"WAKE UP","Travis Scott",739640,https://open.spotify.com/track/20MuVazoNMv6xjKPnRFOxG
125,"Side Effects (feat. Emily Warren)","The Chainsmokers",734977,https://open.spotify.com/track/5yNEdBlZMxpcVtGKz5NFk5
126,"Bella - Remix",Wolfine,720241,https://open.spotify.com/track/0SaYeGhSXN0dDWstyNTQ56
127,"In My Blood","Shawn Mendes",716916,https://open.spotify.com/track/21YnmkSDhUkmkkni22Svc4
128,CAROUSEL,"Travis Scott",715396,https://open.spotify.com/track/7KZ5MMVgBVox9ycroB2UrI
129,"I Say a Little Prayer","Aretha Franklin",715381,https://open.spotify.com/track/3NfxSdJnVdon1axzloJgba
130,Africa,Toto,708466,https://open.spotify.com/track/2374M0fQpWi3dLnB54qaLX
131,"Ball For Me (feat. Nicki Minaj)","Post Malone",703129,https://open.spotify.com/track/6IaieqiCVvsNvEt6Y7yOFa
132,"Síguelo Bailando",Ozuna,701690,https://open.spotify.com/track/5Y9fnynLlIvqtM710MHzfz
133,"Toda - Remix","Alex Rose",699470,https://open.spotify.com/track/7nD2JPaxIKUdxd2UWgnaGL
134,"I'm Yours","Jason Mraz",698327,https://open.spotify.com/track/3S0OXQeoh0w6AY8WQVckRW
135,Closer,"The Chainsmokers",695357,https://open.spotify.com/track/7BKLCZ1jbUBVqRi2FVlTVw
136,"Te Amo","Piso 21",693349,https://open.spotify.com/track/2RVrdr062uLFxXwIxwdXPH
137,"Too Good At Goodbyes","Sam Smith",693291,https://open.spotify.com/track/1mXVgsBdtIVeCLJnSnmtdV
138,"Melodien (feat. Juju)","Capital Bra",692077,https://open.spotify.com/track/5d35jcJj7WjDQBOHCHPY6t
139,"the remedy for a broken heart (why am I so in love)",XXXTENTACION,685040,https://open.spotify.com/track/4UKCKdYiLN6IMA5ZESUTL7
140,"Mob Ties",Drake,684941,https://open.spotify.com/track/7rC5Pl8rQSX4myONQHYPBK
141,Happier,"Ed Sheeran",681432,https://open.spotify.com/track/2RttW7RAu5nOAfq6YFvApB
142,Connection,OneRepublic,675511,https://open.spotify.com/track/3T4UodGkfZObJ43RtA5KFU
143,"Remind Me to Forget",Kygo,668971,https://open.spotify.com/track/6xTU6B6nFwKKTSZ9ySXS80
144,Congratulations,"Post Malone",664194,https://open.spotify.com/track/3a1lNhkSLSkpJE4MSHpDu9
145,Dura,"Daddy Yankee",658440,https://open.spotify.com/track/6KuqAtoeVzxAYOaMveLNpH
146,"I Like Me Better",Lauv,655459,https://open.spotify.com/track/2P91MQbaiQOfbiz9VqhqKQ
147,HUMBLE.,"Kendrick Lamar",654916,https://open.spotify.com/track/7KXjTSCq5nL1LoYtL7XAwS
148,"Wake Me Up - Radio Edit",Avicii,653146,https://open.spotify.com/track/4h8VwCb1MTGoLKueQ1WgbD
149,"Walk It Talk It",Migos,652682,https://open.spotify.com/track/6n4U3TlzUGhdSFbUUhTvLP
150,"Freaky Friday (feat. Chris Brown)","Lil Dicky",651922,https://open.spotify.com/track/10Igtw8bSDyyFs7KIsKngZ
151,"One Dance",Drake,651333,https://open.spotify.com/track/1zi7xx7UVEFkmKfv06H8x0
152,"STOP TRYING TO BE GOD","Travis Scott",649187,https://open.spotify.com/track/1xYpVRspgaLxdJLOTQkTjg
153,"No Quiero Amarte (feat. Zion & Lennox)","Justin Quiles",648481,https://open.spotify.com/track/5bITfqKGaPakO1l99hOMsI
154,"Plug Walk","Rich The Kid",647812,https://open.spotify.com/track/1ZAyjvIk9YiD76yYy0TEG6
155,"W O R K I N M E",Quavo,636496,https://open.spotify.com/track/33tNYw9oMtSkGe27NpgS64
156,"Only You (with Little Mix)","Cheat Codes",635232,https://open.spotify.com/track/54l9GJGQ1UCFKe2tzt1Vxt
157,"Mo Bamba","Sheck Wes",632286,https://open.spotify.com/track/3QybPutx0Tjk472bBKjNWn
158,"you should see me in a crown","Billie Eilish",629486,https://open.spotify.com/track/6vsV4D8BM6PioRr1UOx0n2
159,"CAN'T SAY","Travis Scott",628002,https://open.spotify.com/track/27a1mYSG5tYg7dmEjWBcmL
160,"Ric Flair Drip (& Metro Boomin)",Offset,625807,https://open.spotify.com/track/7sO5G9EABYOXQKNPNiE9NR
161,"500 PS","Bonez MC",625089,https://open.spotify.com/track/641R77CBy4bOLGRcA9sgHy
162,"Call Out My Name","The Weeknd",622310,https://open.spotify.com/track/1gm616Plq4ScqNi7TVkZ5N
163,"Say You Won't Let Go","James Arthur",621945,https://open.spotify.com/track/5uCax9HTNlzGybIStD3vDh
164,"Tie Me Down (with Elley Duhé)",Gryffin,621109,https://open.spotify.com/track/4QVS8YCpK71R4FsxSMCjhP
165,"Chica Paranormal","Paulo Londra",621018,https://open.spotify.com/track/2r77vqSZkOktTSgmAOoHsV
166,"Something Just Like This","The Chainsmokers",619526,https://open.spotify.com/track/6RUKPb4LETWmmr3iAEQktW
167,goosebumps,"Travis Scott",612278,https://open.spotify.com/track/6gBFPUFcJLzWGx4lenP6h2
168,Hope,XXXTENTACION,611390,https://open.spotify.com/track/2ZRo7axmMPeSVUvDbGkJah
169,"All The Stars (with SZA)","Kendrick Lamar",611112,https://open.spotify.com/track/3GCdLUSnKSMJhs4Tj6CV3s
170,"Feel It Still","Portugal. The Man",610901,https://open.spotify.com/track/6QgjcU0zLnzq5OrUoSZ3OK
171,APESHIT,"The Carters",608107,https://open.spotify.com/track/0E6PsO3ymCfUh7pJQjBgkj
172,"El Préstamo",Maluma,607171,https://open.spotify.com/track/2XVilv6s9GETnw9PG4T9Mz
173,"Échame La Culpa","Luis Fonsi",604969,https://open.spotify.com/track/2hl6q70unbviGo3g1R7uFx
174,"Duro y Suave","Leslie Grace",601614,https://open.spotify.com/track/31M5m42C3EGlbydf9XB5to
175,Familiar,"Liam Payne",600544,https://open.spotify.com/track/0Y4hwUppbGc8aIBmiTz30A
176,"Blah Blah Blah","Armin van Buuren",599778,https://open.spotify.com/track/0tp6mwUt99QnfY95T30Lqj
177,"Candy Paint","Post Malone",598665,https://open.spotify.com/track/32lItqlMi4LBhb4k0BaSaC
178,"This Is America","Childish Gambino",596777,https://open.spotify.com/track/0b9oOr2ZgvyQu88wzixux9
179,TOOTIMETOOTIMETOOTIME,"The 1975",595147,https://open.spotify.com/track/6wvlEKW2qxucJSBXYpMV2P
180,"Wonderwall - Remastered",Oasis,594041,https://open.spotify.com/track/5qqabIl2vWzo9ApSC317sa
181,"Playinwitme (feat. Kehlani)",KYLE,593142,https://open.spotify.com/track/4F1yvJfQ7gJkrcgFJQDjOr
182,"Quiere Beber","Anuel Aa",585854,https://open.spotify.com/track/3rPAD722s5FFNnwjC91t7Z
183,"NO BYSTANDERS","Travis Scott",584699,https://open.spotify.com/track/6OaVWaGfhXn70ZJfdVcabn
184,"Don't Stop Believin'",Journey,582456,https://open.spotify.com/track/4bHsxqR3GMrXTxEPLuK5ue
185,"What Lovers Do (feat. SZA)","Maroon 5",582227,https://open.spotify.com/track/0GxQ1A5L9xnMOytbP6eKBG
186,"Perfect Duet (Ed Sheeran & Beyoncé)","Ed Sheeran",575625,https://open.spotify.com/track/1bhUWB0zJMIKr9yVPrkEuI
187,Criminal,"Natti Natasha",572466,https://open.spotify.com/track/6Za3190Sbw39BBC77WSS1C
188,"R.I.P. SCREW","Travis Scott",571924,https://open.spotify.com/track/4SZepBIPDRwPaHIjAKwRDb
189,"If You're Over Me","Years & Years",570138,https://open.spotify.com/track/1oc3jna2ablnfIKLYbKujl
190,Celoso,"Lele Pons",567931,https://open.spotify.com/track/33zcmmElV1YbRZe57biUjg
191,"Thinking Out Loud","Ed Sheeran",566364,https://open.spotify.com/track/1Slwb6dOYkBlWal1PGtnNg
192,"Take On Me",a-ha,566098,https://open.spotify.com/track/2WfaOiMkCvy7F5fcp2zZ8L
193,"DDU-DU DDU-DU - KR Ver.",BLACKPINK,564954,https://open.spotify.com/track/2CWnuF7ht55Ajyeg4WPvWu
194,"Nephew (feat. Lil Pump)",Smokepurpp,562771,https://open.spotify.com/track/0ibOcbkp2XG46Do8jcy0bL
195,Wolves,"Selena Gomez",561907,https://open.spotify.com/track/0tBbt8CrmxbjRP0pueQkyU
196,"Ao Vivo E A Cores","Matheus & Kauan",555684,https://open.spotify.com/track/2Ab1wPTEqulaCGoBak1gUo
197,"Bohemian Rhapsody - Remastered 2011",Queen,555572,https://open.spotify.com/track/7tFiyTwD0nx5a1eklYtX2J
198,Unforgettable,"French Montana",555551,https://open.spotify.com/track/3B54sVLJ402zGa6Xm4YGNe
199,"Hopeless Romantic (feat. Swae Lee)","Wiz Khalifa",554912,https://open.spotify.com/track/7IBSffWIu7P2MC7kMwy2FM
200,Silence,Marshmello,554591,https://open.spotify.com/track/7vGuf3Y35N4wmASOKLUVVU
