,,,"Note that these figures are generated using a formula that protects against any artificial inflation of chart positions.",
Position,"Track Name",Artist,Streams,URL
1,"Better Now","Post Malone",3861720,https://open.spotify.com/track/7dt6x5M1jzdTEt8oCbisTK
2,"One Kiss (with Dua Lipa)","Calvin Harris",3671848,https://open.spotify.com/track/7ef4DlsgrMEH11cDZd32M6
3,"I Like It","Cardi B",3225778,https://open.spotify.com/track/58q2HKrzhC3ozto2nDdN4z
4,"Back To You","Selena Gomez",3018479,https://open.spotify.com/track/514rhnksEwHUh6LxXsQ4Y9
5,"no tears left to cry","Ariana Grande",2815869,https://open.spotify.com/track/5SxkdsY1ufZzoq9iXceLw9
6,"Nice For What",Drake,2814911,https://open.spotify.com/track/1cTZMwcBJT0Ka3UJPXOeeN
7,"Lucid Dreams","Juice WRLD",2814169,https://open.spotify.com/track/0X8DcetL926BYiPJYstJTc
8,"Girls Like You (feat. Cardi B)","Maroon 5",2672867,https://open.spotify.com/track/6FRLCMO5TUHTexlWo8ym1W
9,"Te Boté - Remix","Nio Garcia",2650851,https://open.spotify.com/track/3V8UKqhEK5zBkBb6d6ub8i
10,"All Mine","Kanye West",2571730,https://open.spotify.com/track/3qnoOm4fwZPBS116f5hpgF
11,"God's Plan",Drake,2513202,https://open.spotify.com/track/6T8cJz5lAqGer9GUHGyelE
12,X,"Nicky Jam",2460290,https://open.spotify.com/track/39N9RPD9MRb5WmoLzNzPeA
13,"Solo (feat. Demi Lovato)","Clean Bandit",2452802,https://open.spotify.com/track/6kPJZM97LwdG9QIsT7khp6
14,Youngblood,"5 Seconds of Summer",2341333,https://open.spotify.com/track/55S2PQgSMYAhgoTCcGCDfw
15,"Psycho (feat. Ty Dolla $ign)","Post Malone",2219838,https://open.spotify.com/track/3swc6WTsr7rl9DqQKQA55C
16,FRIENDS,Marshmello,2085982,https://open.spotify.com/track/08bNPGLD8AhKpnnERrAc6G
17,"This Is America","Childish Gambino",1974638,https://open.spotify.com/track/0b9oOr2ZgvyQu88wzixux9
18,Nevermind,"Dennis Lloyd",1890052,https://open.spotify.com/track/63SevszngYpZOwf63o61K4
19,"rockstar (feat. 21 Savage)","Post Malone",1852621,https://open.spotify.com/track/0e7ipj03S05BNilyu5bRzt
20,Reborn,"KIDS SEE GHOSTS",1796044,https://open.spotify.com/track/4RVbK6cV0VqWdpCDcx3hiT
21,"Yes Indeed","Lil Baby",1795666,https://open.spotify.com/track/6vN77lE9LK6HP2DewaN6HZ
22,Flames,"David Guetta",1781610,https://open.spotify.com/track/33IOhptvC2Qoy2UhjiHXLV
23,"Taste (feat. Offset)",Tyga,1748769,https://open.spotify.com/track/5IaHrVsrferBYDm0bDyABy
24,"lovely (with Khalid)","Billie Eilish",1694845,https://open.spotify.com/track/0u2P5u6lvoDfwTYjAADbn4
25,"Praise The Lord (Da Shine)","A$AP Rocky",1681986,https://open.spotify.com/track/7ycWLEP1GsNjVvcjawXz3z
26,"Love Lies (with Normani)",Khalid,1617392,https://open.spotify.com/track/45Egmo7icyopuzJN0oMEdk
27,2002,Anne-Marie,1614801,https://open.spotify.com/track/6SFStUDQZNaGPKWOx9ZiJB
28,"The Middle",Zedd,1612694,https://open.spotify.com/track/2ARqIya5NAuvFVHSN3bL0m
29,"I'm Upset",Drake,1593769,https://open.spotify.com/track/54oMZ3blwWwuPN4wEoG5mk
30,"Ghost Town","Kanye West",1534817,https://open.spotify.com/track/6Bg7MznA9X0dIhlAsLyBYj
31,"In My Blood","Shawn Mendes",1534045,https://open.spotify.com/track/21YnmkSDhUkmkkni22Svc4
32,"Sin Pijama","Becky G",1520041,https://open.spotify.com/track/2ijef6ni2amuunRoKTlgww
33,"Look Alive (feat. Drake)","BlocBoy JB",1498449,https://open.spotify.com/track/4qKcDkK6siZ7Jp1Jb4m0aL
34,Yikes,"Kanye West",1491500,https://open.spotify.com/track/2r4JRwcbIeuAzWjH4YXlLs
35,IDGAF,"Dua Lipa",1475498,https://open.spotify.com/track/76cy1WJvNGJTj78UqeA5zr
36,"Feel The Love","KIDS SEE GHOSTS",1463344,https://open.spotify.com/track/3aUFrxO1B8EW63QchEl3wX
37,"These Days (feat. Jess Glynne, Macklemore & Dan Caplen)",Rudimental,1450850,https://open.spotify.com/track/5CLGzJsGqhCEECcpnFQA8x
38,"Playinwitme (feat. Kehlani)",KYLE,1445126,https://open.spotify.com/track/4F1yvJfQ7gJkrcgFJQDjOr
39,"4th Dimension","KIDS SEE GHOSTS",1427289,https://open.spotify.com/track/6JyEh4kl9DLwmSAoNDRn5b
40,"Me Niego",Reik,1402708,https://open.spotify.com/track/6jA8JUuPCGYjFcgw0AoM5T
41,"Youth feat. Khalid","Shawn Mendes",1373469,https://open.spotify.com/track/5SwEgzUFDHwpWHKrbnP32Z
42,"Freaky Friday (feat. Chris Brown)","Lil Dicky",1343683,https://open.spotify.com/track/10Igtw8bSDyyFs7KIsKngZ
43,OTW,Khalid,1332992,https://open.spotify.com/track/6Hgh47WXVKtXN5zGOu0hjI
44,"Call Out My Name","The Weeknd",1316981,https://open.spotify.com/track/1gm616Plq4ScqNi7TVkZ5N
45,SAD!,XXXTENTACION,1289154,https://open.spotify.com/track/3ee8Jmje8o58CHK66QrVC2
46,"Jackie Chan",Tiësto,1264579,https://open.spotify.com/track/4kWO6O1BUXcZmaxitpVUwp
47,"Freeee (Ghost Town Pt. 2)","KIDS SEE GHOSTS",1249782,https://open.spotify.com/track/7GRTrWsP3yo2Fx8umJfA1X
48,"Remind Me to Forget",Kygo,1222657,https://open.spotify.com/track/6xTU6B6nFwKKTSZ9ySXS80
49,Fire,"KIDS SEE GHOSTS",1202383,https://open.spotify.com/track/7oHkit3F3vimtsBbnZkU0G
50,Havana,"Camila Cabello",1188830,https://open.spotify.com/track/1rfofaqEpACxVEHIZBJe6W
51,"1, 2, 3 (feat. Jason Derulo & De La Ghetto)","Sofia Reyes",1188488,https://open.spotify.com/track/4QtiVmuA88tPQiCOHZuQ5b
52,"Meant to Be (feat. Florida Georgia Line)","Bebe Rexha",1162538,https://open.spotify.com/track/7iDa6hUg2VgEL1o1HjmfBn
53,"Dura - Remix","Daddy Yankee",1162184,https://open.spotify.com/track/6U2NuJILEOEpW2tVCuqKHb
54,"Kids See Ghosts","KIDS SEE GHOSTS",1123652,https://open.spotify.com/track/2I3dW2dCBZAJGj5X21E53k
55,"Shape of You","Ed Sheeran",1084815,https://open.spotify.com/track/7qiZfU4dY1lWllzX7mPBI3
56,"Cudi Montage","KIDS SEE GHOSTS",1079365,https://open.spotify.com/track/4kUZvXB3LC3an3HX6h0s17
57,"All Girls Are The Same","Juice WRLD",1077402,https://open.spotify.com/track/3H2JThgdBxezwj1wwafQS8
58,"Plug Walk","Rich The Kid",1033590,https://open.spotify.com/track/6mAz8D1TmlTuef90dbNIiZ
59,Mine,Bazzi,1030670,https://open.spotify.com/track/7uzmGiiJyRfuViKKK3lVmR
60,"Walk It Talk It",Migos,1027807,https://open.spotify.com/track/6n4U3TlzUGhdSFbUUhTvLP
61,Somebody,"The Chainsmokers",1020106,https://open.spotify.com/track/3pWcj8hxj3fsb9TDAcMpEl
62,"La Player (Bandolera)","Zion & Lennox",1015656,https://open.spotify.com/track/0VKkyBKCXyR99navhVRqcP
63,"New Rules","Dua Lipa",1012747,https://open.spotify.com/track/2ekn2ttSfGqwhhate0LSR0
64,"Síguelo Bailando",Ozuna,999719,https://open.spotify.com/track/5Y9fnynLlIvqtM710MHzfz
65,"All The Stars (with SZA)","Kendrick Lamar",992171,https://open.spotify.com/track/3GCdLUSnKSMJhs4Tj6CV3s
66,"La Cintura","Alvaro Soler",989116,https://open.spotify.com/track/19MBk3PbNFE36wqIqkMq9H
67,"Ball For Me (feat. Nicki Minaj)","Post Malone",980678,https://open.spotify.com/track/6IaieqiCVvsNvEt6Y7yOFa
68,Perfect,"Ed Sheeran",947678,https://open.spotify.com/track/0tgVpDi06FyKpA1z0VMD4v
69,"Ric Flair Drip (& Metro Boomin)",Offset,945638,https://open.spotify.com/track/7sO5G9EABYOXQKNPNiE9NR
70,"I Fall Apart","Post Malone",944911,https://open.spotify.com/track/75ZvA4QfFiZvzhj2xkaWAh
71,"I'll Be There","Jess Glynne",938867,https://open.spotify.com/track/083Qf6hn6sFL6xiOHlZUyn
72,"Madura (feat. Bad Bunny)",Cosculluela,936211,https://open.spotify.com/track/0r9d60ZYPAlFHq8qnUtkXN
73,Familiar,"Liam Payne",932299,https://open.spotify.com/track/0Y4hwUppbGc8aIBmiTz30A
74,"El Préstamo",Maluma,921099,https://open.spotify.com/track/2XVilv6s9GETnw9PG4T9Mz
75,Dura,"Daddy Yankee",913583,https://open.spotify.com/track/2j2fIJGh4PMdXt9ULI5Tlc
76,"New Light","John Mayer",904483,https://open.spotify.com/track/3bH4HzoZZFq8UpZmI2AMgV
77,"FAKE LOVE",BTS,886288,https://open.spotify.com/track/3aW0ds4A4tSQDIp75FqWTo
78,"Violent Crimes","Kanye West",885289,https://open.spotify.com/track/2VYb3Fb5iK5Y8HGZ8oEEkp
79,Paranoid,"Post Malone",882017,https://open.spotify.com/track/3fpVWegR6YOS1Yk5HSMYIq
80,"Audio - with Sia, Diplo & Labrinth",Sia,857975,https://open.spotify.com/track/7boPPE857KEqCIHNwFkDop
81,"Girls (feat. Cardi B, Bebe Rexha & Charli XCX)","Rita Ora",849130,https://open.spotify.com/track/1YNQscOx6OqBQjxgJVhEeW
82,"Wouldn't Leave","Kanye West",846920,https://open.spotify.com/track/3dG6tjetoR4GMmUGZUprLt
83,"Candy Paint","Post Malone",845932,https://open.spotify.com/track/32lItqlMi4LBhb4k0BaSaC
84,"Spoil My Night (feat. Swae Lee)","Post Malone",844082,https://open.spotify.com/track/5VuxWXbt7XENQCtE9TzpTv
85,"Échame La Culpa","Luis Fonsi",841672,https://open.spotify.com/track/1zsG4eaZmkA1dvjDDsAGLK
86,Believer,"Imagine Dragons",839770,https://open.spotify.com/track/7Izh7zLJGw1Nscd62Exxj4
87,"Like I Do","David Guetta",822927,https://open.spotify.com/track/6RnkFd8Fqqgk1Uni8RgqCQ
88,"Por Perro","Sebastian Yatra",820965,https://open.spotify.com/track/2alIsNw1mqEShbWyO1HXZZ
89,Thunder,"Imagine Dragons",803591,https://open.spotify.com/track/26gceVsA1ybT8qsX3aYLEn
90,"Bella - Remix",Wolfine,797683,https://open.spotify.com/track/0SaYeGhSXN0dDWstyNTQ56
91,"Powerglide (feat. Juicy J) - From SR3MM","Rae Sremmurd",788956,https://open.spotify.com/track/1BuZAIO8WZpavWVbbq3Lci
92,Nervous,"Shawn Mendes",787146,https://open.spotify.com/track/0Dq49j3dELbttQVUJbtn0c
93,"XO TOUR Llif3","Lil Uzi Vert",786531,https://open.spotify.com/track/7GX5flRQZVHRAGd6B4TmDO
94,Happier,"Ed Sheeran",786027,https://open.spotify.com/track/2RttW7RAu5nOAfq6YFvApB
95,JAPAN,"Famous Dex",773462,https://open.spotify.com/track/5PTG6rrL6EPFD9E2QMI2pl
96,"Mad Love","Sean Paul",767412,https://open.spotify.com/track/3soOPBuMK8YMdWnV7xpEyf
97,"Mi Cama","Karol G",764663,https://open.spotify.com/track/7sFYVcKSb24qg0dAkqLEFj
98,"Te Amo","Piso 21",763168,https://open.spotify.com/track/2RVrdr062uLFxXwIxwdXPH
99,"Start Again (feat. Logic)",OneRepublic,746592,https://open.spotify.com/track/1Nj2oBISdFDSF8eDuXcALz
100,"Déjala Que Vuelva (feat. Manuel Turizo)","Piso 21",744495,https://open.spotify.com/track/1j6xOGusnyXq3l6IryKF3G
101,Stay,"Post Malone",741391,https://open.spotify.com/track/4H7WNRErSbONkM06blBoGc
102,Unica,Ozuna,740670,https://open.spotify.com/track/6752EZMgXswvRBH3N2PilO
103,"Rich & Sad","Post Malone",720056,https://open.spotify.com/track/2VdT56BGpdqNHUgOe1j5vc
104,"Welcome to the Party (with French Montana & Lil Pump, feat. Zhavia Ward) - from Deadpool 2",Diplo,719402,https://open.spotify.com/track/5mqzhMuUpvnMfwNz6iepmO
105,"Wake Me Up - Radio Edit",Avicii,718288,https://open.spotify.com/track/6g1NlCpW7fgqDnWbCCDrHl
106,Congratulations,"Post Malone",709333,https://open.spotify.com/track/3a1lNhkSLSkpJE4MSHpDu9
107,Wolves,"Selena Gomez",704365,https://open.spotify.com/track/7EmGUiUaOSGDnUUQUDrOXC
108,Criminal,"Natti Natasha",702828,https://open.spotify.com/track/6Za3190Sbw39BBC77WSS1C
109,Clandestino,Shakira,700239,https://open.spotify.com/track/7DrluKkTviBwCc8AV3VGmf
110,"Never Be the Same","Camila Cabello",697526,https://open.spotify.com/track/4eWQlBRaTjPPUlzacqEeoQ
111,"Done For Me (feat. Kehlani)","Charlie Puth",690467,https://open.spotify.com/track/1lsBTdE6MGsKeZCD6llNu7
112,Dembow,"Danny Ocean",688715,https://open.spotify.com/track/2EzRdhuoPyNJDlep7lnNf2
113,Esskeetit,"Lil Pump",681023,https://open.spotify.com/track/44KKhCyI0BGS6LvVyDqJtH
114,TATI,6ix9ine,680355,https://open.spotify.com/track/6kp0inxIexxSiDJfWqq0ZL
115,HUMBLE.,"Kendrick Lamar",679621,https://open.spotify.com/track/7KXjTSCq5nL1LoYtL7XAwS
116,"Jocelyn Flores",XXXTENTACION,679210,https://open.spotify.com/track/7m9OqQk4RVRkw9JJdeAw96
117,"I Thought About Killing You","Kanye West",677580,https://open.spotify.com/track/6EuE9M1viu9gkdFSafia9o
118,Ambiente,"J Balvin",674083,https://open.spotify.com/track/6VrBWh90BiwWmwKtvwWFcq
119,Rise,"Jonas Blue",672987,https://open.spotify.com/track/3u1S1OmAUhx5DRlLrXqyp3
120,"Say You Won't Let Go","James Arthur",668239,https://open.spotify.com/track/5uCax9HTNlzGybIStD3vDh
121,1950,"King Princess",662144,https://open.spotify.com/track/0CZ8lquoTX2Dkg7Ak2inwA
122,"Too Good At Goodbyes","Sam Smith",661783,https://open.spotify.com/track/1mXVgsBdtIVeCLJnSnmtdV
123,"Let Me",ZAYN,656405,https://open.spotify.com/track/7Fg342AJtNsIDdwCfX0paC
124,Corazón,Maluma,653071,https://open.spotify.com/track/5cepAtqnEQ6yVG6088zMMu
125,"No Mistakes","Kanye West",652791,https://open.spotify.com/track/1DdgqEZk4Hqfpl3drdXJun
126,Silence,Marshmello,652396,https://open.spotify.com/track/7vGuf3Y35N4wmASOKLUVVU
127,"Feel It Still","Portugal. The Man",649602,https://open.spotify.com/track/6QgjcU0zLnzq5OrUoSZ3OK
128,"Shoota (feat. Lil Uzi Vert)","Playboi Carti",642469,https://open.spotify.com/track/2BJSMvOGABRxokHKB0OI8i
129,"Champion (feat. Travis Scott)",NAV,638137,https://open.spotify.com/track/6nO3tr47nr2P7f3hXb8JIo
130,Moonlight,XXXTENTACION,638032,https://open.spotify.com/track/0JP9xo3adEtGSdUEISiszL
131,KOD,"J. Cole",636020,https://open.spotify.com/track/7yotKA30dwTKNEGomV9ZsI
132,Chun-Li,"Nicki Minaj",635727,https://open.spotify.com/track/2gTYVoQCUh0QNUaFix01ld
133,"Berlin lebt","Capital Bra",630692,https://open.spotify.com/track/1uJ7IQJdeAvmUDpIyZb0be
134,"Without You (feat. Sandro Cavazza)",Avicii,625365,https://open.spotify.com/track/6WbADFqMvR8N5u0BvtsWQE
135,"Young Dumb & Broke",Khalid,624641,https://open.spotify.com/track/5Z3GHaZ6ec9bsiI5BenrbY
136,"Lost In Japan","Shawn Mendes",616006,https://open.spotify.com/track/6WBTeFDEfAJbaSUUc1V1xQ
137,"Finesse (Remix) [feat. Cardi B]","Bruno Mars",615290,https://open.spotify.com/track/3Vo4wInECJQuz9BIBMOu8i
138,"Watch (feat. Lil Uzi Vert & Kanye West)","Travis Scott",612940,https://open.spotify.com/track/3DoBTwfr8yi2LN08SBpFkN
139,Africa,Toto,610112,https://open.spotify.com/track/2374M0fQpWi3dLnB54qaLX
140,Downtown,Anitta,608161,https://open.spotify.com/track/3Ga6eKrUFf12ouh9Yw3v2D
141,"What Lovers Do (feat. SZA)","Maroon 5",598912,https://open.spotify.com/track/3hBBKuWJfxlIlnd9QFoC8k
142,"Over Now","Post Malone",597489,https://open.spotify.com/track/09IOPhEh1OMe0HD9b36FJk
143,Solita,Ozuna,595608,https://open.spotify.com/track/7rwX0O3RlxqqIjQM8evm5E
144,"King's Dead (with Kendrick Lamar, Future & James Blake)","Jay Rock",589657,https://open.spotify.com/track/51rXHuKN8Loc4sUlKPODgH
145,"I Like Me Better",Lauv,586487,https://open.spotify.com/track/2P91MQbaiQOfbiz9VqhqKQ
146,"92 Explorer","Post Malone",584701,https://open.spotify.com/track/1D2L6MefbXon28PzIk9I3r
147,"Mi Gente","J Balvin",580639,https://open.spotify.com/track/7COfe3P7KgfwDwIRB8LIDw
148,goosebumps,"Travis Scott",580369,https://open.spotify.com/track/6gBFPUFcJLzWGx4lenP6h2
149,Unforgettable,"French Montana",579132,https://open.spotify.com/track/3B54sVLJ402zGa6Xm4YGNe
150,"Let You Down",NF,579053,https://open.spotify.com/track/6mrKP2jyIQmM0rw6fQryjr
151,"Something Just Like This","The Chainsmokers",578010,https://open.spotify.com/track/6RUKPb4LETWmmr3iAEQktW
152,Closer,"The Chainsmokers",577790,https://open.spotify.com/track/7BKLCZ1jbUBVqRi2FVlTVw
153,Ahora,"J Balvin",575456,https://open.spotify.com/track/2yBWnRKj0Zx7AF1kufajvW
154,"This Is Me","Keala Settle",573668,https://open.spotify.com/track/2xGjteMU3E1tkEPVFBO08U
155,"One Dance",Drake,572472,https://open.spotify.com/track/1xznGGDReH1oQq0xzbwXa3
156,Delicate,"Taylor Swift",567920,https://open.spotify.com/track/7CneiDesUKFJO3Ix01dnfr
157,"Say Something","Justin Timberlake",566142,https://open.spotify.com/track/1LhMopPAallLeaeNutqbgS
158,"Live It Up - Official Song 2018 FIFA World Cup Russia","Nicky Jam",565304,https://open.spotify.com/track/4DnHUy01jEA4b5ydC3HgsT
159,"Wonderwall - Remastered",Oasis,564167,https://open.spotify.com/track/5qqabIl2vWzo9ApSC317sa
160,"Rewrite The Stars","Zac Efron",560962,https://open.spotify.com/track/630sXRhIcfwr2e4RdNtjKN
161,"Perfect Duet (Ed Sheeran & Beyoncé)","Ed Sheeran",559079,https://open.spotify.com/track/1bhUWB0zJMIKr9yVPrkEuI
162,"River (feat. Ed Sheeran)",Eminem,558601,https://open.spotify.com/track/5UEnHoDYpsxlfzWLZIc7LD
163,"Whatever It Takes","Imagine Dragons",557655,https://open.spotify.com/track/7F3uo3304R2CTvOseU3H7u
164,Body,"Loud Luxury",557603,https://open.spotify.com/track/43V1z6QToNNWNldV4FEG6r
165,"Bank Account","21 Savage",557397,https://open.spotify.com/track/2fQrGHiQOvpL9UgPvtYy6G
166,Sensualidad,"Bad Bunny",557237,https://open.spotify.com/track/5hcisvFMidkMJlElTO9Qmw
167,"Nena Maldicion (feat. Lenny Tavarez)","Paulo Londra",557003,https://open.spotify.com/track/3TnhQSRwT3AVMdXw5JPq0x
168,"PICK IT UP (feat. A$AP Rocky)","Famous Dex",555919,https://open.spotify.com/track/0dSIrRkA4PadGll16TgbnV
169,"Ao Vivo E A Cores","Matheus & Kauan",552382,https://open.spotify.com/track/2Ab1wPTEqulaCGoBak1gUo
170,"Dusk Till Dawn - Radio Edit",ZAYN,550962,https://open.spotify.com/track/1j4kHkkpqZRBwE0A4CN4Yv
171,"Sangria Wine","Pharrell Williams",549969,https://open.spotify.com/track/6XlSyYFTU1nodeWwwzVgTV
172,"Pray For Me (with Kendrick Lamar)","The Weeknd",548813,https://open.spotify.com/track/4ofvoCdXq99vpMZO4Cfp8x
173,Bella,Wolfine,548401,https://open.spotify.com/track/3xcCix7Jv1Rp90YVmgo35D
174,Everyday,Logic,546822,https://open.spotify.com/track/4EAV2cKiqKP5UPZmY6dejk
175,Location,Khalid,546787,https://open.spotify.com/track/152lZdxL1OR0ZMW6KquMif
176,"Me Rehúso","Danny Ocean",544711,https://open.spotify.com/track/6De0lHrwBfPfrhorm9q1Xl
177,"Thinking Out Loud","Ed Sheeran",544356,https://open.spotify.com/track/1Slwb6dOYkBlWal1PGtnNg
178,"There's Nothing Holdin' Me Back","Shawn Mendes",543914,https://open.spotify.com/track/79cuOz3SPQTuFrp8WgftAu
179,"Despacito - Remix","Luis Fonsi",542293,https://open.spotify.com/track/5CtI0qwDJkDQGwXD1H1cLb
180,"Be Careful","Cardi B",540885,https://open.spotify.com/track/2Yl4OmDby9iitgNWZPwxkd
181,"More Than You Know","Axwell /\ Ingrosso",536754,https://open.spotify.com/track/71bBFbfn2OBK5QwUJSLS44
182,"I Wanna Know (feat. Bea Miller)",NOTD,535909,https://open.spotify.com/track/18W92Zm1KjLCbUIszOhpkD
183,"Stir Fry",Migos,535558,https://open.spotify.com/track/2UVbBKQOdFAekPTRsnkzcf
184,Amorfoda,"Bad Bunny",534195,https://open.spotify.com/track/3ITvHA9zhZZdBJsOsAUegF
185,1-800-273-8255,Logic,530034,https://open.spotify.com/track/5tz69p7tJuGPeMGwNTxYuV
186,"Duro y Suave","Leslie Grace",528859,https://open.spotify.com/track/31M5m42C3EGlbydf9XB5to
187,"The Night We Met","Lord Huron",528772,https://open.spotify.com/track/6mORGLOz79w6VsCRLWYYuK
188,"I'm Yours","Jason Mraz",528644,https://open.spotify.com/track/3S0OXQeoh0w6AY8WQVckRW
189,changes,XXXTENTACION,527102,https://open.spotify.com/track/7AFASza1mXqntmGtbxXprO
190,"To My Love - Tainy Remix","Bomba Estéreo",526269,https://open.spotify.com/track/5LciLoxa1gK70yIUeoHgRx
191,"Bodak Yellow","Cardi B",522169,https://open.spotify.com/track/6KBYefIoo7KydImq1uUQlL
192,Attention,"Charlie Puth",519197,https://open.spotify.com/track/5cF0dROlMOK5uNZtivgu50
193,"Same Bitches (feat. G-Eazy & YG)","Post Malone",517941,https://open.spotify.com/track/688QpQAwqsLdBR6lr13wK1
194,"Answerphone (feat. Yxng Bane)","Banx & Ranx",514069,https://open.spotify.com/track/1HagMz5nWk1HmevNCBOxF3
195,"Leave a Light On","Tom Walker",512219,https://open.spotify.com/track/6lOWoTqVnAWXchddtTH31W
196,Photograph,"Ed Sheeran",511159,https://open.spotify.com/track/6fxVffaTuwjgEk5h9QyRjy
197,"Zack And Codeine","Post Malone",510455,https://open.spotify.com/track/5lZZmityu9TAjNvSY6GLhR
198,"Amor Falso","Aldair Playboy",507525,https://open.spotify.com/track/00zzSEe82JTtz68XlARnh7
199,"Propaganda - Ao Vivo","Jorge & Mateus",505179,https://open.spotify.com/track/74n5d5M21JnC4WJ6gdkggK
200,"El Farsante - Remix",Ozuna,497550,https://open.spotify.com/track/7uYgVgRSgqluZclLS7wpp4
