,,,"Note that these figures are generated using a formula that protects against any artificial inflation of chart positions.",
Position,"Track Name",Artist,Streams,URL
1,"Don’t Matter To Me",Drake,4605923,https://open.spotify.com/track/36ONiya0OANYknz0GgJmwB
2,"In My Feelings",Drake,4406479,https://open.spotify.com/track/0bAkKNCQfWkexHFn7fIKns
3,SAD!,XXXTENTACION,4011682,https://open.spotify.com/track/3ee8Jmje8o58CHK66QrVC2
4,Nonstop,Drake,3820617,https://open.spotify.com/track/2Vx8E3K5icPZR7OCklWBXX
5,"Girls Like You (feat. Cardi B)","Maroon 5",3723057,https://open.spotify.com/track/7fa9MBXhVfQ8P8Df9OEbD8
6,"I Like It","Cardi B",3719802,https://open.spotify.com/track/58q2HKrzhC3ozto2nDdN4z
7,"One Kiss (with Dua Lipa)","Calvin Harris",3713779,https://open.spotify.com/track/7ef4DlsgrMEH11cDZd32M6
8,"Lucid Dreams","Juice WRLD",3493842,https://open.spotify.com/track/0X8DcetL926BYiPJYstJTc
9,"Better Now","Post Malone",3322104,https://open.spotify.com/track/7dt6x5M1jzdTEt8oCbisTK
10,"Solo (feat. Demi Lovato)","Clean Bandit",3227520,https://open.spotify.com/track/6kPJZM97LwdG9QIsT7khp6
11,"God's Plan",Drake,2910313,https://open.spotify.com/track/2VWbHHhWnMzKWPUs4IEEW9
12,"Taste (feat. Offset)",Tyga,2802957,https://open.spotify.com/track/5IaHrVsrferBYDm0bDyABy
13,"Nice For What",Drake,2732618,https://open.spotify.com/track/0HVv5bEOiI9a0QfgcASXpX
14,"Te Boté - Remix","Nio Garcia",2713433,https://open.spotify.com/track/3V8UKqhEK5zBkBb6d6ub8i
15,Moonlight,XXXTENTACION,2631382,https://open.spotify.com/track/0JP9xo3adEtGSdUEISiszL
16,Youngblood,"5 Seconds of Summer",2589381,https://open.spotify.com/track/2iUXsYOEPhVqEBwsqP70rE
17,"Jackie Chan",Tiësto,2556810,https://open.spotify.com/track/4kWO6O1BUXcZmaxitpVUwp
18,"no tears left to cry","Ariana Grande",2384019,https://open.spotify.com/track/5SxkdsY1ufZzoq9iXceLw9
19,"Back To You","Selena Gomez",2335350,https://open.spotify.com/track/514rhnksEwHUh6LxXsQ4Y9
20,"Ocean (feat. Khalid)","Martin Garrix",2324311,https://open.spotify.com/track/3nc420PXjTdBV5TN0gCFkS
21,"I'm Upset",Drake,2278753,https://open.spotify.com/track/1iSZPndzmY6NvL1jAtIvY1
22,"Sin Pijama","Becky G",2132370,https://open.spotify.com/track/2ijef6ni2amuunRoKTlgww
23,X,"Nicky Jam",2090264,https://open.spotify.com/track/39N9RPD9MRb5WmoLzNzPeA
24,changes,XXXTENTACION,2056934,https://open.spotify.com/track/7AFASza1mXqntmGtbxXprO
25,Rise,"Jonas Blue",1998906,https://open.spotify.com/track/3u1S1OmAUhx5DRlLrXqyp3
26,"Jocelyn Flores",XXXTENTACION,1995938,https://open.spotify.com/track/7m9OqQk4RVRkw9JJdeAw96
27,"Mob Ties",Drake,1871843,https://open.spotify.com/track/7txPE73wHbuXYkM1h8zNrG
28,Emotionless,Drake,1853270,https://open.spotify.com/track/1v1IXPXl73Z7zy6f5tUa9n
29,Nevermind,"Dennis Lloyd",1795638,https://open.spotify.com/track/63SevszngYpZOwf63o61K4
30,"Psycho (feat. Ty Dolla $ign)","Post Malone",1738166,https://open.spotify.com/track/3swc6WTsr7rl9DqQKQA55C
31,"Born To Be Yours",Kygo,1717547,https://open.spotify.com/track/0kHyKhJMukHEPfeh8s7rdM
32,"Bed (feat. Ariana Grande)","Nicki Minaj",1705826,https://open.spotify.com/track/1ZEm9cJC05rawV2tptNfTS
33,"rockstar (feat. 21 Savage)","Post Malone",1676862,https://open.spotify.com/track/0e7ipj03S05BNilyu5bRzt
34,FRIENDS,Marshmello,1650553,https://open.spotify.com/track/08bNPGLD8AhKpnnERrAc6G
35,Flames,"David Guetta",1624330,https://open.spotify.com/track/33IOhptvC2Qoy2UhjiHXLV
36,2002,Anne-Marie,1605112,https://open.spotify.com/track/6SFStUDQZNaGPKWOx9ZiJB
37,"Yes Indeed","Lil Baby",1511042,https://open.spotify.com/track/6vN77lE9LK6HP2DewaN6HZ
38,Elevate,Drake,1489261,https://open.spotify.com/track/4uloft7ZE54WflsuqFmjC7
39,"Me Niego",Reik,1482331,https://open.spotify.com/track/6jA8JUuPCGYjFcgw0AoM5T
40,APESHIT,"The Carters",1472957,https://open.spotify.com/track/0E6PsO3ymCfUh7pJQjBgkj
41,"La Cintura","Alvaro Soler",1468640,https://open.spotify.com/track/19MBk3PbNFE36wqIqkMq9H
42,"The Middle",Zedd,1437969,https://open.spotify.com/track/09IStsImFySgyp0pIQdqAc
43,"Can’t Take A Joke",Drake,1374398,https://open.spotify.com/track/7cfvP13Bqb1EyCZQiYsLum
44,"No Es Justo","J Balvin",1346942,https://open.spotify.com/track/5qFeMRz4TvetPmzjre9Dq7
45,"Fuck Love (feat. Trippie Redd)",XXXTENTACION,1345035,https://open.spotify.com/track/7AQim7LbvFVZJE3O8TYgf2
46,"lovely (with Khalid)","Billie Eilish",1335002,https://open.spotify.com/track/0u2P5u6lvoDfwTYjAADbn4
47,IDGAF,"Dua Lipa",1328202,https://open.spotify.com/track/76cy1WJvNGJTj78UqeA5zr
48,"1, 2, 3 (feat. Jason Derulo & De La Ghetto)","Sofia Reyes",1327643,https://open.spotify.com/track/4QtiVmuA88tPQiCOHZuQ5b
49,"Praise The Lord (Da Shine)","A$AP Rocky",1308321,https://open.spotify.com/track/7ycWLEP1GsNjVvcjawXz3z
50,"Mi Cama","Karol G",1304457,https://open.spotify.com/track/7sFYVcKSb24qg0dAkqLEFj
51,"X - Remix","Nicky Jam",1291064,https://open.spotify.com/track/6JjPBQfI2Y8nIjnm65X6Pw
52,"These Days (feat. Jess Glynne, Macklemore & Dan Caplen)",Rudimental,1284340,https://open.spotify.com/track/5CLGzJsGqhCEECcpnFQA8x
53,"La Player (Bandolera)","Zion & Lennox",1264414,https://open.spotify.com/track/0VKkyBKCXyR99navhVRqcP
54,"8 Out Of 10",Drake,1242857,https://open.spotify.com/track/5fcM0StdQxMjzulVGhFkHN
55,"Look Alive (feat. Drake)","BlocBoy JB",1234751,https://open.spotify.com/track/4qKcDkK6siZ7Jp1Jb4m0aL
56,"Shape of You","Ed Sheeran",1222624,https://open.spotify.com/track/7qiZfU4dY1lWllzX7mPBI3
57,Havana,"Camila Cabello",1219304,https://open.spotify.com/track/1rfofaqEpACxVEHIZBJe6W
58,"Dura - Remix","Daddy Yankee",1215299,https://open.spotify.com/track/6U2NuJILEOEpW2tVCuqKHb
59,Body,"Loud Luxury",1211186,https://open.spotify.com/track/43V1z6QToNNWNldV4FEG6r
60,Survival,Drake,1177270,https://open.spotify.com/track/71SEHJPt1iDwGkBhUOAXDP
61,Unica,Ozuna,1141654,https://open.spotify.com/track/6752EZMgXswvRBH3N2PilO
62,"Talk Up",Drake,1123070,https://open.spotify.com/track/3Yw09dj3cTXsAzlLjgBfIP
63,"All Mine","Kanye West",1099900,https://open.spotify.com/track/3qnoOm4fwZPBS116f5hpgF
64,"Everybody Dies In Their Nightmares",XXXTENTACION,1073407,https://open.spotify.com/track/3GVkPk8mqxz0itaAriG1L7
65,"Madura (feat. Bad Bunny)",Cosculluela,1071361,https://open.spotify.com/track/0r9d60ZYPAlFHq8qnUtkXN
66,"Blue Tint",Drake,1066410,https://open.spotify.com/track/1Jrj3k5L36dPkU6KAclU7g
67,"Love Lies (with Normani)",Khalid,1066065,https://open.spotify.com/track/45Egmo7icyopuzJN0oMEdk
68,"Vaina Loca",Ozuna,1055018,https://open.spotify.com/track/1s2B5cndbqK8rPJEIcKJRQ
69,"Meant to Be (feat. Florida Georgia Line)","Bebe Rexha",1052780,https://open.spotify.com/track/4e4fqjx0Izh4svvTef1z7e
70,"Look At Me!",XXXTENTACION,1045108,https://open.spotify.com/track/6eYxmK9fdL4hwLnXG2zY3s
71,"If You're Over Me","Years & Years",1043740,https://open.spotify.com/track/1oc3jna2ablnfIKLYbKujl
72,"This Is America","Childish Gambino",1040694,https://open.spotify.com/track/0b9oOr2ZgvyQu88wzixux9
73,"Boo'd Up","Ella Mai",1036721,https://open.spotify.com/track/0At2qAoaVjIwWNAqrscXli
74,"New Rules","Dua Lipa",1033318,https://open.spotify.com/track/2ekn2ttSfGqwhhate0LSR0
75,"All Girls Are The Same","Juice WRLD",1028406,https://open.spotify.com/track/3H2JThgdBxezwj1wwafQS8
76,Mine,Bazzi,1009001,https://open.spotify.com/track/7uzmGiiJyRfuViKKK3lVmR
77,"Summer Games",Drake,1007704,https://open.spotify.com/track/0w1ZtnzQmtmuuoKxHT0pLL
78,Clandestino,Shakira,997709,https://open.spotify.com/track/7DrluKkTviBwCc8AV3VGmf
79,"After Dark",Drake,994938,https://open.spotify.com/track/4IvenHmD0spfFDOKphoUDp
80,"Sandra’s Rose",Drake,985158,https://open.spotify.com/track/1sPLURKAosM3Jampgp9AWq
81,"Por Perro","Sebastian Yatra",977761,https://open.spotify.com/track/2alIsNw1mqEShbWyO1HXZZ
82,"the remedy for a broken heart (why am I so in love)",XXXTENTACION,976057,https://open.spotify.com/track/4UKCKdYiLN6IMA5ZESUTL7
83,"Playinwitme (feat. Kehlani)",KYLE,964887,https://open.spotify.com/track/4F1yvJfQ7gJkrcgFJQDjOr
84,"Live It Up - Official Song 2018 FIFA World Cup Russia","Nicky Jam",947491,https://open.spotify.com/track/4DnHUy01jEA4b5ydC3HgsT
85,Perfect,"Ed Sheeran",931933,https://open.spotify.com/track/0tgVpDi06FyKpA1z0VMD4v
86,"In My Blood","Shawn Mendes",931659,https://open.spotify.com/track/21YnmkSDhUkmkkni22Svc4
87,"Freaky Friday (feat. Chris Brown)","Lil Dicky",928345,https://open.spotify.com/track/10Igtw8bSDyyFs7KIsKngZ
88,Believer,"Imagine Dragons",916637,https://open.spotify.com/track/5VKSZDsidOFHrtlJb33Syo
89,OTW,Khalid,911547,https://open.spotify.com/track/6Hgh47WXVKtXN5zGOu0hjI
90,"Síguelo Bailando",Ozuna,908027,https://open.spotify.com/track/5Y9fnynLlIvqtM710MHzfz
91,"Start Again (feat. Logic)",OneRepublic,901319,https://open.spotify.com/track/1Nj2oBISdFDSF8eDuXcALz
92,"WIFI LIT",Future,900138,https://open.spotify.com/track/6WlxcZKpEV6Bwe9InoVhMp
93,"That’s How You Feel",Drake,886401,https://open.spotify.com/track/0SVsEdvot6vU4byv5yW0oj
94,"Bella - Remix",Wolfine,884709,https://open.spotify.com/track/0SaYeGhSXN0dDWstyNTQ56
95,Dura,"Daddy Yankee",884232,https://open.spotify.com/track/6KuqAtoeVzxAYOaMveLNpH
96,Thunder,"Imagine Dragons",881298,https://open.spotify.com/track/7BrsBU0BAytRDvROM4yCbn
97,"Call Out My Name","The Weeknd",879414,https://open.spotify.com/track/1gm616Plq4ScqNi7TVkZ5N
98,"Ball For Me (feat. Nicki Minaj)","Post Malone",873218,https://open.spotify.com/track/6IaieqiCVvsNvEt6Y7yOFa
99,"El Préstamo",Maluma,866233,https://open.spotify.com/track/2XVilv6s9GETnw9PG4T9Mz
100,"High Hopes","Panic! At The Disco",862523,https://open.spotify.com/track/1rqqCSm0Qe4I9rUvWncaom
101,"Walk It Talk It",Migos,860749,https://open.spotify.com/track/6n4U3TlzUGhdSFbUUhTvLP
102,"I'm a Mess","Bebe Rexha",858669,https://open.spotify.com/track/04ZTP5KsCypmtCmQg5tH9R
103,Finesse,Drake,840161,https://open.spotify.com/track/590bUp2TKTfTS9NfiD4Nmn
104,Shotgun,"George Ezra",838923,https://open.spotify.com/track/4ofwffwvvnbSkrMSCKQDaC
105,Jaded,Drake,832478,https://open.spotify.com/track/3jipFRgLyKK0oJoG1pKicx
106,"Plug Walk","Rich The Kid",831880,https://open.spotify.com/track/6mAz8D1TmlTuef90dbNIiZ
107,"Estamos Bien","Bad Bunny",830572,https://open.spotify.com/track/7glCSQqV5o6NU88Cn4zPZn
108,"New Light","John Mayer",830082,https://open.spotify.com/track/3bH4HzoZZFq8UpZmI2AMgV
109,Familiar,"Liam Payne",826130,https://open.spotify.com/track/0Y4hwUppbGc8aIBmiTz30A
110,"Für Euch alle (feat. Samra & Capital Bra)",Bushido,826053,https://open.spotify.com/track/78CLZUWhsxIDwObCKOh1fh
111,"Te Amo","Piso 21",817404,https://open.spotify.com/track/2RVrdr062uLFxXwIxwdXPH
112,"Remind Me to Forget",Kygo,804963,https://open.spotify.com/track/6xTU6B6nFwKKTSZ9ySXS80
113,"All The Stars (with SZA)","Kendrick Lamar",796437,https://open.spotify.com/track/3GCdLUSnKSMJhs4Tj6CV3s
114,"XO TOUR Llif3","Lil Uzi Vert",794113,https://open.spotify.com/track/7GX5flRQZVHRAGd6B4TmDO
115,"I Fall Apart","Post Malone",787446,https://open.spotify.com/track/75ZvA4QfFiZvzhj2xkaWAh
116,"Three Lions","Baddiel, Skinner & Lightning Seeds",786578,https://open.spotify.com/track/0Ai6qtPfiEYGCqBGJYWD1W
117,"DDU-DU DDU-DU - KR Ver.",BLACKPINK,780098,https://open.spotify.com/track/2CWnuF7ht55Ajyeg4WPvWu
118,Hope,XXXTENTACION,779386,https://open.spotify.com/track/2ZRo7axmMPeSVUvDbGkJah
119,Somebody,"The Chainsmokers",774433,https://open.spotify.com/track/3pWcj8hxj3fsb9TDAcMpEl
120,Peak,Drake,771718,https://open.spotify.com/track/2RAeY8dPj6KmStROfEigjV
121,Asesina,Brytiago,771264,https://open.spotify.com/track/6rbhaJsE4uLzpPf8WYSHDK
122,"Échame La Culpa","Luis Fonsi",768105,https://open.spotify.com/track/2hl6q70unbviGo3g1R7uFx
123,"Audio - with Sia, Diplo & Labrinth",Sia,751761,https://open.spotify.com/track/7boPPE857KEqCIHNwFkDop
124,"Too Good At Goodbyes","Sam Smith",751040,https://open.spotify.com/track/1mXVgsBdtIVeCLJnSnmtdV
125,"Ric Flair Drip (& Metro Boomin)",Offset,749138,https://open.spotify.com/track/7sO5G9EABYOXQKNPNiE9NR
126,"Mad Love","Sean Paul",746603,https://open.spotify.com/track/4dSoDnmR9opAQ8KxUc9SbC
127,Happier,"Ed Sheeran",743061,https://open.spotify.com/track/2RttW7RAu5nOAfq6YFvApB
128,"Drug Addicts","Lil Pump",741824,https://open.spotify.com/track/6tpHfEM8eaETzlPOARYWfZ
129,"I'll Be There","Jess Glynne",732329,https://open.spotify.com/track/083Qf6hn6sFL6xiOHlZUyn
130,"In My Mind",Dynoro,728001,https://open.spotify.com/track/0E9ZjEAyAwOXZ7wJC0PD33
131,Calypso,"Luis Fonsi",724275,https://open.spotify.com/track/4178A5NkEjcsGc64jpBO6d
132,Ambiente,"J Balvin",723892,https://open.spotify.com/track/6VrBWh90BiwWmwKtvwWFcq
133,"Déjala Que Vuelva (feat. Manuel Turizo)","Piso 21",722336,https://open.spotify.com/track/1j6xOGusnyXq3l6IryKF3G
134,Dembow,"Danny Ocean",718580,https://open.spotify.com/track/2EzRdhuoPyNJDlep7lnNf2
135,"Duro y Suave","Leslie Grace",715276,https://open.spotify.com/track/31M5m42C3EGlbydf9XB5to
136,"Is There More",Drake,705072,https://open.spotify.com/track/2QoOyCFpDo4NblMLP7vBRT
137,JAPAN,"Famous Dex",699404,https://open.spotify.com/track/5PTG6rrL6EPFD9E2QMI2pl
138,Closer,"The Chainsmokers",690850,https://open.spotify.com/track/7BKLCZ1jbUBVqRi2FVlTVw
139,"Wake Me Up - Radio Edit",Avicii,685500,https://open.spotify.com/track/4h8VwCb1MTGoLKueQ1WgbD
140,"Candy Paint","Post Malone",680897,https://open.spotify.com/track/32lItqlMi4LBhb4k0BaSaC
141,"Like I Do","David Guetta",679608,https://open.spotify.com/track/6RnkFd8Fqqgk1Uni8RgqCQ
142,"Ao Vivo E A Cores","Matheus & Kauan",666777,https://open.spotify.com/track/2Ab1wPTEqulaCGoBak1gUo
143,HUMBLE.,"Kendrick Lamar",664754,https://open.spotify.com/track/7KXjTSCq5nL1LoYtL7XAwS
144,"Ratchet Happy Birthday",Drake,663064,https://open.spotify.com/track/16x6tqeSkIjoLEf7SJLlYy
145,"Feel It Still","Portugal. The Man",661133,https://open.spotify.com/track/6QgjcU0zLnzq5OrUoSZ3OK
146,Congratulations,"Post Malone",660214,https://open.spotify.com/track/3a1lNhkSLSkpJE4MSHpDu9
147,NUMB,XXXTENTACION,657362,https://open.spotify.com/track/01TnVDiet1DFTsyWKUKovl
148,Unforgettable,"French Montana",657100,https://open.spotify.com/track/3B54sVLJ402zGa6Xm4YGNe
149,"One Dance",Drake,644152,https://open.spotify.com/track/1zi7xx7UVEFkmKfv06H8x0
150,Criminal,"Natti Natasha",642528,https://open.spotify.com/track/6Za3190Sbw39BBC77WSS1C
151,Africa,Toto,641602,https://open.spotify.com/track/2374M0fQpWi3dLnB54qaLX
152,Enemies,Lauv,641572,https://open.spotify.com/track/3JJYIoJ5FyY9E0DGjr7SXF
153,"ocean eyes","Billie Eilish",639150,https://open.spotify.com/track/7hDVYcQq6MxkdJGweuCtl9
154,"Powerglide (feat. Juicy J) - From SR3MM","Rae Sremmurd",635178,https://open.spotify.com/track/1BuZAIO8WZpavWVbbq3Lci
155,"Say You Won't Let Go","James Arthur",631109,https://open.spotify.com/track/5uCax9HTNlzGybIStD3vDh
156,"Perfect Duet (Ed Sheeran & Beyoncé)","Ed Sheeran",629165,https://open.spotify.com/track/1bhUWB0zJMIKr9yVPrkEuI
157,"Without You (feat. Sandro Cavazza)",Avicii,627736,https://open.spotify.com/track/6Pgkp4qUoTmJIPn7ReaGxL
158,"Only You (with Little Mix)","Cheat Codes",620882,https://open.spotify.com/track/54l9GJGQ1UCFKe2tzt1Vxt
159,"Better Not (feat. Wafia)","Louis The Child",620442,https://open.spotify.com/track/447yWcDPg1ddgcHBLGpJC0
160,"Big Bank feat. 2 Chainz, Big Sean, Nicki Minaj",YG,617672,https://open.spotify.com/track/2RM4jf1Xa9zPgMGRDiht8O
161,"Like To Be You feat. Julia Michaels","Shawn Mendes",615493,https://open.spotify.com/track/5QskYLFPX9y7pLU0VEMNbr
162,"Final Fantasy",Drake,613904,https://open.spotify.com/track/7ijJ5crvsnCvCLJbHpyq3j
163,"Millidelphia (feat. Swizz Beatz)","Meek Mill",613700,https://open.spotify.com/track/1dQ84P0W0lOckT02lPEhhP
164,"I'm Yours","Jason Mraz",613091,https://open.spotify.com/track/3S0OXQeoh0w6AY8WQVckRW
165,Esskeetit,"Lil Pump",611138,https://open.spotify.com/track/44KKhCyI0BGS6LvVyDqJtH
166,Wolves,"Selena Gomez",610094,https://open.spotify.com/track/0tBbt8CrmxbjRP0pueQkyU
167,Silence,Marshmello,609637,https://open.spotify.com/track/7vGuf3Y35N4wmASOKLUVVU
168,Solita,Ozuna,608699,https://open.spotify.com/track/7rwX0O3RlxqqIjQM8evm5E
169,"Something Just Like This","The Chainsmokers",608109,https://open.spotify.com/track/6RUKPb4LETWmmr3iAEQktW
170,"Guatemala - From Swaecation","Rae Sremmurd",603791,https://open.spotify.com/track/0TCnOEVeLQMXOUrpPlM7uY
171,"Finesse (Remix) [feat. Cardi B]","Bruno Mars",599879,https://open.spotify.com/track/3Vo4wInECJQuz9BIBMOu8i
172,"Mi Gente","J Balvin",599003,https://open.spotify.com/track/7COfe3P7KgfwDwIRB8LIDw
173,"Young Dumb & Broke",Khalid,598888,https://open.spotify.com/track/5Z3GHaZ6ec9bsiI5BenrbY
174,"Answerphone (feat. Yxng Bane)","Banx & Ranx",595033,https://open.spotify.com/track/1HagMz5nWk1HmevNCBOxF3
175,"Propaganda - Ao Vivo","Jorge & Mateus",593415,https://open.spotify.com/track/74n5d5M21JnC4WJ6gdkggK
176,"Despacito - Remix","Luis Fonsi",591016,https://open.spotify.com/track/6rPO02ozF3bM7NnOV4h6s2
177,"I Like Me Better",Lauv,590268,https://open.spotify.com/track/2P91MQbaiQOfbiz9VqhqKQ
178,"March 14",Drake,588019,https://open.spotify.com/track/40IiSjljbAhrSbdJ3HxSfH
179,"More Than You Know","Axwell /\ Ingrosso",587396,https://open.spotify.com/track/71bBFbfn2OBK5QwUJSLS44
180,"Never Be the Same","Camila Cabello",587063,https://open.spotify.com/track/4eWQlBRaTjPPUlzacqEeoQ
181,"No Quiero Amarte (feat. Zion & Lennox)","Justin Quiles",585880,https://open.spotify.com/track/5bITfqKGaPakO1l99hOMsI
182,Paranoid,"Post Malone",585717,https://open.spotify.com/track/3fpVWegR6YOS1Yk5HSMYIq
183,"Youth feat. Khalid","Shawn Mendes",585689,https://open.spotify.com/track/5SwEgzUFDHwpWHKrbnP32Z
184,"Bigger Than You (feat. Drake & Quavo)","2 Chainz",584538,https://open.spotify.com/track/5S1IUPueD0xE0vj4zU3nSf
185,SoulMate,"Justin Timberlake",581627,https://open.spotify.com/track/4YLtrBhzjsI2LT6ybXQHeD
186,"What Lovers Do (feat. SZA)","Maroon 5",579752,https://open.spotify.com/track/0GxQ1A5L9xnMOytbP6eKBG
187,Yikes,"Kanye West",578176,https://open.spotify.com/track/2r4JRwcbIeuAzWjH4YXlLs
188,goosebumps,"Travis Scott",577349,https://open.spotify.com/track/6gBFPUFcJLzWGx4lenP6h2
189,"Wonderwall - Remastered",Oasis,572446,https://open.spotify.com/track/5qqabIl2vWzo9ApSC317sa
190,"Who Want The Smoke?","Lil Yachty",571359,https://open.spotify.com/track/3LR0t8XqZ1FUj6nj01sXN0
191,"Me Rehúso","Danny Ocean",569774,https://open.spotify.com/track/6De0lHrwBfPfrhorm9q1Xl
192,"That's What I Like","Bruno Mars",568557,https://open.spotify.com/track/0KKkJNfGyhkQ5aFogxQAPU
193,"El Farsante - Remix",Ozuna,567820,https://open.spotify.com/track/7uYgVgRSgqluZclLS7wpp4
194,"I Wanna Know (feat. Bea Miller)",NOTD,567361,https://open.spotify.com/track/18W92Zm1KjLCbUIszOhpkD
195,"Nena Maldicion (feat. Lenny Tavarez)","Paulo Londra",566150,https://open.spotify.com/track/3TnhQSRwT3AVMdXw5JPq0x
196,Simple,"Florida Georgia Line",563989,https://open.spotify.com/track/4P92FrvmYQSAfOpp4cpFEi
197,TATI,6ix9ine,562624,https://open.spotify.com/track/6kp0inxIexxSiDJfWqq0ZL
198,"Bodak Yellow","Cardi B",561438,https://open.spotify.com/track/6KBYefIoo7KydImq1uUQlL
199,"Spoil My Night (feat. Swae Lee)","Post Malone",557366,https://open.spotify.com/track/5VuxWXbt7XENQCtE9TzpTv
200,Connection,OneRepublic,552195,https://open.spotify.com/track/3T4UodGkfZObJ43RtA5KFU
