,,,"Note that these figures are generated using a formula that protects against any artificial inflation of chart positions.",
Position,"Track Name",Artist,Streams,URL
1,"Better Now","Post Malone",5104709,https://open.spotify.com/track/7dt6x5M1jzdTEt8oCbisTK
2,"This Is America","Childish Gambino",4578169,https://open.spotify.com/track/0b9oOr2ZgvyQu88wzixux9
3,"Nice For What",Drake,4428128,https://open.spotify.com/track/1cTZMwcBJT0Ka3UJPXOeeN
4,"One Kiss (with Dua Lipa)","Calvin Harris",4213380,https://open.spotify.com/track/7ef4DlsgrMEH11cDZd32M6
5,"no tears left to cry","Ariana Grande",4024307,https://open.spotify.com/track/5SxkdsY1ufZzoq9iXceLw9
6,"Psycho (feat. Ty Dolla $ign)","Post Malone",3881640,https://open.spotify.com/track/3swc6WTsr7rl9DqQKQA55C
7,"God's Plan",Drake,3870682,https://open.spotify.com/track/2XW4DbS6NddZxRPm5rMCeY
8,FRIENDS,Marshmello,3138579,https://open.spotify.com/track/08bNPGLD8AhKpnnERrAc6G
9,X,"Nicky Jam",2925068,https://open.spotify.com/track/39N9RPD9MRb5WmoLzNzPeA
10,"I Like It","Cardi B",2860711,https://open.spotify.com/track/58q2HKrzhC3ozto2nDdN4z
11,"rockstar (feat. 21 Savage)","Post Malone",2814717,https://open.spotify.com/track/0e7ipj03S05BNilyu5bRzt
12,Paranoid,"Post Malone",2700741,https://open.spotify.com/track/3fpVWegR6YOS1Yk5HSMYIq
13,"The Middle",Zedd,2632559,https://open.spotify.com/track/2ARqIya5NAuvFVHSN3bL0m
14,"Freaky Friday (feat. Chris Brown)","Lil Dicky",2511331,https://open.spotify.com/track/10Igtw8bSDyyFs7KIsKngZ
15,"Love Lies (with Normani)",Khalid,2411770,https://open.spotify.com/track/45Egmo7icyopuzJN0oMEdk
16,"Te Boté - Remix","Nio Garcia",2354176,https://open.spotify.com/track/3V8UKqhEK5zBkBb6d6ub8i
17,"Call Out My Name","The Weeknd",2345697,https://open.spotify.com/track/1gm616Plq4ScqNi7TVkZ5N
18,Stay,"Post Malone",2271682,https://open.spotify.com/track/4H7WNRErSbONkM06blBoGc
19,"These Days (feat. Jess Glynne, Macklemore & Dan Caplen)",Rudimental,2161449,https://open.spotify.com/track/5CLGzJsGqhCEECcpnFQA8x
20,"Look Alive (feat. Drake)","BlocBoy JB",2150681,https://open.spotify.com/track/4qKcDkK6siZ7Jp1Jb4m0aL
21,IDGAF,"Dua Lipa",2145125,https://open.spotify.com/track/76cy1WJvNGJTj78UqeA5zr
22,"Spoil My Night (feat. Swae Lee)","Post Malone",2071835,https://open.spotify.com/track/5VuxWXbt7XENQCtE9TzpTv
23,SAD!,XXXTENTACION,2053629,https://open.spotify.com/track/3ee8Jmje8o58CHK66QrVC2
24,"Rich & Sad","Post Malone",1983679,https://open.spotify.com/track/2VdT56BGpdqNHUgOe1j5vc
25,Nevermind,"Dennis Lloyd",1980410,https://open.spotify.com/track/63SevszngYpZOwf63o61K4
26,"Ball For Me (feat. Nicki Minaj)","Post Malone",1902175,https://open.spotify.com/track/6IaieqiCVvsNvEt6Y7yOFa
27,"Remind Me to Forget",Kygo,1856830,https://open.spotify.com/track/6xTU6B6nFwKKTSZ9ySXS80
28,Flames,"David Guetta",1797549,https://open.spotify.com/track/33IOhptvC2Qoy2UhjiHXLV
29,"In My Blood","Shawn Mendes",1768236,https://open.spotify.com/track/79jX8RM5CgPqDKdGEKNW9K
30,"Youth (feat. Khalid)","Shawn Mendes",1763387,https://open.spotify.com/track/3Wf2YGdYT8xVdNsQSoRKk9
31,"Over Now","Post Malone",1751557,https://open.spotify.com/track/09IOPhEh1OMe0HD9b36FJk
32,OTW,Khalid,1748386,https://open.spotify.com/track/6Hgh47WXVKtXN5zGOu0hjI
33,"Candy Paint","Post Malone",1703593,https://open.spotify.com/track/32lItqlMi4LBhb4k0BaSaC
34,"All The Stars (with SZA)","Kendrick Lamar",1684178,https://open.spotify.com/track/3GCdLUSnKSMJhs4Tj6CV3s
35,"Meant to Be (feat. Florida Georgia Line)","Bebe Rexha",1662640,https://open.spotify.com/track/7iDa6hUg2VgEL1o1HjmfBn
36,"Me Niego",Reik,1651885,https://open.spotify.com/track/6jA8JUuPCGYjFcgw0AoM5T
37,Mine,Bazzi,1637499,https://open.spotify.com/track/7uzmGiiJyRfuViKKK3lVmR
38,"Watch (feat. Lil Uzi Vert & Kanye West)","Travis Scott",1625843,https://open.spotify.com/track/3DoBTwfr8yi2LN08SBpFkN
39,KOD,"J. Cole",1623534,https://open.spotify.com/track/7yotKA30dwTKNEGomV9ZsI
40,Havana,"Camila Cabello",1607288,https://open.spotify.com/track/1rfofaqEpACxVEHIZBJe6W
41,"Zack And Codeine","Post Malone",1597758,https://open.spotify.com/track/5lZZmityu9TAjNvSY6GLhR
42,"Plug Walk","Rich The Kid",1559773,https://open.spotify.com/track/6mAz8D1TmlTuef90dbNIiZ
43,"Same Bitches (feat. G-Eazy & YG)","Post Malone",1552728,https://open.spotify.com/track/688QpQAwqsLdBR6lr13wK1
44,"Walk It Talk It",Migos,1538501,https://open.spotify.com/track/6n4U3TlzUGhdSFbUUhTvLP
45,Dura,"Daddy Yankee",1519933,https://open.spotify.com/track/2j2fIJGh4PMdXt9ULI5Tlc
46,"Like I Do","David Guetta",1517169,https://open.spotify.com/track/6RnkFd8Fqqgk1Uni8RgqCQ
47,"92 Explorer","Post Malone",1511681,https://open.spotify.com/track/1D2L6MefbXon28PzIk9I3r
48,"Playinwitme (feat. Kehlani)",KYLE,1497188,https://open.spotify.com/track/43cFjTTCD9Cni4aSL0sORz
49,"1, 2, 3 (feat. Jason Derulo & De La Ghetto)","Sofia Reyes",1474378,https://open.spotify.com/track/4QtiVmuA88tPQiCOHZuQ5b
50,"Takin' Shots","Post Malone",1442027,https://open.spotify.com/track/5ffntNJnJOeFv7b7DCd0Bw
51,2002,Anne-Marie,1325338,https://open.spotify.com/track/6SFStUDQZNaGPKWOx9ZiJB
52,"New Rules","Dua Lipa",1310538,https://open.spotify.com/track/2ekn2ttSfGqwhhate0LSR0
53,Youngblood,"5 Seconds of Summer",1304836,https://open.spotify.com/track/55S2PQgSMYAhgoTCcGCDfw
54,"Powerglide (feat. Juicy J) - From SR3MM","Rae Sremmurd",1273751,https://open.spotify.com/track/1BuZAIO8WZpavWVbbq3Lci
55,"Shape of You","Ed Sheeran",1269108,https://open.spotify.com/track/7qiZfU4dY1lWllzX7mPBI3
56,"Mad Love","Sean Paul",1264936,https://open.spotify.com/track/3soOPBuMK8YMdWnV7xpEyf
57,Otherside,"Post Malone",1236882,https://open.spotify.com/track/4qWCFTuNnmGNdY4egtb4ZY
58,"Wake Me Up - Radio Edit",Avicii,1233734,https://open.spotify.com/track/6g1NlCpW7fgqDnWbCCDrHl
59,"Ric Flair Drip (& Metro Boomin)",Offset,1212439,https://open.spotify.com/track/7sO5G9EABYOXQKNPNiE9NR
60,JAPAN,"Famous Dex",1186940,https://open.spotify.com/track/5PTG6rrL6EPFD9E2QMI2pl
61,"Échame La Culpa","Luis Fonsi",1180277,https://open.spotify.com/track/1zsG4eaZmkA1dvjDDsAGLK
62,"Let Me",ZAYN,1157248,https://open.spotify.com/track/7Fg342AJtNsIDdwCfX0paC
63,"Blame It On Me","Post Malone",1124672,https://open.spotify.com/track/1ZemPoaj7LBj1RAQrb89EC
64,"I Fall Apart","Post Malone",1119525,https://open.spotify.com/track/75ZvA4QfFiZvzhj2xkaWAh
65,Perfect,"Ed Sheeran",1112013,https://open.spotify.com/track/0tgVpDi06FyKpA1z0VMD4v
66,"Genius - with Sia, Diplo & Labrinth",Sia,1109142,https://open.spotify.com/track/73F87Sqh6jQWucOOvz1WFx
67,Familiar,"Liam Payne",1089977,https://open.spotify.com/track/0Y4hwUppbGc8aIBmiTz30A
68,"Déjala Que Vuelva (feat. Manuel Turizo)","Piso 21",1075890,https://open.spotify.com/track/33bnxcjePIkcmNjEFTJX0l
69,Somebody,"The Chainsmokers",1052992,https://open.spotify.com/track/3pWcj8hxj3fsb9TDAcMpEl
70,"Síguelo Bailando",Ozuna,1044970,https://open.spotify.com/track/5Y9fnynLlIvqtM710MHzfz
71,"Sugar Wraith","Post Malone",1043964,https://open.spotify.com/track/0MrRAUcB8AZiB9ue2VOBYe
72,"Without You (feat. Sandro Cavazza)",Avicii,1038405,https://open.spotify.com/track/6WbADFqMvR8N5u0BvtsWQE
73,"Say Something","Justin Timberlake",1031511,https://open.spotify.com/track/1LhMopPAallLeaeNutqbgS
74,1950,"King Princess",1017841,https://open.spotify.com/track/0CZ8lquoTX2Dkg7Ak2inwA
75,"El Préstamo",Maluma,1015453,https://open.spotify.com/track/0QS5rZpm5zN9wV9lJgjyUE
76,"Never Be the Same","Camila Cabello",1009583,https://open.spotify.com/track/4eWQlBRaTjPPUlzacqEeoQ
77,Wolves,"Selena Gomez",992567,https://open.spotify.com/track/7EmGUiUaOSGDnUUQUDrOXC
78,Chun-Li,"Nicki Minaj",981392,https://open.spotify.com/track/2gTYVoQCUh0QNUaFix01ld
79,Thunder,"Imagine Dragons",978563,https://open.spotify.com/track/26gceVsA1ybT8qsX3aYLEn
80,Delicate,"Taylor Swift",977657,https://open.spotify.com/track/6NFyWDv5CjfwuzoCkw47Xf
81,Bella,Wolfine,972133,https://open.spotify.com/track/3xcCix7Jv1Rp90YVmgo35D
82,"Be Careful","Cardi B",970663,https://open.spotify.com/track/2Yl4OmDby9iitgNWZPwxkd
83,"I Wanna Know (feat. Bea Miller)",NOTD,968079,https://open.spotify.com/track/2og9I9rQwr2XdTLJUupfT1
84,Moonlight,XXXTENTACION,954928,https://open.spotify.com/track/0JP9xo3adEtGSdUEISiszL
85,"lovely (with Khalid)","Billie Eilish",936963,https://open.spotify.com/track/0u2P5u6lvoDfwTYjAADbn4
86,"La Player (Bandolera)","Zion & Lennox",936531,https://open.spotify.com/track/0VKkyBKCXyR99navhVRqcP
87,Believer,"Imagine Dragons",933449,https://open.spotify.com/track/7Izh7zLJGw1Nscd62Exxj4
88,"Feel It Still","Portugal. The Man",931802,https://open.spotify.com/track/6QgjcU0zLnzq5OrUoSZ3OK
89,Criminal,"Natti Natasha",928696,https://open.spotify.com/track/6Za3190Sbw39BBC77WSS1C
90,"XO TOUR Llif3","Lil Uzi Vert",926961,https://open.spotify.com/track/7GX5flRQZVHRAGd6B4TmDO
91,"King's Dead (with Kendrick Lamar, Future & James Blake)","Jay Rock",925078,https://open.spotify.com/track/51rXHuKN8Loc4sUlKPODgH
92,Esskeetit,"Lil Pump",918827,https://open.spotify.com/track/44KKhCyI0BGS6LvVyDqJtH
93,"Te Amo","Piso 21",908783,https://open.spotify.com/track/2RVrdr062uLFxXwIxwdXPH
94,"Let Me Go (with Alesso, Florida Georgia Line & watt)","Hailee Steinfeld",903613,https://open.spotify.com/track/5AEtlRudpgdT5FtNiuly6Y
95,"Finesse (Remix) [feat. Cardi B]","Bruno Mars",900162,https://open.spotify.com/track/3Vo4wInECJQuz9BIBMOu8i
96,"Too Good At Goodbyes","Sam Smith",898877,https://open.spotify.com/track/1mXVgsBdtIVeCLJnSnmtdV
97,"Kevin’s Heart","J. Cole",896818,https://open.spotify.com/track/6tZ3b7ik1QDXFAZlXib0YZ
98,"Dura - Remix","Daddy Yankee",887352,https://open.spotify.com/track/6U2NuJILEOEpW2tVCuqKHb
99,"Sin Pijama","Becky G",875900,https://open.spotify.com/track/2ijef6ni2amuunRoKTlgww
100,"Pray For Me (with Kendrick Lamar)","The Weeknd",874469,https://open.spotify.com/track/4ofvoCdXq99vpMZO4Cfp8x
101,ATM,"J. Cole",869071,https://open.spotify.com/track/2UciqgwVDwro0fev3MFbxJ
102,HUMBLE.,"Kendrick Lamar",861024,https://open.spotify.com/track/7KXjTSCq5nL1LoYtL7XAwS
103,Silence,Marshmello,846162,https://open.spotify.com/track/7vGuf3Y35N4wmASOKLUVVU
104,"Jocelyn Flores",XXXTENTACION,838921,https://open.spotify.com/track/7m9OqQk4RVRkw9JJdeAw96
105,Dembow,"Danny Ocean",838118,https://open.spotify.com/track/2EzRdhuoPyNJDlep7lnNf2
106,Corazón,Maluma,838004,https://open.spotify.com/track/4lESS6vuruP6a79KWRaQou
107,"Stir Fry",Migos,837311,https://open.spotify.com/track/2UVbBKQOdFAekPTRsnkzcf
108,Congratulations,"Post Malone",835454,https://open.spotify.com/track/3a1lNhkSLSkpJE4MSHpDu9
109,Redbone,"Childish Gambino",820076,https://open.spotify.com/track/3kxfsdsCpFgN412fpnW85Y
110,Amorfoda,"Bad Bunny",815515,https://open.spotify.com/track/3ITvHA9zhZZdBJsOsAUegF
111,"Young Dumb & Broke",Khalid,812612,https://open.spotify.com/track/5Z3GHaZ6ec9bsiI5BenrbY
112,"River (feat. Ed Sheeran)",Eminem,804190,https://open.spotify.com/track/5UEnHoDYpsxlfzWLZIc7LD
113,"Lonely Together (feat. Rita Ora)",Avicii,799100,https://open.spotify.com/track/2OALaHcDdKkjYEpAr0Qzab
114,"CLOSE (feat. Travis Scott) - From SR3MM","Rae Sremmurd",797406,https://open.spotify.com/track/1oUudyBYVGMIC8JXeIsFzq
115,Everyday,Logic,793577,https://open.spotify.com/track/4EAV2cKiqKP5UPZmY6dejk
116,Breathe,"Jax Jones",789601,https://open.spotify.com/track/6tvQzeCPwOytDlBYCIOY0n
117,"Let You Down",NF,787497,https://open.spotify.com/track/6mrKP2jyIQmM0rw6fQryjr
118,Downtown,Anitta,787448,https://open.spotify.com/track/3Ga6eKrUFf12ouh9Yw3v2D
119,"Madura (feat. Bad Bunny)",Cosculluela,784394,https://open.spotify.com/track/0r9d60ZYPAlFHq8qnUtkXN
120,Happier,"Ed Sheeran",784124,https://open.spotify.com/track/2RttW7RAu5nOAfq6YFvApB
121,"Guatemala - From Swaecation","Rae Sremmurd",783501,https://open.spotify.com/track/0TCnOEVeLQMXOUrpPlM7uY
122,"Say You Won't Let Go","James Arthur",780578,https://open.spotify.com/track/5uCax9HTNlzGybIStD3vDh
123,Famous,"Mason Ramsey",768481,https://open.spotify.com/track/2HGymMoOdB4ZYv0AAqYmgF
124,"Answerphone (feat. Yxng Bane)","Banx & Ranx",761187,https://open.spotify.com/track/1HagMz5nWk1HmevNCBOxF3
125,Unforgettable,"French Montana",758268,https://open.spotify.com/track/3B54sVLJ402zGa6Xm4YGNe
126,"Lift Yourself","Kanye West",751652,https://open.spotify.com/track/3uYDO9dPLTVrgfwg7EYXSf
127,Motiv8,"J. Cole",747747,https://open.spotify.com/track/1AT4xjNarTswd0UZ5FlmKF
128,Sensualidad,"Bad Bunny",743887,https://open.spotify.com/track/5hcisvFMidkMJlElTO9Qmw
129,"Dusk Till Dawn - Radio Edit",ZAYN,741402,https://open.spotify.com/track/1j4kHkkpqZRBwE0A4CN4Yv
130,"What Lovers Do (feat. SZA)","Maroon 5",736550,https://open.spotify.com/track/3hBBKuWJfxlIlnd9QFoC8k
131,"One Dance",Drake,729484,https://open.spotify.com/track/1xznGGDReH1oQq0xzbwXa3
132,"Peace & Love","Charlie Charles",715000,https://open.spotify.com/track/4BGmYEDOK1swwoxTtfmVZD
133,"Perfect Duet (Ed Sheeran & Beyoncé)","Ed Sheeran",711063,https://open.spotify.com/track/1bhUWB0zJMIKr9yVPrkEuI
134,"Something Just Like This","The Chainsmokers",709073,https://open.spotify.com/track/6RUKPb4LETWmmr3iAEQktW
135,goosebumps,"Travis Scott",707877,https://open.spotify.com/track/6gBFPUFcJLzWGx4lenP6h2
136,"Levels - Radio Edit",Avicii,707024,https://open.spotify.com/track/5B03nSG8pLE48jh7kmasuL
137,"I Miss You (feat. Julia Michaels)","Clean Bandit",705734,https://open.spotify.com/track/2xmrfQpmS2iJExTlklLoAL
138,"I'll Be There","Jess Glynne",703049,https://open.spotify.com/track/083Qf6hn6sFL6xiOHlZUyn
139,"Done For Me (feat. Kehlani)","Charlie Puth",700135,https://open.spotify.com/track/76S09sHj7GGMJAtOLjmVQ2
140,"Rewrite The Stars","Zac Efron",697005,https://open.spotify.com/track/630sXRhIcfwr2e4RdNtjKN
141,"This Is Me","Keala Settle",696102,https://open.spotify.com/track/2xGjteMU3E1tkEPVFBO08U
142,Solita,Ozuna,694541,https://open.spotify.com/track/7rwX0O3RlxqqIjQM8evm5E
143,"Sick Boy","The Chainsmokers",688051,https://open.spotify.com/track/08hm0V6cTsWDX62hW42sEv
144,"Bella - Remix",Wolfine,686964,https://open.spotify.com/track/0SaYeGhSXN0dDWstyNTQ56
145,changes,XXXTENTACION,686410,https://open.spotify.com/track/7AFASza1mXqntmGtbxXprO
146,"EL BAÑO","Enrique Iglesias",684018,https://open.spotify.com/track/2vvdTrdryjsl8DmPIMDWZU
147,"Bodak Yellow","Cardi B",683390,https://open.spotify.com/track/6KBYefIoo7KydImq1uUQlL
148,"More Than You Know","Axwell /\ Ingrosso",681064,https://open.spotify.com/track/71bBFbfn2OBK5QwUJSLS44
149,Location,Khalid,677642,https://open.spotify.com/track/152lZdxL1OR0ZMW6KquMif
150,1-800-273-8255,Logic,675675,https://open.spotify.com/track/5tz69p7tJuGPeMGwNTxYuV
151,"Whatever It Takes","Imagine Dragons",674699,https://open.spotify.com/track/7F3uo3304R2CTvOseU3H7u
152,"I Like Me Better",Lauv,673249,https://open.spotify.com/track/1wjzFQodRWrPcQ0AnYnvQ9
153,"Jonestown (Interlude)","Post Malone",671290,https://open.spotify.com/track/0R6Jlsq25eZB3Wftpxi3oF
154,"PICK IT UP (feat. A$AP Rocky)","Famous Dex",671197,https://open.spotify.com/track/0dSIrRkA4PadGll16TgbnV
155,"1985 - Intro to “The Fall Off”","J. Cole",670436,https://open.spotify.com/track/7EulRO07ZgchxqKUHb8Pvc
156,Neymar,"Capital Bra",666323,https://open.spotify.com/track/0d0d2CuQSQDF7Q7vNhwA3i
157,"El Farsante - Remix",Ozuna,663665,https://open.spotify.com/track/7uYgVgRSgqluZclLS7wpp4
158,"Sorry Not Sorry","Demi Lovato",663271,https://open.spotify.com/track/3m660poUr1chesgkkjQM7P
159,Closer,"The Chainsmokers",662798,https://open.spotify.com/track/7BKLCZ1jbUBVqRi2FVlTVw
160,Attention,"Charlie Puth",660709,https://open.spotify.com/track/4iLqG9SeJSnt0cSPICSjxv
161,"Por Perro","Sebastian Yatra",658505,https://open.spotify.com/track/1XM5PgxjpYcF0JuE9nfUbS
162,Beautiful,Bazzi,656674,https://open.spotify.com/track/5TVirkSwFEXF1nLJEebe2I
163,Ahora,"J Balvin",655003,https://open.spotify.com/track/54OB85nuxYGfl7qRQXuz7c
164,"You Can Cry",Marshmello,652536,https://open.spotify.com/track/3ZbJMlEL4Kcme0ONRO7Slx
165,"Drink About",Seeb,649107,https://open.spotify.com/track/2GGGm4MLQynB3I4E4ycIYC
166,1942,G-Eazy,648678,https://open.spotify.com/track/794QVQtFNy7hvtjQP1keQd
167,Anywhere,"Rita Ora",647279,https://open.spotify.com/track/7EI6Iki24tBHAMxtb4xQN2
168,"Him & I (with Halsey)",G-Eazy,645471,https://open.spotify.com/track/5k38wzpLb15YgncyWdTZE4
169,"Bum Bum Tam Tam","MC Fioti",641210,https://open.spotify.com/track/4zWO4gvuFtw6EJZC5FFGlr
170,"Mi Gente","J Balvin",640264,https://open.spotify.com/track/2rb5MvYT7ZIxbKW5hfcHx8
171,"Chasing Fire",Lauv,637452,https://open.spotify.com/track/1xy4apMFecGGkgBeaHFZ2M
172,"Bank Account","21 Savage",635691,https://open.spotify.com/track/2fQrGHiQOvpL9UgPvtYy6G
173,"BUTTERFLY EFFECT","Travis Scott",627960,https://open.spotify.com/track/1yxgsra98r3qAtxqiGZPiX
174,"Me Rehúso","Danny Ocean",627842,https://open.spotify.com/track/6De0lHrwBfPfrhorm9q1Xl
175,"For You (Fifty Shades Freed) (& Rita Ora)","Liam Payne",626973,https://open.spotify.com/track/5hM6sP0Gh1jD57drszNueC
176,"Nena Maldicion (feat. Lenny Tavarez)","Paulo Londra",625184,https://open.spotify.com/track/3TnhQSRwT3AVMdXw5JPq0x
177,Esperándote,"Manuel Turizo",623551,https://open.spotify.com/track/1nfyE13arjOuO54HH0zmqj
178,"Fuck Love (feat. Trippie Redd)",XXXTENTACION,622320,https://open.spotify.com/track/7AQim7LbvFVZJE3O8TYgf2
179,"Waiting For Love",Avicii,621976,https://open.spotify.com/track/6nsLzJfvp5OLd4mgqUJkpq
180,"Drip (feat. Migos)","Cardi B",607431,https://open.spotify.com/track/2qcG0nZ6S3zZV0UrkY5nFo
181,Barking,Ramz,604577,https://open.spotify.com/track/7amMgNDcObIDkIXv4xcvc2
182,"Plain Jane","A$AP Ferg",603761,https://open.spotify.com/track/4dVpf9jZjcORqGTLUaeYj9
183,"Despacito - Remix","Luis Fonsi",598195,https://open.spotify.com/track/5CtI0qwDJkDQGwXD1H1cLb
184,"Bartier Cardi (feat. 21 Savage)","Cardi B",597527,https://open.spotify.com/track/0dIoGTQXDh1wVnhIiSyYEa
185,Paradise,"George Ezra",596730,https://open.spotify.com/track/38zwkK6TtTjIW9tpYBfZ3D
186,"I'm Yours","Jason Mraz",596575,https://open.spotify.com/track/3S0OXQeoh0w6AY8WQVckRW
187,"Thinking Out Loud","Ed Sheeran",593249,https://open.spotify.com/track/1Slwb6dOYkBlWal1PGtnNg
188,"That's What I Like","Bruno Mars",592283,https://open.spotify.com/track/0KKkJNfGyhkQ5aFogxQAPU
189,"There's Nothing Holdin' Me Back","Shawn Mendes",591566,https://open.spotify.com/track/79cuOz3SPQTuFrp8WgftAu
190,Photograph,"Ed Sheeran",589593,https://open.spotify.com/track/6fxVffaTuwjgEk5h9QyRjy
191,"To My Love - Tainy Remix","Bomba Estéreo",587871,https://open.spotify.com/track/5LciLoxa1gK70yIUeoHgRx
192,"Red Roses (feat. Landon Cube)","Lil Skies",587487,https://open.spotify.com/track/3ZhTT6yjZwpPph5MIJ53XY
193,Betrayed,"Lil Xan",582169,https://open.spotify.com/track/4vaxvNDaLSoD36iZX515ug
194,Africa,Toto,581970,https://open.spotify.com/track/2374M0fQpWi3dLnB54qaLX
195,"How Long","Charlie Puth",579681,https://open.spotify.com/track/32DGGj6KlNuBr6WaqRxpxi
196,Heaven,"Julia Michaels",573935,https://open.spotify.com/track/4QfNOZN7vrQCQKK1ZJ3XPb
197,"Symphony (feat. Zara Larsson)","Clean Bandit",572162,https://open.spotify.com/track/1x5sYLZiu9r5E43kMlt9f8
198,"Wonderwall - Remastered",Oasis,571915,https://open.spotify.com/track/5qqabIl2vWzo9ApSC317sa
199,Photograph,"J. Cole",568899,https://open.spotify.com/track/0bhnUFDQFCEHCBlsQfHnj5
200,"All Falls Down","Alan Walker",566858,https://open.spotify.com/track/5yFSF6qQA1rcLsQRnBsZgb
