,,,"Note that these figures are generated using a formula that protects against any artificial inflation of chart positions.",
Position,"Track Name",Artist,Streams,URL
1,"Psycho (feat. Ty Dolla $ign)","Post Malone",6418506,https://open.spotify.com/track/3swc6WTsr7rl9DqQKQA55C
2,Paranoid,"Post Malone",6268762,https://open.spotify.com/track/3fpVWegR6YOS1Yk5HSMYIq
3,"Better Now","Post Malone",6083257,https://open.spotify.com/track/7dt6x5M1jzdTEt8oCbisTK
4,"Spoil My Night (feat. Swae Lee)","Post Malone",5359543,https://open.spotify.com/track/5VuxWXbt7XENQCtE9TzpTv
5,"Nice For What",Drake,5064019,https://open.spotify.com/track/1cTZMwcBJT0Ka3UJPXOeeN
6,"Rich & Sad","Post Malone",4869234,https://open.spotify.com/track/2VdT56BGpdqNHUgOe1j5vc
7,"rockstar (feat. 21 Savage)","Post Malone",4724851,https://open.spotify.com/track/0e7ipj03S05BNilyu5bRzt
8,"God's Plan",Drake,4625570,https://open.spotify.com/track/2XW4DbS6NddZxRPm5rMCeY
9,"no tears left to cry","Ariana Grande",4605346,https://open.spotify.com/track/5SxkdsY1ufZzoq9iXceLw9
10,"Zack And Codeine","Post Malone",4476065,https://open.spotify.com/track/5lZZmityu9TAjNvSY6GLhR
11,"Over Now","Post Malone",4466112,https://open.spotify.com/track/09IOPhEh1OMe0HD9b36FJk
12,"Ball For Me (feat. Nicki Minaj)","Post Malone",4295836,https://open.spotify.com/track/6IaieqiCVvsNvEt6Y7yOFa
13,"Takin' Shots","Post Malone",4295775,https://open.spotify.com/track/5ffntNJnJOeFv7b7DCd0Bw
14,"One Kiss (with Dua Lipa)","Calvin Harris",4268587,https://open.spotify.com/track/7ef4DlsgrMEH11cDZd32M6
15,Stay,"Post Malone",4105429,https://open.spotify.com/track/4H7WNRErSbONkM06blBoGc
16,"Same Bitches (feat. G-Eazy & YG)","Post Malone",3971526,https://open.spotify.com/track/688QpQAwqsLdBR6lr13wK1
17,X,"Nicky Jam",3543528,https://open.spotify.com/track/39N9RPD9MRb5WmoLzNzPeA
18,FRIENDS,Marshmello,3516641,https://open.spotify.com/track/08bNPGLD8AhKpnnERrAc6G
19,Otherside,"Post Malone",3450532,https://open.spotify.com/track/4qWCFTuNnmGNdY4egtb4ZY
20,"I Like It","Cardi B",3286419,https://open.spotify.com/track/58q2HKrzhC3ozto2nDdN4z
21,"92 Explorer","Post Malone",3250200,https://open.spotify.com/track/1D2L6MefbXon28PzIk9I3r
22,"Blame It On Me","Post Malone",3211913,https://open.spotify.com/track/1ZemPoaj7LBj1RAQrb89EC
23,"Call Out My Name","The Weeknd",3128413,https://open.spotify.com/track/1gm616Plq4ScqNi7TVkZ5N
24,"Candy Paint","Post Malone",3007149,https://open.spotify.com/track/32lItqlMi4LBhb4k0BaSaC
25,"Freaky Friday (feat. Chris Brown)","Lil Dicky",2962107,https://open.spotify.com/track/10Igtw8bSDyyFs7KIsKngZ
26,"The Middle",Zedd,2748577,https://open.spotify.com/track/2ARqIya5NAuvFVHSN3bL0m
27,"Sugar Wraith","Post Malone",2702336,https://open.spotify.com/track/0MrRAUcB8AZiB9ue2VOBYe
28,"Love Lies (with Normani)",Khalid,2589187,https://open.spotify.com/track/45Egmo7icyopuzJN0oMEdk
29,KOD,"J. Cole",2558231,https://open.spotify.com/track/7yotKA30dwTKNEGomV9ZsI
30,"Jonestown (Interlude)","Post Malone",2495185,https://open.spotify.com/track/0R6Jlsq25eZB3Wftpxi3oF
31,SAD!,XXXTENTACION,2380477,https://open.spotify.com/track/3ee8Jmje8o58CHK66QrVC2
32,"Wake Me Up - Radio Edit",Avicii,2347012,https://open.spotify.com/track/6g1NlCpW7fgqDnWbCCDrHl
33,"Look Alive (feat. Drake)","BlocBoy JB",2345457,https://open.spotify.com/track/4qKcDkK6siZ7Jp1Jb4m0aL
34,IDGAF,"Dua Lipa",2334003,https://open.spotify.com/track/76cy1WJvNGJTj78UqeA5zr
35,"These Days (feat. Jess Glynne, Macklemore & Dan Caplen)",Rudimental,2305763,https://open.spotify.com/track/5CLGzJsGqhCEECcpnFQA8x
36,Nevermind,"Dennis Lloyd",2026045,https://open.spotify.com/track/63SevszngYpZOwf63o61K4
37,Mine,Bazzi,2018480,https://open.spotify.com/track/7uzmGiiJyRfuViKKK3lVmR
38,Dura,"Daddy Yankee",1983855,https://open.spotify.com/track/2j2fIJGh4PMdXt9ULI5Tlc
39,"All The Stars (with SZA)","Kendrick Lamar",1946395,https://open.spotify.com/track/3GCdLUSnKSMJhs4Tj6CV3s
40,"Without You (feat. Sandro Cavazza)",Avicii,1882899,https://open.spotify.com/track/6WbADFqMvR8N5u0BvtsWQE
41,"Kevin’s Heart","J. Cole",1882646,https://open.spotify.com/track/6tZ3b7ik1QDXFAZlXib0YZ
42,"Walk It Talk It",Migos,1876233,https://open.spotify.com/track/6n4U3TlzUGhdSFbUUhTvLP
43,"Me Niego",Reik,1859718,https://open.spotify.com/track/6jA8JUuPCGYjFcgw0AoM5T
44,"In My Blood","Shawn Mendes",1829137,https://open.spotify.com/track/79jX8RM5CgPqDKdGEKNW9K
45,"Plug Walk","Rich The Kid",1826923,https://open.spotify.com/track/6mAz8D1TmlTuef90dbNIiZ
46,ATM,"J. Cole",1813345,https://open.spotify.com/track/2UciqgwVDwro0fev3MFbxJ
47,"Meant to Be (feat. Florida Georgia Line)","Bebe Rexha",1809653,https://open.spotify.com/track/7iDa6hUg2VgEL1o1HjmfBn
48,Havana,"Camila Cabello",1803127,https://open.spotify.com/track/1rfofaqEpACxVEHIZBJe6W
49,"Like I Do","David Guetta",1774585,https://open.spotify.com/track/6RnkFd8Fqqgk1Uni8RgqCQ
50,"Te Boté - Remix","Nio Garcia",1715614,https://open.spotify.com/track/3V8UKqhEK5zBkBb6d6ub8i
51,"1, 2, 3 (feat. Jason Derulo & De La Ghetto)","Sofia Reyes",1644267,https://open.spotify.com/track/4QtiVmuA88tPQiCOHZuQ5b
52,OTW,Khalid,1633541,https://open.spotify.com/track/6Hgh47WXVKtXN5zGOu0hjI
53,"Remind Me to Forget",Kygo,1627072,https://open.spotify.com/track/6xTU6B6nFwKKTSZ9ySXS80
54,"Levels - Radio Edit",Avicii,1572826,https://open.spotify.com/track/5B03nSG8pLE48jh7kmasuL
55,Flames,"David Guetta",1567436,https://open.spotify.com/track/33IOhptvC2Qoy2UhjiHXLV
56,Motiv8,"J. Cole",1566552,https://open.spotify.com/track/1AT4xjNarTswd0UZ5FlmKF
57,"Playinwitme (feat. Kehlani)",KYLE,1490849,https://open.spotify.com/track/43cFjTTCD9Cni4aSL0sORz
58,"Mad Love","Sean Paul",1484846,https://open.spotify.com/track/3soOPBuMK8YMdWnV7xpEyf
59,"Say Something","Justin Timberlake",1477898,https://open.spotify.com/track/1LhMopPAallLeaeNutqbgS
60,"1985 - Intro to “The Fall Off”","J. Cole",1452594,https://open.spotify.com/track/7EulRO07ZgchxqKUHb8Pvc
61,JAPAN,"Famous Dex",1452414,https://open.spotify.com/track/5PTG6rrL6EPFD9E2QMI2pl
62,"Be Careful","Cardi B",1432656,https://open.spotify.com/track/2Yl4OmDby9iitgNWZPwxkd
63,"New Rules","Dua Lipa",1414016,https://open.spotify.com/track/2ekn2ttSfGqwhhate0LSR0
64,"Shape of You","Ed Sheeran",1410515,https://open.spotify.com/track/7qiZfU4dY1lWllzX7mPBI3
65,"Waiting For Love",Avicii,1399478,https://open.spotify.com/track/6nsLzJfvp5OLd4mgqUJkpq
66,"Let Me",ZAYN,1392386,https://open.spotify.com/track/7Fg342AJtNsIDdwCfX0paC
67,Bella,Wolfine,1375938,https://open.spotify.com/track/3xcCix7Jv1Rp90YVmgo35D
68,"I Fall Apart","Post Malone",1358490,https://open.spotify.com/track/75ZvA4QfFiZvzhj2xkaWAh
69,"Échame La Culpa","Luis Fonsi",1348931,https://open.spotify.com/track/1zsG4eaZmkA1dvjDDsAGLK
70,"Ric Flair Drip (& Metro Boomin)",Offset,1338244,https://open.spotify.com/track/7sO5G9EABYOXQKNPNiE9NR
71,"Lonely Together (feat. Rita Ora)",Avicii,1315014,https://open.spotify.com/track/2OALaHcDdKkjYEpAr0Qzab
72,Photograph,"J. Cole",1307205,https://open.spotify.com/track/0bhnUFDQFCEHCBlsQfHnj5
73,Delicate,"Taylor Swift",1302881,https://open.spotify.com/track/6NFyWDv5CjfwuzoCkw47Xf
74,"Déjala Que Vuelva (feat. Manuel Turizo)","Piso 21",1297889,https://open.spotify.com/track/33bnxcjePIkcmNjEFTJX0l
75,2002,Anne-Marie,1289339,https://open.spotify.com/track/6SFStUDQZNaGPKWOx9ZiJB
76,Esskeetit,"Lil Pump",1287984,https://open.spotify.com/track/44KKhCyI0BGS6LvVyDqJtH
77,"Síguelo Bailando",Ozuna,1261443,https://open.spotify.com/track/5Y9fnynLlIvqtM710MHzfz
78,"Powerglide (feat. Juicy J)","Rae Sremmurd",1234988,https://open.spotify.com/track/2yUbCEiaolfSMluDo9RMmG
79,Perfect,"Ed Sheeran",1208640,https://open.spotify.com/track/0tgVpDi06FyKpA1z0VMD4v
80,"El Préstamo",Maluma,1195811,https://open.spotify.com/track/0QS5rZpm5zN9wV9lJgjyUE
81,"Never Be the Same","Camila Cabello",1157070,https://open.spotify.com/track/4eWQlBRaTjPPUlzacqEeoQ
82,Moonlight,XXXTENTACION,1155879,https://open.spotify.com/track/0JP9xo3adEtGSdUEISiszL
83,"I Wanna Know (feat. Bea Miller)",NOTD,1155380,https://open.spotify.com/track/2og9I9rQwr2XdTLJUupfT1
84,"The Nights",Avicii,1143421,https://open.spotify.com/track/0ct6r3EGTcMLPtrXHDvVjc
85,Familiar,"Liam Payne",1124908,https://open.spotify.com/track/0Y4hwUppbGc8aIBmiTz30A
86,Wolves,"Selena Gomez",1122041,https://open.spotify.com/track/7EmGUiUaOSGDnUUQUDrOXC
87,"Hey Brother",Avicii,1120012,https://open.spotify.com/track/3zKST4nk4QJE77oLjUZ0Ng
88,Criminal,"Natti Natasha",1110275,https://open.spotify.com/track/6Za3190Sbw39BBC77WSS1C
89,Everyday,Logic,1093322,https://open.spotify.com/track/4EAV2cKiqKP5UPZmY6dejk
90,Youngblood,"5 Seconds of Summer",1091367,https://open.spotify.com/track/55S2PQgSMYAhgoTCcGCDfw
91,Thunder,"Imagine Dragons",1075739,https://open.spotify.com/track/26gceVsA1ybT8qsX3aYLEn
92,Chun-Li,"Nicki Minaj",1068656,https://open.spotify.com/track/2gTYVoQCUh0QNUaFix01ld
93,"XO TOUR Llif3","Lil Uzi Vert",1061769,https://open.spotify.com/track/7GX5flRQZVHRAGd6B4TmDO
94,Congratulations,"Post Malone",1061376,https://open.spotify.com/track/3a1lNhkSLSkpJE4MSHpDu9
95,"La Player (Bandolera)","Zion & Lennox",1050677,https://open.spotify.com/track/0VKkyBKCXyR99navhVRqcP
96,"Feel It Still","Portugal. The Man",1038092,https://open.spotify.com/track/6QgjcU0zLnzq5OrUoSZ3OK
97,1950,"King Princess",1017916,https://open.spotify.com/track/0CZ8lquoTX2Dkg7Ak2inwA
98,Believer,"Imagine Dragons",1016435,https://open.spotify.com/track/7Izh7zLJGw1Nscd62Exxj4
99,BRACKETS,"J. Cole",1009672,https://open.spotify.com/track/5sWbwccBcyHsg5LEKWGZo9
100,"Finesse (Remix) [feat. Cardi B]","Bruno Mars",1007282,https://open.spotify.com/track/3Vo4wInECJQuz9BIBMOu8i
101,"Stir Fry",Migos,997046,https://open.spotify.com/track/2UVbBKQOdFAekPTRsnkzcf
102,"River (feat. Ed Sheeran)",Eminem,989028,https://open.spotify.com/track/5UEnHoDYpsxlfzWLZIc7LD
103,Dembow,"Danny Ocean",987668,https://open.spotify.com/track/2EzRdhuoPyNJDlep7lnNf2
104,Corazón,Maluma,987593,https://open.spotify.com/track/4lESS6vuruP6a79KWRaQou
105,Somebody,"The Chainsmokers",983463,https://open.spotify.com/track/3pWcj8hxj3fsb9TDAcMpEl
106,Downtown,Anitta,975899,https://open.spotify.com/track/3Ga6eKrUFf12ouh9Yw3v2D
107,Amorfoda,"Bad Bunny",972148,https://open.spotify.com/track/3ITvHA9zhZZdBJsOsAUegF
108,"King's Dead (with Kendrick Lamar, Future & James Blake)","Jay Rock",968560,https://open.spotify.com/track/51rXHuKN8Loc4sUlKPODgH
109,"The Cut Off (feat. kiLL edward)","J. Cole",956970,https://open.spotify.com/track/3rFF7kSm5qBOOPs6ljFgPp
110,"Let Me Go (with Alesso, Florida Georgia Line & watt)","Hailee Steinfeld",956693,https://open.spotify.com/track/5AEtlRudpgdT5FtNiuly6Y
111,"Pray For Me (with Kendrick Lamar)","The Weeknd",949599,https://open.spotify.com/track/4ofvoCdXq99vpMZO4Cfp8x
112,HUMBLE.,"Kendrick Lamar",935585,https://open.spotify.com/track/7KXjTSCq5nL1LoYtL7XAwS
113,"Te Amo","Piso 21",927442,https://open.spotify.com/track/2RVrdr062uLFxXwIxwdXPH
114,"Too Good At Goodbyes","Sam Smith",922250,https://open.spotify.com/track/1mXVgsBdtIVeCLJnSnmtdV
115,Silence,Marshmello,921450,https://open.spotify.com/track/7vGuf3Y35N4wmASOKLUVVU
116,"Let You Down",NF,920730,https://open.spotify.com/track/6mrKP2jyIQmM0rw6fQryjr
117,"Young Dumb & Broke",Khalid,918008,https://open.spotify.com/track/5Z3GHaZ6ec9bsiI5BenrbY
118,"Wasted Times","The Weeknd",910205,https://open.spotify.com/track/72TyiiduRmczEbDIEtKQdR
119,"Jocelyn Flores",XXXTENTACION,900102,https://open.spotify.com/track/7m9OqQk4RVRkw9JJdeAw96
120,"Sick Boy","The Chainsmokers",883167,https://open.spotify.com/track/08hm0V6cTsWDX62hW42sEv
121,Sensualidad,"Bad Bunny",879652,https://open.spotify.com/track/5hcisvFMidkMJlElTO9Qmw
122,"Window Pain - Outro","J. Cole",875320,https://open.spotify.com/track/5Lgqu1th1KqlG97OF2gWGe
123,Breathe,"Jax Jones",860714,https://open.spotify.com/track/6tvQzeCPwOytDlBYCIOY0n
124,"Bodak Yellow","Cardi B",838214,https://open.spotify.com/track/6KBYefIoo7KydImq1uUQlL
125,"EL BAÑO","Enrique Iglesias",830283,https://open.spotify.com/track/2vvdTrdryjsl8DmPIMDWZU
126,"Madura (feat. Bad Bunny)",Cosculluela,811860,https://open.spotify.com/track/0r9d60ZYPAlFHq8qnUtkXN
127,Unforgettable,"French Montana",811171,https://open.spotify.com/track/3B54sVLJ402zGa6Xm4YGNe
128,"FRIENDS (feat. kiLL edward)","J. Cole",808866,https://open.spotify.com/track/6onwlDmIVKE8bBgyBRSuS0
129,"What Lovers Do (feat. SZA)","Maroon 5",808839,https://open.spotify.com/track/3hBBKuWJfxlIlnd9QFoC8k
130,"Bum Bum Tam Tam","MC Fioti",808206,https://open.spotify.com/track/4zWO4gvuFtw6EJZC5FFGlr
131,Ahora,"J Balvin",803375,https://open.spotify.com/track/54OB85nuxYGfl7qRQXuz7c
132,Famous,"Mason Ramsey",801643,https://open.spotify.com/track/2HGymMoOdB4ZYv0AAqYmgF
133,"Something Just Like This","The Chainsmokers",784623,https://open.spotify.com/track/6RUKPb4LETWmmr3iAEQktW
134,"One Dance",Drake,778786,https://open.spotify.com/track/1xznGGDReH1oQq0xzbwXa3
135,"El Farsante - Remix",Ozuna,774704,https://open.spotify.com/track/7uYgVgRSgqluZclLS7wpp4
136,Solita,Ozuna,774032,https://open.spotify.com/track/7rwX0O3RlxqqIjQM8evm5E
137,1942,G-Eazy,767744,https://open.spotify.com/track/794QVQtFNy7hvtjQP1keQd
138,"Dusk Till Dawn - Radio Edit",ZAYN,767584,https://open.spotify.com/track/1j4kHkkpqZRBwE0A4CN4Yv
139,changes,XXXTENTACION,762784,https://open.spotify.com/track/7AFASza1mXqntmGtbxXprO
140,"Me Rehúso","Danny Ocean",761674,https://open.spotify.com/track/6De0lHrwBfPfrhorm9q1Xl
141,"I Miss You (feat. Julia Michaels)","Clean Bandit",757218,https://open.spotify.com/track/2xmrfQpmS2iJExTlklLoAL
142,"Once an Addict - Interlude","J. Cole",751076,https://open.spotify.com/track/0Px86mRlxdB3YqpK6KXWlr
143,"Bartier Cardi (feat. 21 Savage)","Cardi B",750929,https://open.spotify.com/track/0dIoGTQXDh1wVnhIiSyYEa
144,goosebumps,"Travis Scott",749392,https://open.spotify.com/track/6gBFPUFcJLzWGx4lenP6h2
145,"Perfect Duet (Ed Sheeran & Beyoncé)","Ed Sheeran",749157,https://open.spotify.com/track/1bhUWB0zJMIKr9yVPrkEuI
146,"This Is Me","Keala Settle",748113,https://open.spotify.com/track/2xGjteMU3E1tkEPVFBO08U
147,"More Than You Know","Axwell /\ Ingrosso",747261,https://open.spotify.com/track/71bBFbfn2OBK5QwUJSLS44
148,"Him & I (with Halsey)",G-Eazy,744005,https://open.spotify.com/track/5k38wzpLb15YgncyWdTZE4
149,"Sin Pijama","Becky G",743825,https://open.spotify.com/track/2ijef6ni2amuunRoKTlgww
150,"Whatever It Takes","Imagine Dragons",742714,https://open.spotify.com/track/7F3uo3304R2CTvOseU3H7u
151,"Say You Won't Let Go","James Arthur",741931,https://open.spotify.com/track/5uCax9HTNlzGybIStD3vDh
152,"PICK IT UP (feat. A$AP Rocky)","Famous Dex",737043,https://open.spotify.com/track/0dSIrRkA4PadGll16TgbnV
153,Esperándote,"Manuel Turizo",730712,https://open.spotify.com/track/1nfyE13arjOuO54HH0zmqj
154,"For You (Fifty Shades Freed) (& Rita Ora)","Liam Payne",726790,https://open.spotify.com/track/5hM6sP0Gh1jD57drszNueC
155,"Rewrite The Stars","Zac Efron",726694,https://open.spotify.com/track/630sXRhIcfwr2e4RdNtjKN
156,1-800-273-8255,Logic,720831,https://open.spotify.com/track/5tz69p7tJuGPeMGwNTxYuV
157,"Answerphone (feat. Yxng Bane)","Banx & Ranx",718892,https://open.spotify.com/track/1HagMz5nWk1HmevNCBOxF3
158,Closer,"The Chainsmokers",715185,https://open.spotify.com/track/7BKLCZ1jbUBVqRi2FVlTVw
159,"Drip (feat. Migos)","Cardi B",706640,https://open.spotify.com/track/2qcG0nZ6S3zZV0UrkY5nFo
160,"Sorry Not Sorry","Demi Lovato",704138,https://open.spotify.com/track/3m660poUr1chesgkkjQM7P
161,Attention,"Charlie Puth",703855,https://open.spotify.com/track/4iLqG9SeJSnt0cSPICSjxv
162,Paradise,"George Ezra",700875,https://open.spotify.com/track/38zwkK6TtTjIW9tpYBfZ3D
163,"I Like Me Better",Lauv,698941,https://open.spotify.com/track/1wjzFQodRWrPcQ0AnYnvQ9
164,Barking,Ramz,697080,https://open.spotify.com/track/7amMgNDcObIDkIXv4xcvc2
165,"Chasing Fire",Lauv,695387,https://open.spotify.com/track/1xy4apMFecGGkgBeaHFZ2M
166,Anywhere,"Rita Ora",691211,https://open.spotify.com/track/7EI6Iki24tBHAMxtb4xQN2
167,Location,Khalid,690676,https://open.spotify.com/track/152lZdxL1OR0ZMW6KquMif
168,"Bank Account","21 Savage",689535,https://open.spotify.com/track/2fQrGHiQOvpL9UgPvtYy6G
169,"Go Flex","Post Malone",687803,https://open.spotify.com/track/5yuShbu70mtHXY0yLzCQLQ
170,"Mi Gente","J Balvin",681908,https://open.spotify.com/track/2rb5MvYT7ZIxbKW5hfcHx8
171,"Plain Jane","A$AP Ferg",677855,https://open.spotify.com/track/4dVpf9jZjcORqGTLUaeYj9
172,GOTTI,6ix9ine,677259,https://open.spotify.com/track/27oFpFktCq9JIXjJQRuv7a
173,Neymar,"Capital Bra",674214,https://open.spotify.com/track/0d0d2CuQSQDF7Q7vNhwA3i
174,"lovely (with Khalid)","Billie Eilish",673346,https://open.spotify.com/track/0u2P5u6lvoDfwTYjAADbn4
175,"Se Preparó",Ozuna,669434,https://open.spotify.com/track/1m69ELEgE6k5ZWsap40ozt
176,Betrayed,"Lil Xan",667839,https://open.spotify.com/track/4vaxvNDaLSoD36iZX515ug
177,"I Do (feat. SZA)","Cardi B",665536,https://open.spotify.com/track/1f5PNhkNgUpvDEeZfcIlO1
178,"Red Roses (feat. Landon Cube)","Lil Skies",664333,https://open.spotify.com/track/3ZhTT6yjZwpPph5MIJ53XY
179,"BUTTERFLY EFFECT","Travis Scott",663012,https://open.spotify.com/track/1yxgsra98r3qAtxqiGZPiX
180,"Fuck Love (feat. Trippie Redd)",XXXTENTACION,662563,https://open.spotify.com/track/7AQim7LbvFVZJE3O8TYgf2
181,"Despacito - Remix","Luis Fonsi",662425,https://open.spotify.com/track/5CtI0qwDJkDQGwXD1H1cLb
182,"Drink About",Seeb,658952,https://open.spotify.com/track/2GGGm4MLQynB3I4E4ycIYC
183,Beautiful,Bazzi,647320,https://open.spotify.com/track/5TVirkSwFEXF1nLJEebe2I
184,"Try Me","The Weeknd",646678,https://open.spotify.com/track/2poOAWEj1CStqTVPgIHZ8s
185,"Was erlebt (feat. Bonez MC)",Gzuz,629619,https://open.spotify.com/track/7g7aSJiEcQP8s3PTzqM4Fj
186,"How Long","Charlie Puth",629094,https://open.spotify.com/track/32DGGj6KlNuBr6WaqRxpxi
187,"All Falls Down","Alan Walker",626017,https://open.spotify.com/track/5yFSF6qQA1rcLsQRnBsZgb
188,"To My Love - Tainy Remix","Bomba Estéreo",625319,https://open.spotify.com/track/5LciLoxa1gK70yIUeoHgRx
189,Africa,Toto,624380,https://open.spotify.com/track/2374M0fQpWi3dLnB54qaLX
190,"I'm Yours","Jason Mraz",623912,https://open.spotify.com/track/3S0OXQeoh0w6AY8WQVckRW
191,"Tip Toe (feat. French Montana)","Jason Derulo",623744,https://open.spotify.com/track/2z4pcBLQXF2BXKFvd0BuB6
192,"Symphony (feat. Zara Larsson)","Clean Bandit",622204,https://open.spotify.com/track/1x5sYLZiu9r5E43kMlt9f8
193,"Thinking Out Loud","Ed Sheeran",622181,https://open.spotify.com/track/1Slwb6dOYkBlWal1PGtnNg
194,"There's Nothing Holdin' Me Back","Shawn Mendes",622148,https://open.spotify.com/track/79cuOz3SPQTuFrp8WgftAu
195,"That's What I Like","Bruno Mars",621097,https://open.spotify.com/track/0KKkJNfGyhkQ5aFogxQAPU
196,"Nowadays (feat. Landon Cube)","Lil Skies",618537,https://open.spotify.com/track/2u7mxWSeoqTXndK5e08jMp
197,"Quiero Repetir",Ozuna,617883,https://open.spotify.com/track/0MIcPSq9n2z5H8TAfEstri
198,"Wonderwall - Remastered",Oasis,614411,https://open.spotify.com/track/5qqabIl2vWzo9ApSC317sa
199,"El Clavo","Prince Royce",613046,https://open.spotify.com/track/0LKErfBZ5FbBiLB4OcZRbL
200,"Por Perro","Sebastian Yatra",611103,https://open.spotify.com/track/1XM5PgxjpYcF0JuE9nfUbS
