,,,"Note that these figures are generated using a formula that protects against any artificial inflation of chart positions.",
Position,"Track Name",Artist,Streams,URL
1,"In My Feelings",Drake,7305609,https://open.spotify.com/track/2G7V7zsVDxg1yRsu7Ew9RJ
2,"FEFE (feat. Nicki Minaj & Murda Beatz)",6ix9ine,4050027,https://open.spotify.com/track/2E124GmJRnBJuXbTb4cPUB
3,"No Brainer","DJ Khaled",4023285,https://open.spotify.com/track/5WvAo7DNuPRmk4APhdPzi8
4,"SICKO MODE","Travis Scott",3829051,https://open.spotify.com/track/2xLMifQCjDGFmkHkpNLD9h
5,"Girls Like You (feat. Cardi B)","Maroon 5",3696962,https://open.spotify.com/track/7fa9MBXhVfQ8P8Df9OEbD8
6,"I Like It","Cardi B",3379600,https://open.spotify.com/track/58q2HKrzhC3ozto2nDdN4z
7,"Eastside (with Halsey & Khalid)","benny blanco",3281866,https://open.spotify.com/track/0d2iYfpKoM0QCKvcLCkBao
8,"Lucid Dreams","Juice WRLD",3187073,https://open.spotify.com/track/0s3nnoMeVWz3989MkNQiRf
9,STARGAZING,"Travis Scott",3160446,https://open.spotify.com/track/7wBJfHzpfI3032CSD7CE2m
10,"Taste (feat. Offset)",Tyga,3002122,https://open.spotify.com/track/5IaHrVsrferBYDm0bDyABy
11,"Solo (feat. Demi Lovato)","Clean Bandit",2988182,https://open.spotify.com/track/6kPJZM97LwdG9QIsT7khp6
12,"In My Mind",Dynoro,2972548,https://open.spotify.com/track/0E9ZjEAyAwOXZ7wJC0PD33
13,SAD!,XXXTENTACION,2864118,https://open.spotify.com/track/3ee8Jmje8o58CHK66QrVC2
14,"Better Now","Post Malone",2772401,https://open.spotify.com/track/7dt6x5M1jzdTEt8oCbisTK
15,"Jackie Chan",Tiësto,2744933,https://open.spotify.com/track/4kWO6O1BUXcZmaxitpVUwp
16,Rise,"Jonas Blue",2732136,https://open.spotify.com/track/3u1S1OmAUhx5DRlLrXqyp3
17,"God is a woman","Ariana Grande",2702019,https://open.spotify.com/track/7gkWXbAxIYuvtOpcN3p9GJ
18,"One Kiss (with Dua Lipa)","Calvin Harris",2654621,https://open.spotify.com/track/7ef4DlsgrMEH11cDZd32M6
19,Youngblood,"5 Seconds of Summer",2460882,https://open.spotify.com/track/2iUXsYOEPhVqEBwsqP70rE
20,"Te Boté - Remix","Nio Garcia",2431623,https://open.spotify.com/track/3V8UKqhEK5zBkBb6d6ub8i
21,"Body (feat. brando)","Loud Luxury",2253439,https://open.spotify.com/track/7K7MUBCnzgBAvMVW2RTWNs
22,"Sin Pijama","Becky G",2093887,https://open.spotify.com/track/2ijef6ni2amuunRoKTlgww
23,Moonlight,XXXTENTACION,2043926,https://open.spotify.com/track/0JP9xo3adEtGSdUEISiszL
24,Nonstop,Drake,1999952,https://open.spotify.com/track/0TlLq3lA83rQOYtrqBqSct
25,"God's Plan",Drake,1984117,https://open.spotify.com/track/6DCZcSspjsKoFjzjrWoCdn
26,"Vaina Loca",Ozuna,1951665,https://open.spotify.com/track/1s2B5cndbqK8rPJEIcKJRQ
27,"No Es Justo","J Balvin",1828407,https://open.spotify.com/track/5qFeMRz4TvetPmzjre9Dq7
28,"Taking A Walk","Trippie Redd",1822722,https://open.spotify.com/track/4mHgYpuGHu99Mw69E83CP2
29,"Born To Be Yours",Kygo,1770262,https://open.spotify.com/track/0kHyKhJMukHEPfeh8s7rdM
30,2002,Anne-Marie,1734058,https://open.spotify.com/track/6SFStUDQZNaGPKWOx9ZiJB
31,"Happy Now",Zedd,1710893,https://open.spotify.com/track/4keoy2fqgwGnbWlm3ZVZFa
32,"Nice For What",Drake,1698411,https://open.spotify.com/track/3CA9pLiwRIGtUBiMjbZmRw
33,Nevermind,"Dennis Lloyd",1690773,https://open.spotify.com/track/63SevszngYpZOwf63o61K4
34,"Ocean (feat. Khalid)","Martin Garrix",1636154,https://open.spotify.com/track/3nc420PXjTdBV5TN0gCFkS
35,"Don’t Matter To Me (with Michael Jackson)",Drake,1635632,https://open.spotify.com/track/6G8kHiVZ1jW7vHMPVRNZU0
36,"Back To You - From 13 Reasons Why – Season 2 Soundtrack","Selena Gomez",1597006,https://open.spotify.com/track/4hQ6UGyWQIGJmHSo0J88JW
37,Clandestino,Shakira,1589920,https://open.spotify.com/track/7DrluKkTviBwCc8AV3VGmf
38,"Beautiful (feat. Camila Cabello)",Bazzi,1552632,https://open.spotify.com/track/4VUwkH455At9kENOfzTqmF
39,"rockstar (feat. 21 Savage)","Post Malone",1551367,https://open.spotify.com/track/0e7ipj03S05BNilyu5bRzt
40,"Psycho (feat. Ty Dolla $ign)","Post Malone",1530849,https://open.spotify.com/track/3swc6WTsr7rl9DqQKQA55C
41,"no tears left to cry","Ariana Grande",1530263,https://open.spotify.com/track/5SxkdsY1ufZzoq9iXceLw9
42,"Jocelyn Flores",XXXTENTACION,1519738,https://open.spotify.com/track/7m9OqQk4RVRkw9JJdeAw96
43,Shotgun,"George Ezra",1463419,https://open.spotify.com/track/4ofwffwvvnbSkrMSCKQDaC
44,changes,XXXTENTACION,1462607,https://open.spotify.com/track/7AFASza1mXqntmGtbxXprO
45,"Praise The Lord (Da Shine)","A$AP Rocky",1457019,https://open.spotify.com/track/7ycWLEP1GsNjVvcjawXz3z
46,"Thunderclouds with Sia, Diplo & Labrinth",Sia,1422623,https://open.spotify.com/track/5a8RPWgKSmcGBGcffmIrUi
47,"X - Remix","Nicky Jam",1389324,https://open.spotify.com/track/6JjPBQfI2Y8nIjnm65X6Pw
48,X,"Nicky Jam",1371700,https://open.spotify.com/track/39N9RPD9MRb5WmoLzNzPeA
49,YOSEMITE,"Travis Scott",1370294,https://open.spotify.com/track/7lAK3oHbfEnvUQWosrMMpR
50,"WAKE UP","Travis Scott",1332050,https://open.spotify.com/track/20MuVazoNMv6xjKPnRFOxG
51,"Shape of You","Ed Sheeran",1306808,https://open.spotify.com/track/7qiZfU4dY1lWllzX7mPBI3
52,CAROUSEL,"Travis Scott",1290514,https://open.spotify.com/track/7KZ5MMVgBVox9ycroB2UrI
53,FRIENDS,Marshmello,1271933,https://open.spotify.com/track/08bNPGLD8AhKpnnERrAc6G
54,SWISH,Tyga,1265107,https://open.spotify.com/track/55GiOwtxNajXVbpjjIzMnD
55,"Bed (feat. Ariana Grande)","Nicki Minaj",1260015,https://open.spotify.com/track/4ZUfbHQOBeEOyf6EArWXA3
56,"Be Alright","Dean Lewis",1244609,https://open.spotify.com/track/3EPXxR3ImUwfayaurPi3cm
57,"The Middle",Zedd,1241717,https://open.spotify.com/track/09IStsImFySgyp0pIQdqAc
58,"STOP TRYING TO BE GOD","Travis Scott",1208339,https://open.spotify.com/track/1xYpVRspgaLxdJLOTQkTjg
59,"Me Niego",Reik,1191838,https://open.spotify.com/track/6jA8JUuPCGYjFcgw0AoM5T
60,"BUTTERFLY EFFECT","Travis Scott",1179615,https://open.spotify.com/track/6xcJyGpfZbuuiequtnlKt4
61,"Don't Leave Me Alone (feat. Anne-Marie)","David Guetta",1172671,https://open.spotify.com/track/2lYTJK94hb0fd1LQtb6Dhk
62,"High Hopes","Panic! At The Disco",1169108,https://open.spotify.com/track/1rqqCSm0Qe4I9rUvWncaom
63,"Yes Indeed","Lil Baby",1164690,https://open.spotify.com/track/6vN77lE9LK6HP2DewaN6HZ
64,IDGAF,"Dua Lipa",1157303,https://open.spotify.com/track/76cy1WJvNGJTj78UqeA5zr
65,Flames,"David Guetta",1135777,https://open.spotify.com/track/33IOhptvC2Qoy2UhjiHXLV
66,Havana,"Camila Cabello",1122587,https://open.spotify.com/track/1rfofaqEpACxVEHIZBJe6W
67,"Cuando Te Besé","Becky G",1119849,https://open.spotify.com/track/2XXMDz7SPZ4mSFN1PXfHUy
68,"La Player (Bandolera)","Zion & Lennox",1119099,https://open.spotify.com/track/0VKkyBKCXyR99navhVRqcP
69,"Fuck Love (feat. Trippie Redd)",XXXTENTACION,1106391,https://open.spotify.com/track/7AQim7LbvFVZJE3O8TYgf2
70,"1, 2, 3 (feat. Jason Derulo & De La Ghetto)","Sofia Reyes",1097588,https://open.spotify.com/track/4QtiVmuA88tPQiCOHZuQ5b
71,"Look Alive (feat. Drake)","BlocBoy JB",1083273,https://open.spotify.com/track/4qKcDkK6siZ7Jp1Jb4m0aL
72,"lovely (with Khalid)","Billie Eilish",1083189,https://open.spotify.com/track/0u2P5u6lvoDfwTYjAADbn4
73,"NO BYSTANDERS","Travis Scott",1082399,https://open.spotify.com/track/6OaVWaGfhXn70ZJfdVcabn
74,"R.I.P. SCREW","Travis Scott",1080336,https://open.spotify.com/track/4SZepBIPDRwPaHIjAKwRDb
75,"CAN'T SAY","Travis Scott",1070034,https://open.spotify.com/track/27a1mYSG5tYg7dmEjWBcmL
76,Asesina,Brytiago,1041473,https://open.spotify.com/track/6rbhaJsE4uLzpPf8WYSHDK
77,Natural,"Imagine Dragons",1036358,https://open.spotify.com/track/4zIO3ilp5HvTeK3HJHxhMP
78,Darkside,"Alan Walker",1036297,https://open.spotify.com/track/1snWlbcbgQpJfknoI30DWG
79,Believer,"Imagine Dragons",1022328,https://open.spotify.com/track/0pqnGHJpmpxLKifKRmU6WP
80,"New Rules","Dua Lipa",1016551,https://open.spotify.com/track/2ekn2ttSfGqwhhate0LSR0
81,"I'm a Mess","Bebe Rexha",1013678,https://open.spotify.com/track/04ZTP5KsCypmtCmQg5tH9R
82,"These Days (feat. Jess Glynne, Macklemore & Dan Caplen)",Rudimental,992143,https://open.spotify.com/track/5CLGzJsGqhCEECcpnFQA8x
83,Unica,Ozuna,989616,https://open.spotify.com/track/6752EZMgXswvRBH3N2PilO
84,"Missing My Idols","Trippie Redd",985383,https://open.spotify.com/track/5HnxL39pSgVVQMLP7WnSfv
85,Together,"Trippie Redd",982439,https://open.spotify.com/track/6m3LlhdZ0HWn4D7Nnm06MQ
86,Thunder,"Imagine Dragons",980131,https://open.spotify.com/track/1zB4vmk8tFRmM9UULNzbLB
87,"5% TINT","Travis Scott",967791,https://open.spotify.com/track/11kDth1aKUEUMq9r1pqyds
88,"Side Effects (feat. Emily Warren)","The Chainsmokers",960249,https://open.spotify.com/track/5yNEdBlZMxpcVtGKz5NFk5
89,Perfect,"Ed Sheeran",950187,https://open.spotify.com/track/0tgVpDi06FyKpA1z0VMD4v
90,"La Cintura","Alvaro Soler",949565,https://open.spotify.com/track/19MBk3PbNFE36wqIqkMq9H
91,"Barbie Dreams","Nicki Minaj",946866,https://open.spotify.com/track/6Poyf51k7W3NKnsGwAI90B
92,"BIG BANK (feat. 2 Chainz, Big Sean, Nicki Minaj)",YG,943658,https://open.spotify.com/track/0ZNrc4kNeQYD9koZ3KvCsy
93,"Album of the Year - Freestyle","J. Cole",943334,https://open.spotify.com/track/6rDaCGqcQB1urhpCrrD599
94,"Por Perro","Sebastian Yatra",936303,https://open.spotify.com/track/2alIsNw1mqEShbWyO1HXZZ
95,"All Girls Are The Same","Juice WRLD",930962,https://open.spotify.com/track/0XySogm94T51XF5F2jumXm
96,"Dura - Remix","Daddy Yankee",930592,https://open.spotify.com/track/6U2NuJILEOEpW2tVCuqKHb
97,"Forever Ever","Trippie Redd",926604,https://open.spotify.com/track/2c3qwFINQyRGwyqI97UQiA
98,"Estamos Bien","Bad Bunny",924974,https://open.spotify.com/track/7glCSQqV5o6NU88Cn4zPZn
99,"No Me Acuerdo",Thalía,922768,https://open.spotify.com/track/00EPIEnX1JFjff8sC6bccd
100,"I'm Upset",Drake,917804,https://open.spotify.com/track/3qN5qMTKyEEmiTZD38BNTT
101,"Love Lies (with Normani)",Khalid,914406,https://open.spotify.com/track/45Egmo7icyopuzJN0oMEdk
102,"Melodien (feat. Juju)","Capital Bra",910341,https://open.spotify.com/track/5d35jcJj7WjDQBOHCHPY6t
103,"Whenever (feat. Conor Maynard)","Kris Kross Amsterdam",898890,https://open.spotify.com/track/3DGar7krWlmrXRFHBcQF6z
104,"Mala Mía",Maluma,898063,https://open.spotify.com/track/62o8KoI44JfN7aYxgTnPvh
105,"Madura (feat. Bad Bunny)",Cosculluela,896558,https://open.spotify.com/track/0r9d60ZYPAlFHq8qnUtkXN
106,"you should see me in a crown","Billie Eilish",896494,https://open.spotify.com/track/6vsV4D8BM6PioRr1UOx0n2
107,"Only You (with Little Mix)","Cheat Codes",891339,https://open.spotify.com/track/54l9GJGQ1UCFKe2tzt1Vxt
108,"W O R K I N M E",Quavo,882753,https://open.spotify.com/track/33tNYw9oMtSkGe27NpgS64
109,NC-17,"Travis Scott",880336,https://open.spotify.com/track/6BJbOXDlgVAXSaq6wYFYT2
110,"High On Life (feat. Bonn)","Martin Garrix",879460,https://open.spotify.com/track/4ut5G4rgB1ClpMTMfjoIuy
111,"Mi Cama - Remix","Karol G",878797,https://open.spotify.com/track/38QmUDpkoYlNbMKvpvAsrE
112,"Meant to Be (feat. Florida Georgia Line)","Bebe Rexha",876905,https://open.spotify.com/track/4e4fqjx0Izh4svvTef1z7e
113,"Everybody Dies In Their Nightmares",XXXTENTACION,869130,https://open.spotify.com/track/3GVkPk8mqxz0itaAriG1L7
114,Calypso,"Luis Fonsi",864288,https://open.spotify.com/track/4178A5NkEjcsGc64jpBO6d
115,"Wasted (feat. Lil Uzi Vert)","Juice WRLD",863100,https://open.spotify.com/track/3obgSF06ki98lYNLNq5vCB
116,"Look At Me!",XXXTENTACION,861537,https://open.spotify.com/track/6eYxmK9fdL4hwLnXG2zY3s
117,"WHO? WHAT!","Travis Scott",861038,https://open.spotify.com/track/4KYS9GK68yeuUJ8vJfPxrq
118,"Shake It Up","Trippie Redd",855378,https://open.spotify.com/track/6yz0Jndhv0QjKdpcEMbOjz
119,Mine,Bazzi,839522,https://open.spotify.com/track/7uzmGiiJyRfuViKKK3lVmR
120,"I Fall Apart","Post Malone",837484,https://open.spotify.com/track/75ZvA4QfFiZvzhj2xkaWAh
121,"XO TOUR Llif3","Lil Uzi Vert",834335,https://open.spotify.com/track/7GX5flRQZVHRAGd6B4TmDO
122,BANG!,"Trippie Redd",819239,https://open.spotify.com/track/1pF74yw15wXk12A1NPVWHD
123,HOUSTONFORNICATION,"Travis Scott",812961,https://open.spotify.com/track/58TaFP5j5i9swOf584yon2
124,"Bird Shit","Trippie Redd",812141,https://open.spotify.com/track/1j2l6jMz85PaXuDiF08Vcv
125,"Ball For Me (feat. Nicki Minaj)","Post Malone",807652,https://open.spotify.com/track/6IaieqiCVvsNvEt6Y7yOFa
126,ASTROTHUNDER,"Travis Scott",805576,https://open.spotify.com/track/4MXhiYIRDMGAuvZc5IFTwC
127,SKELETONS,"Travis Scott",804662,https://open.spotify.com/track/6NMtzpDQBTOfJwMzgMX0zl
128,"Wish - Trippie Mix",Diplo,804649,https://open.spotify.com/track/6IpvkngH89cA3hhPC84Leg
129,"In My Blood","Shawn Mendes",800817,https://open.spotify.com/track/21YnmkSDhUkmkkni22Svc4
130,OTW,Khalid,797014,https://open.spotify.com/track/6Hgh47WXVKtXN5zGOu0hjI
131,Happier,"Ed Sheeran",775846,https://open.spotify.com/track/2RttW7RAu5nOAfq6YFvApB
132,"Bella - Remix",Wolfine,772024,https://open.spotify.com/track/0SaYeGhSXN0dDWstyNTQ56
133,"La Cintura (feat. Flo Rida & TINI) - Remix","Alvaro Soler",767921,https://open.spotify.com/track/56gH0zGe3SP9SGNoQ2pWwn
134,"Mob Ties",Drake,761414,https://open.spotify.com/track/7rC5Pl8rQSX4myONQHYPBK
135,"Too Good At Goodbyes","Sam Smith",751771,https://open.spotify.com/track/1mXVgsBdtIVeCLJnSnmtdV
136,"I'm Yours","Jason Mraz",751701,https://open.spotify.com/track/3S0OXQeoh0w6AY8WQVckRW
137,Connection,OneRepublic,750315,https://open.spotify.com/track/3T4UodGkfZObJ43RtA5KFU
138,Closer,"The Chainsmokers",743933,https://open.spotify.com/track/7BKLCZ1jbUBVqRi2FVlTVw
139,"Freaky Friday (feat. Chris Brown)","Lil Dicky",742043,https://open.spotify.com/track/10Igtw8bSDyyFs7KIsKngZ
140,"the remedy for a broken heart (why am I so in love)",XXXTENTACION,735402,https://open.spotify.com/track/4UKCKdYiLN6IMA5ZESUTL7
141,"Remind Me to Forget",Kygo,733001,https://open.spotify.com/track/6xTU6B6nFwKKTSZ9ySXS80
142,"Síguelo Bailando",Ozuna,732242,https://open.spotify.com/track/5Y9fnynLlIvqtM710MHzfz
143,"Te Amo","Piso 21",727179,https://open.spotify.com/track/2RVrdr062uLFxXwIxwdXPH
144,Africa,Toto,721022,https://open.spotify.com/track/2374M0fQpWi3dLnB54qaLX
145,"Wake Me Up - Radio Edit",Avicii,720501,https://open.spotify.com/track/4h8VwCb1MTGoLKueQ1WgbD
146,Medicina,Anitta,715698,https://open.spotify.com/track/4R5xvs5X0phd0EYWyGigju
147,"Lean Wit Me","Juice WRLD",714262,https://open.spotify.com/track/29tc0GbW0pTSBZSCZF3NWk
148,HUMBLE.,"Kendrick Lamar",713951,https://open.spotify.com/track/7KXjTSCq5nL1LoYtL7XAwS
149,goosebumps,"Travis Scott",709464,https://open.spotify.com/track/6gBFPUFcJLzWGx4lenP6h2
150,"El Préstamo",Maluma,708043,https://open.spotify.com/track/2XVilv6s9GETnw9PG4T9Mz
151,APESHIT,"The Carters",707217,https://open.spotify.com/track/0E6PsO3ymCfUh7pJQjBgkj
152,"Plug Walk","Rich The Kid",705405,https://open.spotify.com/track/1ZAyjvIk9YiD76yYy0TEG6
153,Hipócrita,"Anuel Aa",705357,https://open.spotify.com/track/6XBjCetHKdO5L9cwMDVffw
154,"Call Out My Name","The Weeknd",704339,https://open.spotify.com/track/1gm616Plq4ScqNi7TVkZ5N
155,"All The Stars (with SZA)","Kendrick Lamar",704245,https://open.spotify.com/track/3GCdLUSnKSMJhs4Tj6CV3s
156,Familiar,"Liam Payne",702048,https://open.spotify.com/track/0Y4hwUppbGc8aIBmiTz30A
157,"Toda - Remix","Alex Rose",701509,https://open.spotify.com/track/7nD2JPaxIKUdxd2UWgnaGL
158,"500 PS","Bonez MC",701352,https://open.spotify.com/track/641R77CBy4bOLGRcA9sgHy
159,"Dark Knight Dummo","Trippie Redd",701239,https://open.spotify.com/track/4apiNNK0jp9uqn3JDG9My1
160,"This Is America","Childish Gambino",695354,https://open.spotify.com/track/0b9oOr2ZgvyQu88wzixux9
161,Congratulations,"Post Malone",693765,https://open.spotify.com/track/3a1lNhkSLSkpJE4MSHpDu9
162,"Majesty (with Labrinth & feat. Eminem)","Nicki Minaj",693333,https://open.spotify.com/track/38TgLPNHsPzgqri5G4SPun
163,"Walk It Talk It",Migos,692488,https://open.spotify.com/track/6n4U3TlzUGhdSFbUUhTvLP
164,"If You're Over Me","Years & Years",688892,https://open.spotify.com/track/1oc3jna2ablnfIKLYbKujl
165,Dura,"Daddy Yankee",688689,https://open.spotify.com/track/6KuqAtoeVzxAYOaMveLNpH
166,"Playinwitme (feat. Kehlani)",KYLE,686947,https://open.spotify.com/track/4F1yvJfQ7gJkrcgFJQDjOr
167,"Say You Won't Let Go","James Arthur",684349,https://open.spotify.com/track/5uCax9HTNlzGybIStD3vDh
168,"Summertime Magic","Childish Gambino",682658,https://open.spotify.com/track/4j3GWI86JvSaF0BLdmgcfF
169,"Kept Back (feat. Lil Pump)","Gucci Mane",681499,https://open.spotify.com/track/384Oc8MQzITdL2DGyCeivN
170,"Something Just Like This","The Chainsmokers",678856,https://open.spotify.com/track/6RUKPb4LETWmmr3iAEQktW
171,"Duro y Suave","Leslie Grace",671828,https://open.spotify.com/track/31M5m42C3EGlbydf9XB5to
172,Chun-Li,"Nicki Minaj",671725,https://open.spotify.com/track/1sTDW7kALobTFVctlaSHC4
173,Levitate,"Twenty One Pilots",659164,https://open.spotify.com/track/0bfKYrMLEDJ4fvcxzrMIwB
174,"Échame La Culpa","Luis Fonsi",657650,https://open.spotify.com/track/2hl6q70unbviGo3g1R7uFx
175,"One Dance",Drake,655063,https://open.spotify.com/track/1zi7xx7UVEFkmKfv06H8x0
176,"No Quiero Amarte (feat. Zion & Lennox)","Justin Quiles",654992,https://open.spotify.com/track/5bITfqKGaPakO1l99hOMsI
177,"Ric Flair Drip (& Metro Boomin)",Offset,653134,https://open.spotify.com/track/7sO5G9EABYOXQKNPNiE9NR
178,"Wonderwall - Remastered",Oasis,652493,https://open.spotify.com/track/5qqabIl2vWzo9ApSC317sa
179,"I'll Be There","Jess Glynne",650556,https://open.spotify.com/track/083Qf6hn6sFL6xiOHlZUyn
180,"Mi Cama","Karol G",645356,https://open.spotify.com/track/7sFYVcKSb24qg0dAkqLEFj
181,"All Mine","Kanye West",643608,https://open.spotify.com/track/3qnoOm4fwZPBS116f5hpgF
182,"Feel It Still","Portugal. The Man",641252,https://open.spotify.com/track/6QgjcU0zLnzq5OrUoSZ3OK
183,"Boo'd Up","Ella Mai",638689,https://open.spotify.com/track/0At2qAoaVjIwWNAqrscXli
184,"Candy Paint","Post Malone",637988,https://open.spotify.com/track/32lItqlMi4LBhb4k0BaSaC
185,"Mad Love","Sean Paul",636935,https://open.spotify.com/track/4dSoDnmR9opAQ8KxUc9SbC
186,"DDU-DU DDU-DU - KR Ver.",BLACKPINK,629579,https://open.spotify.com/track/2CWnuF7ht55Ajyeg4WPvWu
187,Sober,"Demi Lovato",627348,https://open.spotify.com/track/0STK94RxUulYqWzwFlyAb5
188,Hope,XXXTENTACION,626533,https://open.spotify.com/track/2ZRo7axmMPeSVUvDbGkJah
189,"What Lovers Do (feat. SZA)","Maroon 5",624835,https://open.spotify.com/track/0GxQ1A5L9xnMOytbP6eKBG
190,"Perfect Duet (Ed Sheeran & Beyoncé)","Ed Sheeran",621184,https://open.spotify.com/track/1bhUWB0zJMIKr9yVPrkEuI
191,"I Like Me Better",Lauv,618662,https://open.spotify.com/track/2P91MQbaiQOfbiz9VqhqKQ
192,Unforgettable,"French Montana",617963,https://open.spotify.com/track/3B54sVLJ402zGa6Xm4YGNe
193,"Thinking Out Loud","Ed Sheeran",613917,https://open.spotify.com/track/1Slwb6dOYkBlWal1PGtnNg
194,"Déjala Que Vuelva (feat. Manuel Turizo)","Piso 21",609415,https://open.spotify.com/track/1j6xOGusnyXq3l6IryKF3G
195,"Ganja Burn","Nicki Minaj",605115,https://open.spotify.com/track/3LHYmz86DxGInsRp3wiiW5
196,"Without You (feat. Sandro Cavazza)",Avicii,603578,https://open.spotify.com/track/6Pgkp4qUoTmJIPn7ReaGxL
197,"COFFEE BEAN","Travis Scott",602746,https://open.spotify.com/track/6vnfObZ4Ys70SBAtti1xZ9
198,"UKA UKA","Trippie Redd",600876,https://open.spotify.com/track/5FTrzXtDMz3adIbLmVShk4
199,Silence,Marshmello,599541,https://open.spotify.com/track/7vGuf3Y35N4wmASOKLUVVU
200,Wolves,"Selena Gomez",596653,https://open.spotify.com/track/0tBbt8CrmxbjRP0pueQkyU
