,,,"Note that these figures are generated using a formula that protects against any artificial inflation of chart positions.",
Position,"Track Name",Artist,Streams,URL
1,SAD!,XXXTENTACION,4961099,https://open.spotify.com/track/3ee8Jmje8o58CHK66QrVC2
2,"Girls Like You (feat. Cardi B)","Maroon 5",3930878,https://open.spotify.com/track/7fa9MBXhVfQ8P8Df9OEbD8
3,"Lucid Dreams","Juice WRLD",3929247,https://open.spotify.com/track/0X8DcetL926BYiPJYstJTc
4,"Better Now","Post Malone",3816860,https://open.spotify.com/track/7dt6x5M1jzdTEt8oCbisTK
5,"I Like It","Cardi B",3798502,https://open.spotify.com/track/58q2HKrzhC3ozto2nDdN4z
6,"One Kiss (with Dua Lipa)","Calvin Harris",3725950,https://open.spotify.com/track/7ef4DlsgrMEH11cDZd32M6
7,Moonlight,XXXTENTACION,3607722,https://open.spotify.com/track/0JP9xo3adEtGSdUEISiszL
8,"Solo (feat. Demi Lovato)","Clean Bandit",3360752,https://open.spotify.com/track/6kPJZM97LwdG9QIsT7khp6
9,"Jocelyn Flores",XXXTENTACION,3237031,https://open.spotify.com/track/7m9OqQk4RVRkw9JJdeAw96
10,"Back To You","Selena Gomez",3106035,https://open.spotify.com/track/514rhnksEwHUh6LxXsQ4Y9
11,changes,XXXTENTACION,3027361,https://open.spotify.com/track/7AFASza1mXqntmGtbxXprO
12,"no tears left to cry","Ariana Grande",2972641,https://open.spotify.com/track/5SxkdsY1ufZzoq9iXceLw9
13,Youngblood,"5 Seconds of Summer",2905442,https://open.spotify.com/track/2iUXsYOEPhVqEBwsqP70rE
14,"Taste (feat. Offset)",Tyga,2833724,https://open.spotify.com/track/5IaHrVsrferBYDm0bDyABy
15,"Jackie Chan",Tiësto,2644198,https://open.spotify.com/track/4kWO6O1BUXcZmaxitpVUwp
16,"Ocean (feat. Khalid)","Martin Garrix",2495493,https://open.spotify.com/track/3nc420PXjTdBV5TN0gCFkS
17,"Te Boté - Remix","Nio Garcia",2466632,https://open.spotify.com/track/3V8UKqhEK5zBkBb6d6ub8i
18,"Nice For What",Drake,2390975,https://open.spotify.com/track/1cTZMwcBJT0Ka3UJPXOeeN
19,X,"Nicky Jam",2306502,https://open.spotify.com/track/39N9RPD9MRb5WmoLzNzPeA
20,"God's Plan",Drake,2237397,https://open.spotify.com/track/6T8cJz5lAqGer9GUHGyelE
21,"Bed (feat. Ariana Grande)","Nicki Minaj",2192363,https://open.spotify.com/track/1ZEm9cJC05rawV2tptNfTS
22,"Fuck Love (feat. Trippie Redd)",XXXTENTACION,2141635,https://open.spotify.com/track/7AQim7LbvFVZJE3O8TYgf2
23,"Psycho (feat. Ty Dolla $ign)","Post Malone",2068224,https://open.spotify.com/track/3swc6WTsr7rl9DqQKQA55C
24,"Born To Be Yours",Kygo,2045923,https://open.spotify.com/track/0kHyKhJMukHEPfeh8s7rdM
25,"Sin Pijama","Becky G",1966047,https://open.spotify.com/track/2ijef6ni2amuunRoKTlgww
26,Flames,"David Guetta",1961382,https://open.spotify.com/track/33IOhptvC2Qoy2UhjiHXLV
27,Nevermind,"Dennis Lloyd",1888110,https://open.spotify.com/track/63SevszngYpZOwf63o61K4
28,"All Mine","Kanye West",1829975,https://open.spotify.com/track/3qnoOm4fwZPBS116f5hpgF
29,Rise,"Jonas Blue",1825812,https://open.spotify.com/track/3u1S1OmAUhx5DRlLrXqyp3
30,2002,Anne-Marie,1816382,https://open.spotify.com/track/6SFStUDQZNaGPKWOx9ZiJB
31,"Everybody Dies In Their Nightmares",XXXTENTACION,1810238,https://open.spotify.com/track/3GVkPk8mqxz0itaAriG1L7
32,FRIENDS,Marshmello,1810160,https://open.spotify.com/track/08bNPGLD8AhKpnnERrAc6G
33,"rockstar (feat. 21 Savage)","Post Malone",1789847,https://open.spotify.com/track/0e7ipj03S05BNilyu5bRzt
34,"I'm Upset",Drake,1776287,https://open.spotify.com/track/54oMZ3blwWwuPN4wEoG5mk
35,"the remedy for a broken heart (why am I so in love)",XXXTENTACION,1717592,https://open.spotify.com/track/4UKCKdYiLN6IMA5ZESUTL7
36,"lovely (with Khalid)","Billie Eilish",1705136,https://open.spotify.com/track/0u2P5u6lvoDfwTYjAADbn4
37,"Yes Indeed","Lil Baby",1675478,https://open.spotify.com/track/6vN77lE9LK6HP2DewaN6HZ
38,"Praise The Lord (Da Shine)","A$AP Rocky",1639850,https://open.spotify.com/track/7ycWLEP1GsNjVvcjawXz3z
39,"Start Again (feat. Logic)",OneRepublic,1595354,https://open.spotify.com/track/1Nj2oBISdFDSF8eDuXcALz
40,"The Middle",Zedd,1577795,https://open.spotify.com/track/2ARqIya5NAuvFVHSN3bL0m
41,"Look Alive (feat. Drake)","BlocBoy JB",1573682,https://open.spotify.com/track/4qKcDkK6siZ7Jp1Jb4m0aL
42,"Look At Me!",XXXTENTACION,1467911,https://open.spotify.com/track/6eYxmK9fdL4hwLnXG2zY3s
43,IDGAF,"Dua Lipa",1455974,https://open.spotify.com/track/76cy1WJvNGJTj78UqeA5zr
44,"These Days (feat. Jess Glynne, Macklemore & Dan Caplen)",Rudimental,1423305,https://open.spotify.com/track/5CLGzJsGqhCEECcpnFQA8x
45,"Me Niego",Reik,1406336,https://open.spotify.com/track/6jA8JUuPCGYjFcgw0AoM5T
46,"This Is America","Childish Gambino",1396649,https://open.spotify.com/track/0b9oOr2ZgvyQu88wzixux9
47,"All Girls Are The Same","Juice WRLD",1358457,https://open.spotify.com/track/3H2JThgdBxezwj1wwafQS8
48,OTW,Khalid,1356442,https://open.spotify.com/track/6Hgh47WXVKtXN5zGOu0hjI
49,APESHIT,"The Carters",1287622,https://open.spotify.com/track/0E6PsO3ymCfUh7pJQjBgkj
50,Hope,XXXTENTACION,1278684,https://open.spotify.com/track/2ZRo7axmMPeSVUvDbGkJah
51,"La Cintura","Alvaro Soler",1258373,https://open.spotify.com/track/19MBk3PbNFE36wqIqkMq9H
52,Havana,"Camila Cabello",1229068,https://open.spotify.com/track/1rfofaqEpACxVEHIZBJe6W
53,"Love Lies (with Normani)",Khalid,1225593,https://open.spotify.com/track/45Egmo7icyopuzJN0oMEdk
54,"1, 2, 3 (feat. Jason Derulo & De La Ghetto)","Sofia Reyes",1222309,https://open.spotify.com/track/4QtiVmuA88tPQiCOHZuQ5b
55,"Shape of You","Ed Sheeran",1194739,https://open.spotify.com/track/7qiZfU4dY1lWllzX7mPBI3
56,NUMB,XXXTENTACION,1163953,https://open.spotify.com/track/01TnVDiet1DFTsyWKUKovl
57,"Dura - Remix","Daddy Yankee",1161232,https://open.spotify.com/track/6U2NuJILEOEpW2tVCuqKHb
58,"Meant to Be (feat. Florida Georgia Line)","Bebe Rexha",1154358,https://open.spotify.com/track/4e4fqjx0Izh4svvTef1z7e
59,Mine,Bazzi,1144642,https://open.spotify.com/track/7uzmGiiJyRfuViKKK3lVmR
60,"In My Blood","Shawn Mendes",1141375,https://open.spotify.com/track/21YnmkSDhUkmkkni22Svc4
61,"La Player (Bandolera)","Zion & Lennox",1127875,https://open.spotify.com/track/0VKkyBKCXyR99navhVRqcP
62,"Playinwitme (feat. Kehlani)",KYLE,1125995,https://open.spotify.com/track/4F1yvJfQ7gJkrcgFJQDjOr
63,"New Rules","Dua Lipa",1093274,https://open.spotify.com/track/2ekn2ttSfGqwhhate0LSR0
64,Body,"Loud Luxury",1072575,https://open.spotify.com/track/43V1z6QToNNWNldV4FEG6r
65,Somebody,"The Chainsmokers",1068194,https://open.spotify.com/track/3pWcj8hxj3fsb9TDAcMpEl
66,"Mi Cama","Karol G",1050473,https://open.spotify.com/track/7sFYVcKSb24qg0dAkqLEFj
67,"New Light","John Mayer",1042711,https://open.spotify.com/track/3bH4HzoZZFq8UpZmI2AMgV
68,"Freaky Friday (feat. Chris Brown)","Lil Dicky",1040384,https://open.spotify.com/track/10Igtw8bSDyyFs7KIsKngZ
69,"Call Out My Name","The Weeknd",1019165,https://open.spotify.com/track/1gm616Plq4ScqNi7TVkZ5N
70,"All The Stars (with SZA)","Kendrick Lamar",1008821,https://open.spotify.com/track/3GCdLUSnKSMJhs4Tj6CV3s
71,"Walk It Talk It",Migos,1007715,https://open.spotify.com/track/6n4U3TlzUGhdSFbUUhTvLP
72,"Síguelo Bailando",Ozuna,991628,https://open.spotify.com/track/5Y9fnynLlIvqtM710MHzfz
73,"Madura (feat. Bad Bunny)",Cosculluela,988025,https://open.spotify.com/track/0r9d60ZYPAlFHq8qnUtkXN
74,"Ball For Me (feat. Nicki Minaj)","Post Malone",987862,https://open.spotify.com/track/6IaieqiCVvsNvEt6Y7yOFa
75,"Girls (feat. Cardi B, Bebe Rexha & Charli XCX)","Rita Ora",982974,https://open.spotify.com/track/1YNQscOx6OqBQjxgJVhEeW
76,"Audio - with Sia, Diplo & Labrinth",Sia,967264,https://open.spotify.com/track/7boPPE857KEqCIHNwFkDop
77,"I'll Be There","Jess Glynne",958075,https://open.spotify.com/track/083Qf6hn6sFL6xiOHlZUyn
78,Believer,"Imagine Dragons",957970,https://open.spotify.com/track/7Izh7zLJGw1Nscd62Exxj4
79,Perfect,"Ed Sheeran",956417,https://open.spotify.com/track/0tgVpDi06FyKpA1z0VMD4v
80,"Plug Walk","Rich The Kid",945473,https://open.spotify.com/track/6mAz8D1TmlTuef90dbNIiZ
81,"Ric Flair Drip (& Metro Boomin)",Offset,928293,https://open.spotify.com/track/7sO5G9EABYOXQKNPNiE9NR
82,"Live It Up - Official Song 2018 FIFA World Cup Russia","Nicky Jam",927306,https://open.spotify.com/track/4DnHUy01jEA4b5ydC3HgsT
83,"DDU-DU DDU-DU",BLACKPINK,924796,https://open.spotify.com/track/7b8YOVV5quZcSKEijDgyWB
84,"No Es Justo","J Balvin",904720,https://open.spotify.com/track/5qFeMRz4TvetPmzjre9Dq7
85,"Remind Me to Forget",Kygo,902221,https://open.spotify.com/track/6xTU6B6nFwKKTSZ9ySXS80
86,Familiar,"Liam Payne",901617,https://open.spotify.com/track/0Y4hwUppbGc8aIBmiTz30A
87,"I Fall Apart","Post Malone",900349,https://open.spotify.com/track/75ZvA4QfFiZvzhj2xkaWAh
88,Thunder,"Imagine Dragons",897848,https://open.spotify.com/track/26gceVsA1ybT8qsX3aYLEn
89,"Por Perro","Sebastian Yatra",883066,https://open.spotify.com/track/2alIsNw1mqEShbWyO1HXZZ
90,Enemies,Lauv,876666,https://open.spotify.com/track/3JJYIoJ5FyY9E0DGjr7SXF
91,"XO TOUR Llif3","Lil Uzi Vert",876097,https://open.spotify.com/track/7GX5flRQZVHRAGd6B4TmDO
92,Unica,Ozuna,873484,https://open.spotify.com/track/6752EZMgXswvRBH3N2PilO
93,"El Préstamo",Maluma,857144,https://open.spotify.com/track/2XVilv6s9GETnw9PG4T9Mz
94,"I'm a Mess","Bebe Rexha",851589,https://open.spotify.com/track/04ZTP5KsCypmtCmQg5tH9R
95,Happier,"Ed Sheeran",847276,https://open.spotify.com/track/2RttW7RAu5nOAfq6YFvApB
96,"High Hopes","Panic! At The Disco",846024,https://open.spotify.com/track/1rqqCSm0Qe4I9rUvWncaom
97,"Bella - Remix",Wolfine,839900,https://open.spotify.com/track/0SaYeGhSXN0dDWstyNTQ56
98,"the light is coming (feat. Nicki Minaj)","Ariana Grande",835416,https://open.spotify.com/track/5iZ4hcpCgFVijq5OOjBTKZ
99,"Dance To This (feat. Ariana Grande)","Troye Sivan",831768,https://open.spotify.com/track/1NbGcdgwRHZ5rbPIT9hdR3
100,JAPAN,"Famous Dex",824551,https://open.spotify.com/track/5PTG6rrL6EPFD9E2QMI2pl
101,"FAKE LOVE",BTS,821472,https://open.spotify.com/track/3aW0ds4A4tSQDIp75FqWTo
102,"Too Good At Goodbyes","Sam Smith",821395,https://open.spotify.com/track/1mXVgsBdtIVeCLJnSnmtdV
103,"Like To Be You feat. Julia Michaels","Shawn Mendes",803533,https://open.spotify.com/track/5QskYLFPX9y7pLU0VEMNbr
104,"Bigger Than You (feat. Drake & Quavo)","2 Chainz",797906,https://open.spotify.com/track/5S1IUPueD0xE0vj4zU3nSf
105,Yikes,"Kanye West",796433,https://open.spotify.com/track/2r4JRwcbIeuAzWjH4YXlLs
106,"Candy Paint","Post Malone",793933,https://open.spotify.com/track/32lItqlMi4LBhb4k0BaSaC
107,"Powerglide (feat. Juicy J) - From SR3MM","Rae Sremmurd",788640,https://open.spotify.com/track/1BuZAIO8WZpavWVbbq3Lci
108,"Boo'd Up","Ella Mai",785632,https://open.spotify.com/track/0At2qAoaVjIwWNAqrscXli
109,"If You're Over Me","Years & Years",780066,https://open.spotify.com/track/01k24g94i1JvkFLQmVEdCd
110,"Youth feat. Khalid","Shawn Mendes",773075,https://open.spotify.com/track/5SwEgzUFDHwpWHKrbnP32Z
111,Dura,"Daddy Yankee",772551,https://open.spotify.com/track/2j2fIJGh4PMdXt9ULI5Tlc
112,"ocean eyes","Billie Eilish",770563,https://open.spotify.com/track/7hDVYcQq6MxkdJGweuCtl9
113,Sober,"Demi Lovato",769055,https://open.spotify.com/track/0STK94RxUulYqWzwFlyAb5
114,"Échame La Culpa","Luis Fonsi",760738,https://open.spotify.com/track/1zsG4eaZmkA1dvjDDsAGLK
115,Revenge,XXXTENTACION,758168,https://open.spotify.com/track/5TXDeTFVRVY7Cvt0Dw4vWW
116,"Better Not (feat. Wafia)","Louis The Child",752384,https://open.spotify.com/track/447yWcDPg1ddgcHBLGpJC0
117,"Mad Love","Sean Paul",747303,https://open.spotify.com/track/3soOPBuMK8YMdWnV7xpEyf
118,"Te Amo","Piso 21",747056,https://open.spotify.com/track/2RVrdr062uLFxXwIxwdXPH
119,Simple,"Florida Georgia Line",743030,https://open.spotify.com/track/4P92FrvmYQSAfOpp4cpFEi
120,Ambiente,"J Balvin",737314,https://open.spotify.com/track/6VrBWh90BiwWmwKtvwWFcq
121,"Roll In Peace (feat. XXXTENTACION)","Kodak Black",735365,https://open.spotify.com/track/40oKW22ZNNkEdZLJTScaQI
122,"Done For Me (feat. Kehlani)","Charlie Puth",734487,https://open.spotify.com/track/1lsBTdE6MGsKeZCD6llNu7
123,"Like I Do","David Guetta",725643,https://open.spotify.com/track/6RnkFd8Fqqgk1Uni8RgqCQ
124,Esskeetit,"Lil Pump",717718,https://open.spotify.com/track/44KKhCyI0BGS6LvVyDqJtH
125,Dembow,"Danny Ocean",714896,https://open.spotify.com/track/2EzRdhuoPyNJDlep7lnNf2
126,Reborn,"KIDS SEE GHOSTS",714026,https://open.spotify.com/track/4RVbK6cV0VqWdpCDcx3hiT
127,Clandestino,Shakira,713886,https://open.spotify.com/track/7DrluKkTviBwCc8AV3VGmf
128,HUMBLE.,"Kendrick Lamar",712618,https://open.spotify.com/track/7KXjTSCq5nL1LoYtL7XAwS
129,Congratulations,"Post Malone",712070,https://open.spotify.com/track/3a1lNhkSLSkpJE4MSHpDu9
130,Paranoid,"Post Malone",708661,https://open.spotify.com/track/3fpVWegR6YOS1Yk5HSMYIq
131,Wolves,"Selena Gomez",702021,https://open.spotify.com/track/7EmGUiUaOSGDnUUQUDrOXC
132,"Wake Me Up - Radio Edit",Avicii,697677,https://open.spotify.com/track/6g1NlCpW7fgqDnWbCCDrHl
133,"Déjala Que Vuelva (feat. Manuel Turizo)","Piso 21",694529,https://open.spotify.com/track/1j6xOGusnyXq3l6IryKF3G
134,"Perfect Duet (Ed Sheeran & Beyoncé)","Ed Sheeran",687399,https://open.spotify.com/track/1bhUWB0zJMIKr9yVPrkEuI
135,Closer,"The Chainsmokers",685011,https://open.spotify.com/track/7BKLCZ1jbUBVqRi2FVlTVw
136,"Say You Won't Let Go","James Arthur",684889,https://open.spotify.com/track/5uCax9HTNlzGybIStD3vDh
137,"Feel It Still","Portugal. The Man",683012,https://open.spotify.com/track/6QgjcU0zLnzq5OrUoSZ3OK
138,"Never Be the Same","Camila Cabello",673225,https://open.spotify.com/track/4eWQlBRaTjPPUlzacqEeoQ
139,TATI,6ix9ine,666585,https://open.spotify.com/track/6kp0inxIexxSiDJfWqq0ZL
140,"Spoil My Night (feat. Swae Lee)","Post Malone",666231,https://open.spotify.com/track/5VuxWXbt7XENQCtE9TzpTv
141,"Carry On",XXXTENTACION,662897,https://open.spotify.com/track/2yZax79pOrYuyIFVW2cZY2
142,"One Dance",Drake,662166,https://open.spotify.com/track/1xznGGDReH1oQq0xzbwXa3
143,"I Like Me Better",Lauv,662015,https://open.spotify.com/track/2P91MQbaiQOfbiz9VqhqKQ
144,Unforgettable,"French Montana",661457,https://open.spotify.com/track/3B54sVLJ402zGa6Xm4YGNe
145,"I'm Yours","Jason Mraz",654299,https://open.spotify.com/track/3S0OXQeoh0w6AY8WQVckRW
146,Silence,Marshmello,653525,https://open.spotify.com/track/7vGuf3Y35N4wmASOKLUVVU
147,"Champion (feat. Travis Scott)",NAV,645868,https://open.spotify.com/track/6nO3tr47nr2P7f3hXb8JIo
148,"Jump (with Trippie Redd)","Julia Michaels",644464,https://open.spotify.com/track/2OvV4NjEBRE9v8Oo7QeUCq
149,"Young Dumb & Broke",Khalid,637020,https://open.spotify.com/track/5Z3GHaZ6ec9bsiI5BenrbY
150,"Sorry Not Sorry","Demi Lovato",636330,https://open.spotify.com/track/3m660poUr1chesgkkjQM7P
151,Stay,"Post Malone",633941,https://open.spotify.com/track/4H7WNRErSbONkM06blBoGc
152,"Something Just Like This","The Chainsmokers",633782,https://open.spotify.com/track/6RUKPb4LETWmmr3iAEQktW
153,Shotgun,"George Ezra",627781,https://open.spotify.com/track/4ofwffwvvnbSkrMSCKQDaC
154,"I Wanna Know (feat. Bea Miller)",NOTD,627776,https://open.spotify.com/track/18W92Zm1KjLCbUIszOhpkD
155,"Let Me Down Slowly","Alec Benjamin",626960,https://open.spotify.com/track/2uaiyLKnYvazyfR0Ky3Kbk
156,"Growing Pains","Alessia Cara",624660,https://open.spotify.com/track/003eoIwxETJujVWmNFMoZy
157,goosebumps,"Travis Scott",624114,https://open.spotify.com/track/6gBFPUFcJLzWGx4lenP6h2
158,"Without You (feat. Sandro Cavazza)",Avicii,622505,https://open.spotify.com/track/6WbADFqMvR8N5u0BvtsWQE
159,"Say Amen (Saturday Night)","Panic! At The Disco",616331,https://open.spotify.com/track/76vMKwFtdDDCLcM6zXybjB
160,"Rich & Sad","Post Malone",613598,https://open.spotify.com/track/2VdT56BGpdqNHUgOe1j5vc
161,"Finesse (Remix) [feat. Cardi B]","Bruno Mars",612891,https://open.spotify.com/track/3Vo4wInECJQuz9BIBMOu8i
162,"What Lovers Do (feat. SZA)","Maroon 5",609838,https://open.spotify.com/track/0GxQ1A5L9xnMOytbP6eKBG
163,"Shoota (feat. Lil Uzi Vert)","Playboi Carti",603156,https://open.spotify.com/track/2BJSMvOGABRxokHKB0OI8i
164,"Duro y Suave","Leslie Grace",602007,https://open.spotify.com/track/31M5m42C3EGlbydf9XB5to
165,Criminal,"Natti Natasha",599968,https://open.spotify.com/track/6Za3190Sbw39BBC77WSS1C
166,Delicate,"Taylor Swift",599876,https://open.spotify.com/track/7CneiDesUKFJO3Ix01dnfr
167,Halo,Beyoncé,599004,https://open.spotify.com/track/2CvOqDpQIMw69cCzWqr5yr
168,"Bank Account","21 Savage",592093,https://open.spotify.com/track/2fQrGHiQOvpL9UgPvtYy6G
169,1950,"King Princess",591394,https://open.spotify.com/track/0CZ8lquoTX2Dkg7Ak2inwA
170,"Let Me",ZAYN,589834,https://open.spotify.com/track/7Fg342AJtNsIDdwCfX0paC
171,"Let You Down",NF,588397,https://open.spotify.com/track/6mrKP2jyIQmM0rw6fQryjr
172,1-800-273-8255,Logic,587072,https://open.spotify.com/track/5tz69p7tJuGPeMGwNTxYuV
173,"Whatever It Takes","Imagine Dragons",586580,https://open.spotify.com/track/7F3uo3304R2CTvOseU3H7u
174,"More Than You Know","Axwell /\ Ingrosso",586465,https://open.spotify.com/track/71bBFbfn2OBK5QwUJSLS44
175,Betrayed,"Lil Xan",584621,https://open.spotify.com/track/4vaxvNDaLSoD36iZX515ug
176,Africa,Toto,582282,https://open.spotify.com/track/2374M0fQpWi3dLnB54qaLX
177,"Mi Gente","J Balvin",578121,https://open.spotify.com/track/7COfe3P7KgfwDwIRB8LIDw
178,"Leave a Light On","Tom Walker",576811,https://open.spotify.com/track/6lOWoTqVnAWXchddtTH31W
179,"Ao Vivo E A Cores","Matheus & Kauan",574769,https://open.spotify.com/track/2Ab1wPTEqulaCGoBak1gUo
180,"King's Dead (with Kendrick Lamar, Future & James Blake)","Jay Rock",573905,https://open.spotify.com/track/51rXHuKN8Loc4sUlKPODgH
181,Location,Khalid,572029,https://open.spotify.com/track/152lZdxL1OR0ZMW6KquMif
182,"Let Me Live (feat. Anne-Marie & Mr Eazi)",Rudimental,568919,https://open.spotify.com/track/3D1rlKmZdpYUeMtRRLNawc
183,KOD,"J. Cole",568268,https://open.spotify.com/track/7yotKA30dwTKNEGomV9ZsI
184,"Thinking Out Loud","Ed Sheeran",564633,https://open.spotify.com/track/1Slwb6dOYkBlWal1PGtnNg
185,Legends,"Juice WRLD",563745,https://open.spotify.com/track/1Knctxx9vGZxpZfF66BIEa
186,Solita,Ozuna,562816,https://open.spotify.com/track/7rwX0O3RlxqqIjQM8evm5E
187,"PICK IT UP (feat. A$AP Rocky)","Famous Dex",561417,https://open.spotify.com/track/0dSIrRkA4PadGll16TgbnV
188,Photograph,"Ed Sheeran",559511,https://open.spotify.com/track/6fxVffaTuwjgEk5h9QyRjy
189,"Dusk Till Dawn - Radio Edit",ZAYN,559281,https://open.spotify.com/track/1j4kHkkpqZRBwE0A4CN4Yv
190,Corazón,Maluma,558549,https://open.spotify.com/track/5cepAtqnEQ6yVG6088zMMu
191,Downtown,Anitta,557459,https://open.spotify.com/track/3Ga6eKrUFf12ouh9Yw3v2D
192,"Despacito - Remix","Luis Fonsi",555708,https://open.spotify.com/track/5CtI0qwDJkDQGwXD1H1cLb
193,"This Is Me","Keala Settle",552744,https://open.spotify.com/track/2xGjteMU3E1tkEPVFBO08U
194,"Hey Look Ma, I Made It","Panic! At The Disco",551846,https://open.spotify.com/track/22oEJW6r2rMb9z4IntfyEa
195,"All of Me","John Legend",551211,https://open.spotify.com/track/3uhBIQ7tv8j1FME8cFGEfG
196,"That's What I Like","Bruno Mars",551142,https://open.spotify.com/track/0KKkJNfGyhkQ5aFogxQAPU
197,"Bodak Yellow","Cardi B",550742,https://open.spotify.com/track/6KBYefIoo7KydImq1uUQlL
198,"Let Her Go",Passenger,548625,https://open.spotify.com/track/2jyjhRf6DVbMPU5zxagN2h
199,"Wonderwall - Remastered",Oasis,548094,https://open.spotify.com/track/5qqabIl2vWzo9ApSC317sa
200,"River (feat. Ed Sheeran)",Eminem,544144,https://open.spotify.com/track/5UEnHoDYpsxlfzWLZIc7LD
