,,,"Note that these figures are generated using a formula that protects against any artificial inflation of chart positions.",
Position,"Track Name",Artist,Streams,URL
1,"Better Now","Post Malone",4126025,https://open.spotify.com/track/7dt6x5M1jzdTEt8oCbisTK
2,"All Mine","Kanye West",4059684,https://open.spotify.com/track/3qnoOm4fwZPBS116f5hpgF
3,"One Kiss (with Dua Lipa)","Calvin Harris",3874499,https://open.spotify.com/track/7ef4DlsgrMEH11cDZd32M6
4,"Ghost Town","Kanye West",3401746,https://open.spotify.com/track/6Bg7MznA9X0dIhlAsLyBYj
5,Yikes,"Kanye West",3230986,https://open.spotify.com/track/2r4JRwcbIeuAzWjH4YXlLs
6,"Nice For What",Drake,3201680,https://open.spotify.com/track/1cTZMwcBJT0Ka3UJPXOeeN
7,"I Like It","Cardi B",3095029,https://open.spotify.com/track/58q2HKrzhC3ozto2nDdN4z
8,"no tears left to cry","Ariana Grande",3006353,https://open.spotify.com/track/5SxkdsY1ufZzoq9iXceLw9
9,"God's Plan",Drake,2811830,https://open.spotify.com/track/2XW4DbS6NddZxRPm5rMCeY
10,"Back To You","Selena Gomez",2781554,https://open.spotify.com/track/514rhnksEwHUh6LxXsQ4Y9
11,"Lucid Dreams","Juice WRLD",2624744,https://open.spotify.com/track/0X8DcetL926BYiPJYstJTc
12,"Te Boté - Remix","Nio Garcia",2553021,https://open.spotify.com/track/3V8UKqhEK5zBkBb6d6ub8i
13,"This Is America","Childish Gambino",2506387,https://open.spotify.com/track/0b9oOr2ZgvyQu88wzixux9
14,"Psycho (feat. Ty Dolla $ign)","Post Malone",2489285,https://open.spotify.com/track/3swc6WTsr7rl9DqQKQA55C
15,"Wouldn't Leave","Kanye West",2486457,https://open.spotify.com/track/3dG6tjetoR4GMmUGZUprLt
16,X,"Nicky Jam",2473279,https://open.spotify.com/track/39N9RPD9MRb5WmoLzNzPeA
17,Youngblood,"5 Seconds of Summer",2367001,https://open.spotify.com/track/55S2PQgSMYAhgoTCcGCDfw
18,"Violent Crimes","Kanye West",2339502,https://open.spotify.com/track/2VYb3Fb5iK5Y8HGZ8oEEkp
19,FRIENDS,Marshmello,2264221,https://open.spotify.com/track/08bNPGLD8AhKpnnERrAc6G
20,"I Thought About Killing You","Kanye West",2216407,https://open.spotify.com/track/6EuE9M1viu9gkdFSafia9o
21,"Girls Like You (feat. Cardi B)","Maroon 5",2189044,https://open.spotify.com/track/6FRLCMO5TUHTexlWo8ym1W
22,"Solo (feat. Demi Lovato)","Clean Bandit",2187352,https://open.spotify.com/track/6kPJZM97LwdG9QIsT7khp6
23,"No Mistakes","Kanye West",2139106,https://open.spotify.com/track/1DdgqEZk4Hqfpl3drdXJun
24,"Yes Indeed","Lil Baby",2068767,https://open.spotify.com/track/6vN77lE9LK6HP2DewaN6HZ
25,"rockstar (feat. 21 Savage)","Post Malone",1987406,https://open.spotify.com/track/0e7ipj03S05BNilyu5bRzt
26,Nevermind,"Dennis Lloyd",1958675,https://open.spotify.com/track/63SevszngYpZOwf63o61K4
27,Flames,"David Guetta",1925844,https://open.spotify.com/track/33IOhptvC2Qoy2UhjiHXLV
28,"Love Lies (with Normani)",Khalid,1860838,https://open.spotify.com/track/45Egmo7icyopuzJN0oMEdk
29,"In My Blood","Shawn Mendes",1776576,https://open.spotify.com/track/21YnmkSDhUkmkkni22Svc4
30,"lovely (with Khalid)","Billie Eilish",1761329,https://open.spotify.com/track/0u2P5u6lvoDfwTYjAADbn4
31,"The Middle",Zedd,1761277,https://open.spotify.com/track/2ARqIya5NAuvFVHSN3bL0m
32,IDGAF,"Dua Lipa",1727446,https://open.spotify.com/track/76cy1WJvNGJTj78UqeA5zr
33,"I'm Upset",Drake,1716499,https://open.spotify.com/track/54oMZ3blwWwuPN4wEoG5mk
34,2002,Anne-Marie,1688283,https://open.spotify.com/track/6SFStUDQZNaGPKWOx9ZiJB
35,"Look Alive (feat. Drake)","BlocBoy JB",1683553,https://open.spotify.com/track/4qKcDkK6siZ7Jp1Jb4m0aL
36,"Youth feat. Khalid","Shawn Mendes",1676981,https://open.spotify.com/track/5SwEgzUFDHwpWHKrbnP32Z
37,"Taste (feat. Offset)",Tyga,1594813,https://open.spotify.com/track/5IaHrVsrferBYDm0bDyABy
38,"Playinwitme (feat. Kehlani)",KYLE,1586896,https://open.spotify.com/track/4F1yvJfQ7gJkrcgFJQDjOr
39,"These Days (feat. Jess Glynne, Macklemore & Dan Caplen)",Rudimental,1571112,https://open.spotify.com/track/5CLGzJsGqhCEECcpnFQA8x
40,"Freaky Friday (feat. Chris Brown)","Lil Dicky",1568948,https://open.spotify.com/track/10Igtw8bSDyyFs7KIsKngZ
41,"Call Out My Name","The Weeknd",1543765,https://open.spotify.com/track/1gm616Plq4ScqNi7TVkZ5N
42,OTW,Khalid,1535717,https://open.spotify.com/track/6Hgh47WXVKtXN5zGOu0hjI
43,"Sin Pijama","Becky G",1464770,https://open.spotify.com/track/2ijef6ni2amuunRoKTlgww
44,"Me Niego",Reik,1446346,https://open.spotify.com/track/6jA8JUuPCGYjFcgw0AoM5T
45,"Praise The Lord (Da Shine)","A$AP Rocky",1433227,https://open.spotify.com/track/7ycWLEP1GsNjVvcjawXz3z
46,"Remind Me to Forget",Kygo,1429418,https://open.spotify.com/track/6xTU6B6nFwKKTSZ9ySXS80
47,"Meant to Be (feat. Florida Georgia Line)","Bebe Rexha",1419744,https://open.spotify.com/track/7iDa6hUg2VgEL1o1HjmfBn
48,SAD!,XXXTENTACION,1406704,https://open.spotify.com/track/3ee8Jmje8o58CHK66QrVC2
49,Havana,"Camila Cabello",1314736,https://open.spotify.com/track/1rfofaqEpACxVEHIZBJe6W
50,"1, 2, 3 (feat. Jason Derulo & De La Ghetto)","Sofia Reyes",1253675,https://open.spotify.com/track/4QtiVmuA88tPQiCOHZuQ5b
51,"FAKE LOVE",BTS,1231756,https://open.spotify.com/track/3aW0ds4A4tSQDIp75FqWTo
52,"Jackie Chan",Tiësto,1224993,https://open.spotify.com/track/4kWO6O1BUXcZmaxitpVUwp
53,Paranoid,"Post Malone",1204634,https://open.spotify.com/track/3fpVWegR6YOS1Yk5HSMYIq
54,"New Rules","Dua Lipa",1192510,https://open.spotify.com/track/2ekn2ttSfGqwhhate0LSR0
55,"All The Stars (with SZA)","Kendrick Lamar",1183670,https://open.spotify.com/track/3GCdLUSnKSMJhs4Tj6CV3s
56,"Shape of You","Ed Sheeran",1166206,https://open.spotify.com/track/7qiZfU4dY1lWllzX7mPBI3
57,"All Girls Are The Same","Juice WRLD",1161847,https://open.spotify.com/track/3H2JThgdBxezwj1wwafQS8
58,Mine,Bazzi,1145121,https://open.spotify.com/track/7uzmGiiJyRfuViKKK3lVmR
59,"Walk It Talk It",Migos,1133731,https://open.spotify.com/track/6n4U3TlzUGhdSFbUUhTvLP
60,"Ball For Me (feat. Nicki Minaj)","Post Malone",1133379,https://open.spotify.com/track/6IaieqiCVvsNvEt6Y7yOFa
61,"Plug Walk","Rich The Kid",1124647,https://open.spotify.com/track/6mAz8D1TmlTuef90dbNIiZ
62,"New Light","John Mayer",1118763,https://open.spotify.com/track/3bH4HzoZZFq8UpZmI2AMgV
63,"Dura - Remix","Daddy Yankee",1083023,https://open.spotify.com/track/6U2NuJILEOEpW2tVCuqKHb
64,"Ric Flair Drip (& Metro Boomin)",Offset,1067274,https://open.spotify.com/track/7sO5G9EABYOXQKNPNiE9NR
65,Nervous,"Shawn Mendes",1050381,https://open.spotify.com/track/0Dq49j3dELbttQVUJbtn0c
66,Somebody,"The Chainsmokers",1023464,https://open.spotify.com/track/3pWcj8hxj3fsb9TDAcMpEl
67,Perfect,"Ed Sheeran",1014381,https://open.spotify.com/track/0tgVpDi06FyKpA1z0VMD4v
68,"La Player (Bandolera)","Zion & Lennox",1014201,https://open.spotify.com/track/0VKkyBKCXyR99navhVRqcP
69,"Síguelo Bailando",Ozuna,1013349,https://open.spotify.com/track/5Y9fnynLlIvqtM710MHzfz
70,Familiar,"Liam Payne",1009394,https://open.spotify.com/track/0Y4hwUppbGc8aIBmiTz30A
71,"I Fall Apart","Post Malone",1006427,https://open.spotify.com/track/75ZvA4QfFiZvzhj2xkaWAh
72,"Like I Do","David Guetta",992207,https://open.spotify.com/track/6RnkFd8Fqqgk1Uni8RgqCQ
73,"Spoil My Night (feat. Swae Lee)","Post Malone",979345,https://open.spotify.com/track/5VuxWXbt7XENQCtE9TzpTv
74,Dura,"Daddy Yankee",977423,https://open.spotify.com/track/2j2fIJGh4PMdXt9ULI5Tlc
75,"Candy Paint","Post Malone",967604,https://open.spotify.com/track/32lItqlMi4LBhb4k0BaSaC
76,Stay,"Post Malone",965325,https://open.spotify.com/track/4H7WNRErSbONkM06blBoGc
77,"I'll Be There","Jess Glynne",956211,https://open.spotify.com/track/083Qf6hn6sFL6xiOHlZUyn
78,"El Préstamo",Maluma,956027,https://open.spotify.com/track/2XVilv6s9GETnw9PG4T9Mz
79,Believer,"Imagine Dragons",903209,https://open.spotify.com/track/7Izh7zLJGw1Nscd62Exxj4
80,TATI,6ix9ine,903157,https://open.spotify.com/track/6kp0inxIexxSiDJfWqq0ZL
81,"Audio - with Sia, Diplo & Labrinth",Sia,902940,https://open.spotify.com/track/7boPPE857KEqCIHNwFkDop
82,"La Cintura","Alvaro Soler",901542,https://open.spotify.com/track/19MBk3PbNFE36wqIqkMq9H
83,"Échame La Culpa","Luis Fonsi",898155,https://open.spotify.com/track/1zsG4eaZmkA1dvjDDsAGLK
84,"Madura (feat. Bad Bunny)",Cosculluela,897882,https://open.spotify.com/track/0r9d60ZYPAlFHq8qnUtkXN
85,"Welcome to the Party (with French Montana & Lil Pump, feat. Zhavia Ward) - from Deadpool 2",Diplo,891228,https://open.spotify.com/track/5mqzhMuUpvnMfwNz6iepmO
86,"Powerglide (feat. Juicy J) - From SR3MM","Rae Sremmurd",888629,https://open.spotify.com/track/1BuZAIO8WZpavWVbbq3Lci
87,"Rich & Sad","Post Malone",887367,https://open.spotify.com/track/2VdT56BGpdqNHUgOe1j5vc
88,"Girls (feat. Cardi B, Bebe Rexha & Charli XCX)","Rita Ora",881125,https://open.spotify.com/track/1YNQscOx6OqBQjxgJVhEeW
89,JAPAN,"Famous Dex",878786,https://open.spotify.com/track/5PTG6rrL6EPFD9E2QMI2pl
90,"Por Perro","Sebastian Yatra",861565,https://open.spotify.com/track/2alIsNw1mqEShbWyO1HXZZ
91,"XO TOUR Llif3","Lil Uzi Vert",854188,https://open.spotify.com/track/7GX5flRQZVHRAGd6B4TmDO
92,Thunder,"Imagine Dragons",851906,https://open.spotify.com/track/26gceVsA1ybT8qsX3aYLEn
93,Happier,"Ed Sheeran",839657,https://open.spotify.com/track/2RttW7RAu5nOAfq6YFvApB
94,"Mad Love","Sean Paul",836378,https://open.spotify.com/track/3soOPBuMK8YMdWnV7xpEyf
95,"Watch (feat. Lil Uzi Vert & Kanye West)","Travis Scott",820925,https://open.spotify.com/track/3DoBTwfr8yi2LN08SBpFkN
96,"Never Be the Same","Camila Cabello",815553,https://open.spotify.com/track/4eWQlBRaTjPPUlzacqEeoQ
97,"Déjala Que Vuelva (feat. Manuel Turizo)","Piso 21",806624,https://open.spotify.com/track/1j6xOGusnyXq3l6IryKF3G
98,KOD,"J. Cole",806367,https://open.spotify.com/track/7yotKA30dwTKNEGomV9ZsI
99,"Bella - Remix",Wolfine,806210,https://open.spotify.com/track/0SaYeGhSXN0dDWstyNTQ56
100,"Te Amo","Piso 21",792202,https://open.spotify.com/track/2RVrdr062uLFxXwIxwdXPH
101,Wolves,"Selena Gomez",787870,https://open.spotify.com/track/7EmGUiUaOSGDnUUQUDrOXC
102,"Let Me",ZAYN,786835,https://open.spotify.com/track/7Fg342AJtNsIDdwCfX0paC
103,"Shoota (feat. Lil Uzi Vert)","Playboi Carti",784356,https://open.spotify.com/track/2BJSMvOGABRxokHKB0OI8i
104,"Done For Me (feat. Kehlani)","Charlie Puth",778588,https://open.spotify.com/track/1lsBTdE6MGsKeZCD6llNu7
105,"Start Again (feat. Logic)",OneRepublic,777934,https://open.spotify.com/track/1Nj2oBISdFDSF8eDuXcALz
106,"Too Good At Goodbyes","Sam Smith",766461,https://open.spotify.com/track/1mXVgsBdtIVeCLJnSnmtdV
107,"Without You (feat. Sandro Cavazza)",Avicii,765529,https://open.spotify.com/track/6WbADFqMvR8N5u0BvtsWQE
108,Congratulations,"Post Malone",761409,https://open.spotify.com/track/3a1lNhkSLSkpJE4MSHpDu9
109,Silence,Marshmello,761394,https://open.spotify.com/track/7vGuf3Y35N4wmASOKLUVVU
110,"Feel It Still","Portugal. The Man",760097,https://open.spotify.com/track/6QgjcU0zLnzq5OrUoSZ3OK
111,Criminal,"Natti Natasha",753260,https://open.spotify.com/track/6Za3190Sbw39BBC77WSS1C
112,"Wake Me Up - Radio Edit",Avicii,750842,https://open.spotify.com/track/6g1NlCpW7fgqDnWbCCDrHl
113,HUMBLE.,"Kendrick Lamar",745361,https://open.spotify.com/track/7KXjTSCq5nL1LoYtL7XAwS
114,1950,"King Princess",737090,https://open.spotify.com/track/0CZ8lquoTX2Dkg7Ak2inwA
115,"Over Now","Post Malone",733983,https://open.spotify.com/track/09IOPhEh1OMe0HD9b36FJk
116,Chun-Li,"Nicki Minaj",731411,https://open.spotify.com/track/2gTYVoQCUh0QNUaFix01ld
117,"Jocelyn Flores",XXXTENTACION,728325,https://open.spotify.com/track/7m9OqQk4RVRkw9JJdeAw96
118,"Say You Won't Let Go","James Arthur",724700,https://open.spotify.com/track/5uCax9HTNlzGybIStD3vDh
119,Dembow,"Danny Ocean",721850,https://open.spotify.com/track/2EzRdhuoPyNJDlep7lnNf2
120,Ambiente,"J Balvin",713547,https://open.spotify.com/track/6VrBWh90BiwWmwKtvwWFcq
121,Esskeetit,"Lil Pump",712971,https://open.spotify.com/track/44KKhCyI0BGS6LvVyDqJtH
122,"King's Dead (with Kendrick Lamar, Future & James Blake)","Jay Rock",705411,https://open.spotify.com/track/51rXHuKN8Loc4sUlKPODgH
123,"Young Dumb & Broke",Khalid,697608,https://open.spotify.com/track/5Z3GHaZ6ec9bsiI5BenrbY
124,"I Wanna Know (feat. Bea Miller)",NOTD,694081,https://open.spotify.com/track/18W92Zm1KjLCbUIszOhpkD
125,"Finesse (Remix) [feat. Cardi B]","Bruno Mars",690196,https://open.spotify.com/track/3Vo4wInECJQuz9BIBMOu8i
126,"92 Explorer","Post Malone",690120,https://open.spotify.com/track/1D2L6MefbXon28PzIk9I3r
127,"Say Something","Justin Timberlake",687212,https://open.spotify.com/track/1LhMopPAallLeaeNutqbgS
128,Delicate,"Taylor Swift",683079,https://open.spotify.com/track/7CneiDesUKFJO3Ix01dnfr
129,"What Lovers Do (feat. SZA)","Maroon 5",677167,https://open.spotify.com/track/3hBBKuWJfxlIlnd9QFoC8k
130,Moonlight,XXXTENTACION,667653,https://open.spotify.com/track/0JP9xo3adEtGSdUEISiszL
131,"Champion (feat. Travis Scott)",NAV,664813,https://open.spotify.com/track/6nO3tr47nr2P7f3hXb8JIo
132,Corazón,Maluma,659427,https://open.spotify.com/track/5cepAtqnEQ6yVG6088zMMu
133,"Lost In Japan","Shawn Mendes",658895,https://open.spotify.com/track/6WBTeFDEfAJbaSUUc1V1xQ
134,"I Like Me Better",Lauv,658210,https://open.spotify.com/track/2P91MQbaiQOfbiz9VqhqKQ
135,"Give Yourself A Try","The 1975",656918,https://open.spotify.com/track/619pVMIK3WvX529JIkQTY3
136,"Sangria Wine","Pharrell Williams",656631,https://open.spotify.com/track/6XlSyYFTU1nodeWwwzVgTV
137,goosebumps,"Travis Scott",655018,https://open.spotify.com/track/6gBFPUFcJLzWGx4lenP6h2
138,Downtown,Anitta,654568,https://open.spotify.com/track/3Ga6eKrUFf12ouh9Yw3v2D
139,"Pray For Me (with Kendrick Lamar)","The Weeknd",653963,https://open.spotify.com/track/4ofvoCdXq99vpMZO4Cfp8x
140,"Mi Gente","J Balvin",652858,https://open.spotify.com/track/7COfe3P7KgfwDwIRB8LIDw
141,Ahora,"J Balvin",652740,https://open.spotify.com/track/2yBWnRKj0Zx7AF1kufajvW
142,"The Night We Met","Lord Huron",651695,https://open.spotify.com/track/6mORGLOz79w6VsCRLWYYuK
143,"Rewrite The Stars","Zac Efron",648350,https://open.spotify.com/track/630sXRhIcfwr2e4RdNtjKN
144,Unforgettable,"French Montana",646734,https://open.spotify.com/track/3B54sVLJ402zGa6Xm4YGNe
145,"Let You Down",NF,643923,https://open.spotify.com/track/6mrKP2jyIQmM0rw6fQryjr
146,Everyday,Logic,643842,https://open.spotify.com/track/4EAV2cKiqKP5UPZmY6dejk
147,"Be Careful","Cardi B",643646,https://open.spotify.com/track/2Yl4OmDby9iitgNWZPwxkd
148,"Something Just Like This","The Chainsmokers",641613,https://open.spotify.com/track/6RUKPb4LETWmmr3iAEQktW
149,"This Is Me","Keala Settle",641411,https://open.spotify.com/track/2xGjteMU3E1tkEPVFBO08U
150,"Same Bitches (feat. G-Eazy & YG)","Post Malone",631247,https://open.spotify.com/track/688QpQAwqsLdBR6lr13wK1
151,"Dusk Till Dawn - Radio Edit",ZAYN,629923,https://open.spotify.com/track/1j4kHkkpqZRBwE0A4CN4Yv
152,"Perfect Duet (Ed Sheeran & Beyoncé)","Ed Sheeran",628264,https://open.spotify.com/track/1bhUWB0zJMIKr9yVPrkEuI
153,"Zack And Codeine","Post Malone",626036,https://open.spotify.com/track/5lZZmityu9TAjNvSY6GLhR
154,Solita,Ozuna,625700,https://open.spotify.com/track/7rwX0O3RlxqqIjQM8evm5E
155,Unica,Ozuna,624488,https://open.spotify.com/track/6752EZMgXswvRBH3N2PilO
156,"River (feat. Ed Sheeran)",Eminem,620721,https://open.spotify.com/track/5UEnHoDYpsxlfzWLZIc7LD
157,"One Dance",Drake,620631,https://open.spotify.com/track/1xznGGDReH1oQq0xzbwXa3
158,Body,"Loud Luxury",619525,https://open.spotify.com/track/43V1z6QToNNWNldV4FEG6r
159,Location,Khalid,619147,https://open.spotify.com/track/152lZdxL1OR0ZMW6KquMif
160,Closer,"The Chainsmokers",618415,https://open.spotify.com/track/7BKLCZ1jbUBVqRi2FVlTVw
161,Africa,Toto,616761,https://open.spotify.com/track/2374M0fQpWi3dLnB54qaLX
162,"More Than You Know","Axwell /\ Ingrosso",615833,https://open.spotify.com/track/71bBFbfn2OBK5QwUJSLS44
163,"PICK IT UP (feat. A$AP Rocky)","Famous Dex",613126,https://open.spotify.com/track/0dSIrRkA4PadGll16TgbnV
164,"Whatever It Takes","Imagine Dragons",612394,https://open.spotify.com/track/7F3uo3304R2CTvOseU3H7u
165,Sensualidad,"Bad Bunny",610752,https://open.spotify.com/track/5hcisvFMidkMJlElTO9Qmw
166,Amorfoda,"Bad Bunny",608379,https://open.spotify.com/track/3ITvHA9zhZZdBJsOsAUegF
167,"Stir Fry",Migos,601435,https://open.spotify.com/track/2UVbBKQOdFAekPTRsnkzcf
168,"One Night Stand","Capital Bra",599979,https://open.spotify.com/track/4gALhhysObk59C3fxeTLwh
169,"Mi Cama","Karol G",597344,https://open.spotify.com/track/7sFYVcKSb24qg0dAkqLEFj
170,Attention,"Charlie Puth",594952,https://open.spotify.com/track/5cF0dROlMOK5uNZtivgu50
171,"Thinking Out Loud","Ed Sheeran",588101,https://open.spotify.com/track/1Slwb6dOYkBlWal1PGtnNg
172,"Takin' Shots","Post Malone",587592,https://open.spotify.com/track/5ffntNJnJOeFv7b7DCd0Bw
173,"If You're Over Me","Years & Years",587304,https://open.spotify.com/track/01k24g94i1JvkFLQmVEdCd
174,"Lonely Together (feat. Rita Ora)",Avicii,587266,https://open.spotify.com/track/2OALaHcDdKkjYEpAr0Qzab
175,"Where Were You In The Morning?","Shawn Mendes",585821,https://open.spotify.com/track/51wrmElSLxFzc0vSQPeTxs
176,"I'm Yours","Jason Mraz",584616,https://open.spotify.com/track/3S0OXQeoh0w6AY8WQVckRW
177,1-800-273-8255,Logic,582368,https://open.spotify.com/track/5tz69p7tJuGPeMGwNTxYuV
178,"El Farsante - Remix",Ozuna,581548,https://open.spotify.com/track/7uYgVgRSgqluZclLS7wpp4
179,"Sorry Not Sorry","Demi Lovato",577790,https://open.spotify.com/track/3m660poUr1chesgkkjQM7P
180,Entertainer,ZAYN,576264,https://open.spotify.com/track/5LTGmestwpHZ1BfCmpFQJx
181,"Let Me Go (with Alesso, Florida Georgia Line & watt)","Hailee Steinfeld",574095,https://open.spotify.com/track/5AEtlRudpgdT5FtNiuly6Y
182,"I Miss You (feat. Julia Michaels)","Clean Bandit",572152,https://open.spotify.com/track/2xmrfQpmS2iJExTlklLoAL
183,"Bodak Yellow","Cardi B",571291,https://open.spotify.com/track/6KBYefIoo7KydImq1uUQlL
184,changes,XXXTENTACION,570873,https://open.spotify.com/track/7AFASza1mXqntmGtbxXprO
185,Photograph,"Ed Sheeran",570384,https://open.spotify.com/track/6fxVffaTuwjgEk5h9QyRjy
186,"Wonderwall - Remastered",Oasis,567482,https://open.spotify.com/track/5qqabIl2vWzo9ApSC317sa
187,Bella,Wolfine,563667,https://open.spotify.com/track/3xcCix7Jv1Rp90YVmgo35D
188,"Ao Vivo E A Cores","Matheus & Kauan",562272,https://open.spotify.com/track/2Ab1wPTEqulaCGoBak1gUo
189,Redbone,"Childish Gambino",561473,https://open.spotify.com/track/3kxfsdsCpFgN412fpnW85Y
190,"Bank Account","21 Savage",556312,https://open.spotify.com/track/2fQrGHiQOvpL9UgPvtYy6G
191,Rise,"Jonas Blue",553451,https://open.spotify.com/track/3u1S1OmAUhx5DRlLrXqyp3
192,"Duro y Suave","Leslie Grace",552931,https://open.spotify.com/track/31M5m42C3EGlbydf9XB5to
193,"Me Rehúso","Danny Ocean",552237,https://open.spotify.com/track/6De0lHrwBfPfrhorm9q1Xl
194,"Nena Maldicion (feat. Lenny Tavarez)","Paulo Londra",551832,https://open.spotify.com/track/3TnhQSRwT3AVMdXw5JPq0x
195,"There's Nothing Holdin' Me Back","Shawn Mendes",545900,https://open.spotify.com/track/79cuOz3SPQTuFrp8WgftAu
196,"No Hay Nadie Más","Sebastian Yatra",539136,https://open.spotify.com/track/3IPJg1sdqLj12kFIndaonN
197,"Despacito - Remix","Luis Fonsi",538670,https://open.spotify.com/track/5CtI0qwDJkDQGwXD1H1cLb
198,"BUTTERFLY EFFECT","Travis Scott",538024,https://open.spotify.com/track/1yxgsra98r3qAtxqiGZPiX
199,"To My Love - Tainy Remix","Bomba Estéreo",537485,https://open.spotify.com/track/5LciLoxa1gK70yIUeoHgRx
200,"EL BAÑO","Enrique Iglesias",537271,https://open.spotify.com/track/2vvdTrdryjsl8DmPIMDWZU
