,,,"Note that these figures are generated using a formula that protects against any artificial inflation of chart positions.",
Position,"Track Name",Artist,Streams,URL
1,"God's Plan",Drake,6593858,https://open.spotify.com/track/2XW4DbS6NddZxRPm5rMCeY
2,"Psycho (feat. Ty Dolla $ign)","Post Malone",4455413,https://open.spotify.com/track/65NwOZqoXny4JxqAPlfxRF
3,SAD!,XXXTENTACION,3997189,https://open.spotify.com/track/3ee8Jmje8o58CHK66QrVC2
4,FRIENDS,Marshmello,3524727,https://open.spotify.com/track/08bNPGLD8AhKpnnERrAc6G
5,"All The Stars (with SZA)","Kendrick Lamar",3285410,https://open.spotify.com/track/3GCdLUSnKSMJhs4Tj6CV3s
6,"Look Alive (feat. Drake)","BlocBoy JB",3280997,https://open.spotify.com/track/4qKcDkK6siZ7Jp1Jb4m0aL
7,IDGAF,"Dua Lipa",3188933,https://open.spotify.com/track/76cy1WJvNGJTj78UqeA5zr
8,X,"Nicky Jam",3069842,https://open.spotify.com/track/39N9RPD9MRb5WmoLzNzPeA
9,"The Middle",Zedd,2957541,https://open.spotify.com/track/2ARqIya5NAuvFVHSN3bL0m
10,Mine,Bazzi,2906341,https://open.spotify.com/track/6tHWl8ows5JOZq9Yfaqn3M
11,"These Days (feat. Jess Glynne, Macklemore & Dan Caplen)",Rudimental,2657495,https://open.spotify.com/track/5CLGzJsGqhCEECcpnFQA8x
12,rockstar,"Post Malone",2619378,https://open.spotify.com/track/2U7Hu2RaNQNRi7izoJyZaX
13,"Love Lies (with Normani)",Khalid,2518878,https://open.spotify.com/track/45Egmo7icyopuzJN0oMEdk
14,Dura,"Daddy Yankee",2506572,https://open.spotify.com/track/2j2fIJGh4PMdXt9ULI5Tlc
15,Havana,"Camila Cabello",2415159,https://open.spotify.com/track/1rfofaqEpACxVEHIZBJe6W
16,"Pray For Me (with Kendrick Lamar)","The Weeknd",2263869,https://open.spotify.com/track/4ofvoCdXq99vpMZO4Cfp8x
17,Moonlight,XXXTENTACION,2045774,https://open.spotify.com/track/0JP9xo3adEtGSdUEISiszL
18,"Meant to Be (feat. Florida Georgia Line)","Bebe Rexha",1985361,https://open.spotify.com/track/7iDa6hUg2VgEL1o1HjmfBn
19,"Never Be the Same","Camila Cabello",1951806,https://open.spotify.com/track/4eWQlBRaTjPPUlzacqEeoQ
20,Amorfoda,"Bad Bunny",1940282,https://open.spotify.com/track/3ITvHA9zhZZdBJsOsAUegF
21,"Échame La Culpa","Luis Fonsi",1909053,https://open.spotify.com/track/1zsG4eaZmkA1dvjDDsAGLK
22,Everyday,Logic,1872421,https://open.spotify.com/track/4EAV2cKiqKP5UPZmY6dejk
23,"Stir Fry",Migos,1844482,https://open.spotify.com/track/2UVbBKQOdFAekPTRsnkzcf
24,"Me Niego",Reik,1818742,https://open.spotify.com/track/6jA8JUuPCGYjFcgw0AoM5T
25,"New Rules","Dua Lipa",1792425,https://open.spotify.com/track/2ekn2ttSfGqwhhate0LSR0
26,Bella,Wolfine,1768737,https://open.spotify.com/track/3xcCix7Jv1Rp90YVmgo35D
27,"Finesse (Remix) [feat. Cardi B]","Bruno Mars",1755274,https://open.spotify.com/track/3Vo4wInECJQuz9BIBMOu8i
28,"River (feat. Ed Sheeran)",Eminem,1696470,https://open.spotify.com/track/5UEnHoDYpsxlfzWLZIc7LD
29,Perfect,"Ed Sheeran",1666584,https://open.spotify.com/track/0tgVpDi06FyKpA1z0VMD4v
30,"Sick Boy","The Chainsmokers",1646913,https://open.spotify.com/track/2IKZkwHI5zsZf70STuhvOX
31,Wolves,"Selena Gomez",1617735,https://open.spotify.com/track/7EmGUiUaOSGDnUUQUDrOXC
32,"Shape of You","Ed Sheeran",1611384,https://open.spotify.com/track/7qiZfU4dY1lWllzX7mPBI3
33,"Déjala Que Vuelva (feat. Manuel Turizo)","Piso 21",1582833,https://open.spotify.com/track/33bnxcjePIkcmNjEFTJX0l
34,"I Fall Apart","Post Malone",1544520,https://open.spotify.com/track/75ZvA4QfFiZvzhj2xkaWAh
35,"Ric Flair Drip (& Metro Boomin)",Offset,1535639,https://open.spotify.com/track/7sO5G9EABYOXQKNPNiE9NR
36,changes,XXXTENTACION,1528015,https://open.spotify.com/track/7AFASza1mXqntmGtbxXprO
37,"King's Dead (with Kendrick Lamar, Future & James Blake)","Jay Rock",1516613,https://open.spotify.com/track/51rXHuKN8Loc4sUlKPODgH
38,"Say Something","Justin Timberlake",1516141,https://open.spotify.com/track/1LhMopPAallLeaeNutqbgS
39,"Freaky Friday (feat. Chris Brown)","Lil Dicky",1498414,https://open.spotify.com/track/10Igtw8bSDyyFs7KIsKngZ
40,"Like I Do","David Guetta",1478843,https://open.spotify.com/track/6RnkFd8Fqqgk1Uni8RgqCQ
41,"For You (Fifty Shades Freed) (& Rita Ora)","Liam Payne",1457553,https://open.spotify.com/track/5hM6sP0Gh1jD57drszNueC
42,Corazón,Maluma,1437883,https://open.spotify.com/track/4lESS6vuruP6a79KWRaQou
43,"the remedy for a broken heart (why am I so in love)",XXXTENTACION,1414503,https://open.spotify.com/track/4UKCKdYiLN6IMA5ZESUTL7
44,Downtown,Anitta,1399308,https://open.spotify.com/track/3Ga6eKrUFf12ouh9Yw3v2D
45,"Plug Walk","Rich The Kid",1371875,https://open.spotify.com/track/0gD6lWJhbXHWNVwQziSVvl
46,"Let You Down",NF,1369095,https://open.spotify.com/track/6mrKP2jyIQmM0rw6fQryjr
47,Criminal,"Natti Natasha",1328829,https://open.spotify.com/track/6Za3190Sbw39BBC77WSS1C
48,Heaven,"Julia Michaels",1316765,https://open.spotify.com/track/4QfNOZN7vrQCQKK1ZJ3XPb
49,"Síguelo Bailando",Ozuna,1314061,https://open.spotify.com/track/5Y9fnynLlIvqtM710MHzfz
50,"Feel It Still","Portugal. The Man",1299916,https://open.spotify.com/track/6QgjcU0zLnzq5OrUoSZ3OK
51,"Capital Letters","Hailee Steinfeld",1280331,https://open.spotify.com/track/3towKHKVOXCCcL1fHv6xFO
52,NUMB,XXXTENTACION,1277730,https://open.spotify.com/track/01TnVDiet1DFTsyWKUKovl
53,"going down!",XXXTENTACION,1261270,https://open.spotify.com/track/7CkbRn6S0itJqcqn88AtSV
54,"Let Me Go (with Alesso, Florida Georgia Line & watt)","Hailee Steinfeld",1252269,https://open.spotify.com/track/5AEtlRudpgdT5FtNiuly6Y
55,"44 More",Logic,1246495,https://open.spotify.com/track/3e7Y6sfFlIdBMJhX7wpqVO
56,Breathe,"Jax Jones",1237059,https://open.spotify.com/track/6tvQzeCPwOytDlBYCIOY0n
57,"Him & I (with Halsey)",G-Eazy,1235725,https://open.spotify.com/track/5k38wzpLb15YgncyWdTZE4
58,"infinity (888) - feat. Joey Bada$$",XXXTENTACION,1209439,https://open.spotify.com/track/7J2gyNghNTzl4EsLhXp01Q
59,Thunder,"Imagine Dragons",1176120,https://open.spotify.com/track/26gceVsA1ybT8qsX3aYLEn
60,"Everybody Hates Me","The Chainsmokers",1164689,https://open.spotify.com/track/3pIigjAWkzwAonXpJ1fmSF
61,"I don’t even speak spanish lol - feat. Rio Santana, Judah, Carlos Andrez",XXXTENTACION,1163984,https://open.spotify.com/track/14boA065HMHWvqyPPEeN4y
62,"XO TOUR Llif3","Lil Uzi Vert",1160399,https://open.spotify.com/track/7GX5flRQZVHRAGd6B4TmDO
63,"I Miss You (feat. Julia Michaels)","Clean Bandit",1141301,https://open.spotify.com/track/2xmrfQpmS2iJExTlklLoAL
64,Sensualidad,"Bad Bunny",1139079,https://open.spotify.com/track/5hcisvFMidkMJlElTO9Qmw
65,"EL BAÑO","Enrique Iglesias",1123049,https://open.spotify.com/track/2vvdTrdryjsl8DmPIMDWZU
66,Silence,Marshmello,1091968,https://open.spotify.com/track/7vGuf3Y35N4wmASOKLUVVU
67,"1, 2, 3 (feat. Jason Derulo & De La Ghetto)","Sofia Reyes",1083882,https://open.spotify.com/track/4QtiVmuA88tPQiCOHZuQ5b
68,Dembow,"Danny Ocean",1079027,https://open.spotify.com/track/2EzRdhuoPyNJDlep7lnNf2
69,Congratulations,"Post Malone",1054863,https://open.spotify.com/track/3a1lNhkSLSkpJE4MSHpDu9
70,"Remind Me to Forget",Kygo,1045113,https://open.spotify.com/track/6xTU6B6nFwKKTSZ9ySXS80
71,"Too Good At Goodbyes","Sam Smith",1030047,https://open.spotify.com/track/1mXVgsBdtIVeCLJnSnmtdV
72,Hope,XXXTENTACION,1029310,https://open.spotify.com/track/2ZRo7axmMPeSVUvDbGkJah
73,"Bum Bum Tam Tam","MC Fioti",1028769,https://open.spotify.com/track/4zWO4gvuFtw6EJZC5FFGlr
74,"What Lovers Do (feat. SZA)","Maroon 5",1017330,https://open.spotify.com/track/3hBBKuWJfxlIlnd9QFoC8k
75,"Powerglide (feat. Juicy J)","Rae Sremmurd",1016891,https://open.spotify.com/track/2yUbCEiaolfSMluDo9RMmG
76,HUMBLE.,"Kendrick Lamar",1000206,https://open.spotify.com/track/7KXjTSCq5nL1LoYtL7XAwS
77,Believer,"Imagine Dragons",994203,https://open.spotify.com/track/7Izh7zLJGw1Nscd62Exxj4
78,"Mad Love","Sean Paul",993053,https://open.spotify.com/track/3soOPBuMK8YMdWnV7xpEyf
79,"ALONE, PART 3",XXXTENTACION,963217,https://open.spotify.com/track/2oe6dDthgthqUkfL3czpEd
80,"Young Dumb & Broke",Khalid,962807,https://open.spotify.com/track/5Z3GHaZ6ec9bsiI5BenrbY
81,Machika,"J Balvin",954701,https://open.spotify.com/track/6MNGxu8MprKGkchUchkJsy
82,"This Is Me","Keala Settle",953854,https://open.spotify.com/track/2xGjteMU3E1tkEPVFBO08U
83,"$$$ - with Matt Ox",XXXTENTACION,950497,https://open.spotify.com/track/65u1dHQyQyE4y4aN2eDmMF
84,Wait,"Maroon 5",945693,https://open.spotify.com/track/1Qg9jWGDkKAGZXj5v2OG59
85,Anywhere,"Rita Ora",929504,https://open.spotify.com/track/7EI6Iki24tBHAMxtb4xQN2
86,"Se Preparó",Ozuna,913569,https://open.spotify.com/track/1m69ELEgE6k5ZWsap40ozt
87,Solita,Ozuna,912808,https://open.spotify.com/track/7rwX0O3RlxqqIjQM8evm5E
88,"Rewrite The Stars","Zac Efron",905330,https://open.spotify.com/track/630sXRhIcfwr2e4RdNtjKN
89,Narcos,Migos,896408,https://open.spotify.com/track/0wbnC9AUenxp613TYaJsGK
90,"El Préstamo",Maluma,890319,https://open.spotify.com/track/0QS5rZpm5zN9wV9lJgjyUE
91,"Dusk Till Dawn - Radio Edit",ZAYN,880131,https://open.spotify.com/track/1j4kHkkpqZRBwE0A4CN4Yv
92,"Galway Girl","Ed Sheeran",876546,https://open.spotify.com/track/0afhq8XCExXpqazXczTSve
93,Unforgettable,"French Montana",873337,https://open.spotify.com/track/3B54sVLJ402zGa6Xm4YGNe
94,"Candy Paint","Post Malone",869444,https://open.spotify.com/track/42CeaId2XNlxugDvyqHfDf
95,Betrayed,"Lil Xan",868416,https://open.spotify.com/track/6NWl2m8asvH83xjuXVNsuG
96,"Jocelyn Flores",XXXTENTACION,863992,https://open.spotify.com/track/7m9OqQk4RVRkw9JJdeAw96
97,"Perfect Duet (Ed Sheeran & Beyoncé)","Ed Sheeran",858702,https://open.spotify.com/track/1bhUWB0zJMIKr9yVPrkEuI
98,"Me Rehúso","Danny Ocean",858086,https://open.spotify.com/track/6De0lHrwBfPfrhorm9q1Xl
99,"PICK IT UP (feat. A$AP Rocky)","Famous Dex",850884,https://open.spotify.com/track/3ncgNpxLoBQ65ABk4djDyd
100,"Bank Account","21 Savage",848983,https://open.spotify.com/track/2fQrGHiQOvpL9UgPvtYy6G
101,Delicate,"Taylor Swift",844782,https://open.spotify.com/track/6NFyWDv5CjfwuzoCkw47Xf
102,"Floor 555",XXXTENTACION,844485,https://open.spotify.com/track/6r7ULK6c5CLVvImjTIztl1
103,"Tip Toe (feat. French Montana)","Jason Derulo",841770,https://open.spotify.com/track/2z4pcBLQXF2BXKFvd0BuB6
104,"So Far Away (feat. Jamie Scott & Romy Dya)","Martin Garrix",820442,https://open.spotify.com/track/0OlnLZY4cmQzT6ZGttvWBM
105,"How Long","Charlie Puth",818592,https://open.spotify.com/track/32DGGj6KlNuBr6WaqRxpxi
106,"Something Just Like This","The Chainsmokers",810802,https://open.spotify.com/track/6RUKPb4LETWmmr3iAEQktW
107,"No Limit",G-Eazy,805354,https://open.spotify.com/track/2DQ1ITjI0YoLFzuADN1ZBW
108,"SMASH! - feat. PnB Rock",XXXTENTACION,798356,https://open.spotify.com/track/6rAGFgcGtlIdYxlhDizXNo
109,"El Farsante - Remix",Ozuna,796622,https://open.spotify.com/track/7uYgVgRSgqluZclLS7wpp4
110,1-800-273-8255,Logic,794695,https://open.spotify.com/track/5tz69p7tJuGPeMGwNTxYuV
111,Esperándote,"Manuel Turizo",794615,https://open.spotify.com/track/1nfyE13arjOuO54HH0zmqj
112,Attention,"Charlie Puth",793773,https://open.spotify.com/track/4iLqG9SeJSnt0cSPICSjxv
113,"I Like Me Better",Lauv,793642,https://open.spotify.com/track/1wjzFQodRWrPcQ0AnYnvQ9
114,"Mi Gente","J Balvin",787341,https://open.spotify.com/track/2rb5MvYT7ZIxbKW5hfcHx8
115,"Say You Won't Let Go","James Arthur",770872,https://open.spotify.com/track/5uCax9HTNlzGybIStD3vDh
116,"Gucci Gang","Lil Pump",769429,https://open.spotify.com/track/43ZyHQITOjhciSUUNPVRHc
117,"Nowadays (feat. Landon Cube)","Lil Skies",765207,https://open.spotify.com/track/2u7mxWSeoqTXndK5e08jMp
118,"She Loves Control","Camila Cabello",757986,https://open.spotify.com/track/5HwnezK198pJCEj1l2Adjy
119,"Quiero Repetir",Ozuna,757351,https://open.spotify.com/track/0MIcPSq9n2z5H8TAfEstri
120,"All Falls Down","Alan Walker",755107,https://open.spotify.com/track/5yFSF6qQA1rcLsQRnBsZgb
121,"Pain = BESTFRIEND - feat. Travis Barker",XXXTENTACION,753980,https://open.spotify.com/track/4zI04ezdmrN0lT2pHykYrd
122,Location,Khalid,753349,https://open.spotify.com/track/152lZdxL1OR0ZMW6KquMif
123,"Sorry Not Sorry","Demi Lovato",752972,https://open.spotify.com/track/3m660poUr1chesgkkjQM7P
124,"before I close my eyes",XXXTENTACION,751568,https://open.spotify.com/track/16x9bQHw8TBNaGDyULvwad
125,66,"Lil Yachty",749925,https://open.spotify.com/track/6tarvNiKnEjYMj1VZhlDqR
126,Contra,Logic,743155,https://open.spotify.com/track/7u90MSvVyEjL0c8icaE7jl
127,goosebumps,"Travis Scott",736000,https://open.spotify.com/track/6gBFPUFcJLzWGx4lenP6h2
128,"Báilame - Remix",Nacho,730290,https://open.spotify.com/track/3VClLWqNn80Llv0PJOsKgr
129,"More Than You Know","Axwell /\ Ingrosso",729894,https://open.spotify.com/track/71bBFbfn2OBK5QwUJSLS44
130,"One Dance",Drake,726730,https://open.spotify.com/track/1xznGGDReH1oQq0xzbwXa3
131,MotorSport,Migos,724152,https://open.spotify.com/track/4wFjTWCunQFKtukqrNijEt
132,Mayores,"Becky G",718784,https://open.spotify.com/track/7JNh1cfm0eXjqFVOzKLyau
133,"Despacito - Remix","Luis Fonsi",713683,https://open.spotify.com/track/5CtI0qwDJkDQGwXD1H1cLb
134,"Whatever It Takes","Imagine Dragons",711276,https://open.spotify.com/track/7F3uo3304R2CTvOseU3H7u
135,"Suena El Dembow","Joey Montana",710945,https://open.spotify.com/track/5TysCiZtv1HnSWcTcUFusI
136,"Plain Jane","A$AP Ferg",700268,https://open.spotify.com/track/4dVpf9jZjcORqGTLUaeYj9
137,"Bartier Cardi (feat. 21 Savage)","Cardi B",698724,https://open.spotify.com/track/75FDPwaULRdYDn4StFN2rT
138,"Bodak Yellow","Cardi B",694649,https://open.spotify.com/track/2771LMNxwf62FTAdpJMQfM
139,"Déjate Llevar","Juan Magán",690441,https://open.spotify.com/track/3xWEI23MLJrD0dpDcDUTW6
140,"New Freezer (feat. Kendrick Lamar)","Rich The Kid",688483,https://open.spotify.com/track/4pYZLpX23Vx8rwDpJCpPTA
141,"Bounce Out With That FT. YBN Nahmir","DJ A1",687775,https://open.spotify.com/track/00gpGR84M27moP7AFuqHIx
142,SUTRA,"Sebastian Yatra",677373,https://open.spotify.com/track/5TmZYdHW6HJ9gt7Aokuql5
143,Closer,"The Chainsmokers",675958,https://open.spotify.com/track/7BKLCZ1jbUBVqRi2FVlTVw
144,"love yourself (interlude)",XXXTENTACION,674899,https://open.spotify.com/track/1Znlc3UZAbSodFaMBjdpsX
145,"Sky Walker",Miguel,673854,https://open.spotify.com/track/5WoaF1B5XIEnWfmb5NZikf
146,"Thinking Out Loud","Ed Sheeran",672521,https://open.spotify.com/track/1Slwb6dOYkBlWal1PGtnNg
147,"Que Va","Alex Sensation",670990,https://open.spotify.com/track/7ofxPmTNMj2GP07g1VZa0O
148,"LOVE. FEAT. ZACARI.","Kendrick Lamar",670274,https://open.spotify.com/track/6PGoSes0D9eUDeeAafB2As
149,"BUTTERFLY EFFECT","Travis Scott",669055,https://open.spotify.com/track/1yxgsra98r3qAtxqiGZPiX
150,"X (with 2 Chainz & Saudi)","ScHoolboy Q",665614,https://open.spotify.com/track/4LmAnpjlhWTahvRkYR8xJa
151,"Walk It Talk It",Migos,656480,https://open.spotify.com/track/6n4U3TlzUGhdSFbUUhTvLP
152,"That's What I Like","Bruno Mars",655547,https://open.spotify.com/track/0KKkJNfGyhkQ5aFogxQAPU
153,Ahora,"J Balvin",654601,https://open.spotify.com/track/54OB85nuxYGfl7qRQXuz7c
154,"Fuck Love (feat. Trippie Redd)",XXXTENTACION,652540,https://open.spotify.com/track/7AQim7LbvFVZJE3O8TYgf2
155,"There's Nothing Holdin' Me Back","Shawn Mendes",652187,https://open.spotify.com/track/79cuOz3SPQTuFrp8WgftAu
156,"Robarte un Beso","Carlos Vives",646713,https://open.spotify.com/track/0JcNysfWVWaMS7R6vzGB2k
157,Stargazing,Kygo,644913,https://open.spotify.com/track/0Zbbxnx4SGGHoIow4PpISP
158,"Done For Me (feat. Kehlani)","Charlie Puth",642765,https://open.spotify.com/track/76S09sHj7GGMJAtOLjmVQ2
159,"Top Off","DJ Khaled",639055,https://open.spotify.com/track/1W6wxOOYyJyyok8fqYSZ3m
160,"Symphony (feat. Zara Larsson)","Clean Bandit",638463,https://open.spotify.com/track/1x5sYLZiu9r5E43kMlt9f8
161,"Strip That Down","Liam Payne",634976,https://open.spotify.com/track/6EpRaXYhGOB3fj4V2uDkMJ
162,"Red Roses (feat. Landon Cube)","Lil Skies",626453,https://open.spotify.com/track/3ZhTT6yjZwpPph5MIJ53XY
163,"Want You Back","5 Seconds of Summer",621048,https://open.spotify.com/track/2Pvr8rYuh5J8V7QglJhH6W
164,Photograph,"Ed Sheeran",619547,https://open.spotify.com/track/6fxVffaTuwjgEk5h9QyRjy
165,"Escápate Conmigo (feat. Ozuna)",Wisin,615831,https://open.spotify.com/track/1KSqYYJFyfTecXFk9M0prc
166,Dreamer,"Axwell /\ Ingrosso",611530,https://open.spotify.com/track/7hvxMYq9JW5W0vFwiu1Zdr
167,schizophrenia,XXXTENTACION,609232,https://open.spotify.com/track/5b6zjsBrZCqe6RFycLz2tc
168,Issues,"Julia Michaels",608243,https://open.spotify.com/track/7vu0JkJh0ldukEYbTVcqd0
169,"Vai malandra (feat. Tropkillaz & DJ Yuri Martins)",Anitta,603406,https://open.spotify.com/track/6u0EAxf1OJTLS7CvInuNd7
170,Beautiful,Bazzi,602648,https://open.spotify.com/track/1OilOIju6R9ia8vilNjChh
171,"Miss You (with Major Lazer & Tory Lanez)","Cashmere Cat",597037,https://open.spotify.com/track/0as7lPxkBPctZ7uVmchRNM
172,"Despacito (Featuring Daddy Yankee)","Luis Fonsi",593622,https://open.spotify.com/track/4aWmUDTfIPGksMNLV2rQP2
173,Nevermind,"Dennis Lloyd",592317,https://open.spotify.com/track/63SevszngYpZOwf63o61K4
174,"Everybody Dies In Their Nightmares",XXXTENTACION,590737,https://open.spotify.com/track/3GVkPk8mqxz0itaAriG1L7
175,"Lonely Together (feat. Rita Ora)",Avicii,590058,https://open.spotify.com/track/2OALaHcDdKkjYEpAr0Qzab
176,"I'm the One (feat. Justin Bieber, Quavo, Chance the Rapper & Lil Wayne)","DJ Khaled",589174,https://open.spotify.com/track/3DXncPQOG4VBw3QHh3S817
177,Passionfruit,Drake,589018,https://open.spotify.com/track/5mCPDVBb16L4XQwDdbRUpz
178,"Go Flex","Post Malone",588798,https://open.spotify.com/track/5yuShbu70mtHXY0yLzCQLQ
179,"Getting Over You",Lauv,586845,https://open.spotify.com/track/2BNkTvg1kHAAfGvqh56x5a
180,Barking,Ramz,585992,https://open.spotify.com/track/7amMgNDcObIDkIXv4xcvc2
181,Midnight,Logic,585783,https://open.spotify.com/track/1GtVGc1UYin3zpMUdNSSpM
182,Africa,Toto,582837,https://open.spotify.com/track/2374M0fQpWi3dLnB54qaLX
183,"Roll In Peace (feat. XXXTENTACION)","Kodak Black",579332,https://open.spotify.com/track/40oKW22ZNNkEdZLJTScaQI
184,Vuelve,"Daddy Yankee",577521,https://open.spotify.com/track/0lJCqIx5BhZtf6QtYI2fbv
185,"Felices los 4",Maluma,569588,https://open.spotify.com/track/0qYTZCo5Bwh1nsUFGZP3zn
186,"The Greatest Show","Hugh Jackman",568828,https://open.spotify.com/track/43ay9lQZ5rfNcOOHhRF2cM
187,"Mask Off",Future,567744,https://open.spotify.com/track/0VgkVdmE4gld66l8iyGjgx
188,"Codeine Dreaming (feat. Lil Wayne)","Kodak Black",566289,https://open.spotify.com/track/4DTpngLjoHj5gFxEZFeD3J
189,Starboy,"The Weeknd",565151,https://open.spotify.com/track/5aAx2yezTd8zXrkmtKl66Z
190,"Swalla (feat. Nicki Minaj & Ty Dolla $ign)","Jason Derulo",563358,https://open.spotify.com/track/6kex4EBAj0WHXDKZMEJaaF
191,"Wonderwall - Remastered",Oasis,563086,https://open.spotify.com/track/5qqabIl2vWzo9ApSC317sa
192,"Leave a Light On","Tom Walker",562504,https://open.spotify.com/track/6lOWoTqVnAWXchddtTH31W
193,"Ta Tum Tum","MC Kevinho",562226,https://open.spotify.com/track/6etab3UBCo5GOTMZqUvRka
194,Overnight,Logic,560148,https://open.spotify.com/track/3s3VVLE1kB7Xk2AoJKlGmr
195,"Wild Thoughts (feat. Rihanna & Bryson Tiller)","DJ Khaled",559824,https://open.spotify.com/track/1OAh8uOEOvTDqkKFsKksCi
196,"La Player (Bandolera)","Zion & Lennox",558668,https://open.spotify.com/track/0VKkyBKCXyR99navhVRqcP
197,"I Don’t Wanna Live Forever (Fifty Shades Darker) - From ""Fifty Shades Darker (Original Motion Picture Soundtrack)""",ZAYN,556947,https://open.spotify.com/track/3NdDpSvN911VPGivFlV5d0
198,"I Get The Bag (feat. Migos)","Gucci Mane",556254,https://open.spotify.com/track/1XRgIKC5TPwo7nWGyKqgG0
199,"Havana - Remix","Camila Cabello",555226,https://open.spotify.com/track/3whrwq4DtvucphBPUogRuJ
200,"You Owe Me","The Chainsmokers",553202,https://open.spotify.com/track/1USJRpWDFhxwhCajPXBeel
