,,,"Note that these figures are generated using a formula that protects against any artificial inflation of chart positions.",
Position,"Track Name",Artist,Streams,URL
1,"This Is America","Childish Gambino",4926627,https://open.spotify.com/track/0b9oOr2ZgvyQu88wzixux9
2,"Better Now","Post Malone",4657432,https://open.spotify.com/track/7dt6x5M1jzdTEt8oCbisTK
3,"One Kiss (with Dua Lipa)","Calvin Harris",4194881,https://open.spotify.com/track/7ef4DlsgrMEH11cDZd32M6
4,"Nice For What",Drake,4116232,https://open.spotify.com/track/1cTZMwcBJT0Ka3UJPXOeeN
5,"no tears left to cry","Ariana Grande",3662930,https://open.spotify.com/track/5SxkdsY1ufZzoq9iXceLw9
6,"God's Plan",Drake,3512113,https://open.spotify.com/track/2XW4DbS6NddZxRPm5rMCeY
7,"Psycho (feat. Ty Dolla $ign)","Post Malone",3345721,https://open.spotify.com/track/3swc6WTsr7rl9DqQKQA55C
8,FRIENDS,Marshmello,2980957,https://open.spotify.com/track/08bNPGLD8AhKpnnERrAc6G
9,X,"Nicky Jam",2785500,https://open.spotify.com/track/39N9RPD9MRb5WmoLzNzPeA
10,"I Like It","Cardi B",2685756,https://open.spotify.com/track/58q2HKrzhC3ozto2nDdN4z
11,"Te Boté - Remix","Nio Garcia",2587972,https://open.spotify.com/track/3V8UKqhEK5zBkBb6d6ub8i
12,"rockstar (feat. 21 Savage)","Post Malone",2512940,https://open.spotify.com/track/0e7ipj03S05BNilyu5bRzt
13,"The Middle",Zedd,2479846,https://open.spotify.com/track/2ARqIya5NAuvFVHSN3bL0m
14,"Love Lies (with Normani)",Khalid,2278031,https://open.spotify.com/track/45Egmo7icyopuzJN0oMEdk
15,"Freaky Friday (feat. Chris Brown)","Lil Dicky",2252621,https://open.spotify.com/track/10Igtw8bSDyyFs7KIsKngZ
16,Paranoid,"Post Malone",2165883,https://open.spotify.com/track/3fpVWegR6YOS1Yk5HSMYIq
17,"Call Out My Name","The Weeknd",2118490,https://open.spotify.com/track/1gm616Plq4ScqNi7TVkZ5N
18,"Look Alive (feat. Drake)","BlocBoy JB",2104391,https://open.spotify.com/track/4qKcDkK6siZ7Jp1Jb4m0aL
19,Nevermind,"Dennis Lloyd",2058638,https://open.spotify.com/track/63SevszngYpZOwf63o61K4
20,"Back To You - From 13 Reasons Why – Season 2 Soundtrack","Selena Gomez",2028103,https://open.spotify.com/track/4hQ6UGyWQIGJmHSo0J88JW
21,IDGAF,"Dua Lipa",1948061,https://open.spotify.com/track/76cy1WJvNGJTj78UqeA5zr
22,"These Days (feat. Jess Glynne, Macklemore & Dan Caplen)",Rudimental,1906304,https://open.spotify.com/track/5CLGzJsGqhCEECcpnFQA8x
23,OTW,Khalid,1884339,https://open.spotify.com/track/6Hgh47WXVKtXN5zGOu0hjI
24,Flames,"David Guetta",1857463,https://open.spotify.com/track/33IOhptvC2Qoy2UhjiHXLV
25,"In My Blood","Shawn Mendes",1730475,https://open.spotify.com/track/79jX8RM5CgPqDKdGEKNW9K
26,"Remind Me to Forget",Kygo,1728932,https://open.spotify.com/track/6xTU6B6nFwKKTSZ9ySXS80
27,Stay,"Post Malone",1681965,https://open.spotify.com/track/4H7WNRErSbONkM06blBoGc
28,"Spoil My Night (feat. Swae Lee)","Post Malone",1671654,https://open.spotify.com/track/5VuxWXbt7XENQCtE9TzpTv
29,SAD!,XXXTENTACION,1670798,https://open.spotify.com/track/3ee8Jmje8o58CHK66QrVC2
30,Youngblood,"5 Seconds of Summer",1662707,https://open.spotify.com/track/55S2PQgSMYAhgoTCcGCDfw
31,"Meant to Be (feat. Florida Georgia Line)","Bebe Rexha",1613139,https://open.spotify.com/track/7iDa6hUg2VgEL1o1HjmfBn
32,"Me Niego",Reik,1613136,https://open.spotify.com/track/6jA8JUuPCGYjFcgw0AoM5T
33,"All The Stars (with SZA)","Kendrick Lamar",1597112,https://open.spotify.com/track/3GCdLUSnKSMJhs4Tj6CV3s
34,"Youth (feat. Khalid)","Shawn Mendes",1589472,https://open.spotify.com/track/3Wf2YGdYT8xVdNsQSoRKk9
35,"Playinwitme (feat. Kehlani)",KYLE,1572997,https://open.spotify.com/track/43cFjTTCD9Cni4aSL0sORz
36,"Ball For Me (feat. Nicki Minaj)","Post Malone",1560123,https://open.spotify.com/track/6IaieqiCVvsNvEt6Y7yOFa
37,"Walk It Talk It",Migos,1540323,https://open.spotify.com/track/6n4U3TlzUGhdSFbUUhTvLP
38,"Rich & Sad","Post Malone",1537619,https://open.spotify.com/track/2VdT56BGpdqNHUgOe1j5vc
39,Mine,Bazzi,1519565,https://open.spotify.com/track/7uzmGiiJyRfuViKKK3lVmR
40,"Plug Walk","Rich The Kid",1471601,https://open.spotify.com/track/6mAz8D1TmlTuef90dbNIiZ
41,"Watch (feat. Lil Uzi Vert & Kanye West)","Travis Scott",1468924,https://open.spotify.com/track/3DoBTwfr8yi2LN08SBpFkN
42,Havana,"Camila Cabello",1457134,https://open.spotify.com/track/1rfofaqEpACxVEHIZBJe6W
43,2002,Anne-Marie,1450312,https://open.spotify.com/track/6SFStUDQZNaGPKWOx9ZiJB
44,"Like I Do","David Guetta",1362039,https://open.spotify.com/track/6RnkFd8Fqqgk1Uni8RgqCQ
45,"1, 2, 3 (feat. Jason Derulo & De La Ghetto)","Sofia Reyes",1360565,https://open.spotify.com/track/4QtiVmuA88tPQiCOHZuQ5b
46,KOD,"J. Cole",1352850,https://open.spotify.com/track/7yotKA30dwTKNEGomV9ZsI
47,"Candy Paint","Post Malone",1342524,https://open.spotify.com/track/32lItqlMi4LBhb4k0BaSaC
48,"Over Now","Post Malone",1306524,https://open.spotify.com/track/09IOPhEh1OMe0HD9b36FJk
49,"Shape of You","Ed Sheeran",1306001,https://open.spotify.com/track/7qiZfU4dY1lWllzX7mPBI3
50,"Yes Indeed","Lil Baby",1292650,https://open.spotify.com/track/1wsf1YFQSYND45y0GzJmf7
51,"New Rules","Dua Lipa",1278064,https://open.spotify.com/track/2ekn2ttSfGqwhhate0LSR0
52,"Powerglide (feat. Juicy J) - From SR3MM","Rae Sremmurd",1231899,https://open.spotify.com/track/1BuZAIO8WZpavWVbbq3Lci
53,"Ric Flair Drip (& Metro Boomin)",Offset,1193468,https://open.spotify.com/track/7sO5G9EABYOXQKNPNiE9NR
54,Dura,"Daddy Yankee",1190553,https://open.spotify.com/track/2j2fIJGh4PMdXt9ULI5Tlc
55,"Mad Love","Sean Paul",1183939,https://open.spotify.com/track/3soOPBuMK8YMdWnV7xpEyf
56,"Girls (feat. Cardi B, Bebe Rexha & Charli XCX)","Rita Ora",1179725,https://open.spotify.com/track/1YNQscOx6OqBQjxgJVhEeW
57,JAPAN,"Famous Dex",1175149,https://open.spotify.com/track/5PTG6rrL6EPFD9E2QMI2pl
58,Familiar,"Liam Payne",1158612,https://open.spotify.com/track/0Y4hwUppbGc8aIBmiTz30A
59,"Zack And Codeine","Post Malone",1133252,https://open.spotify.com/track/5lZZmityu9TAjNvSY6GLhR
60,"Let Me",ZAYN,1117390,https://open.spotify.com/track/7Fg342AJtNsIDdwCfX0paC
61,"92 Explorer","Post Malone",1114742,https://open.spotify.com/track/1D2L6MefbXon28PzIk9I3r
62,"Dura - Remix","Daddy Yankee",1112014,https://open.spotify.com/track/6U2NuJILEOEpW2tVCuqKHb
63,"Same Bitches (feat. G-Eazy & YG)","Post Malone",1106382,https://open.spotify.com/track/688QpQAwqsLdBR6lr13wK1
64,Somebody,"The Chainsmokers",1090061,https://open.spotify.com/track/3pWcj8hxj3fsb9TDAcMpEl
65,"Échame La Culpa","Luis Fonsi",1089405,https://open.spotify.com/track/1zsG4eaZmkA1dvjDDsAGLK
66,"I Fall Apart","Post Malone",1086628,https://open.spotify.com/track/75ZvA4QfFiZvzhj2xkaWAh
67,Perfect,"Ed Sheeran",1075113,https://open.spotify.com/track/0tgVpDi06FyKpA1z0VMD4v
68,"Síguelo Bailando",Ozuna,1066318,https://open.spotify.com/track/5Y9fnynLlIvqtM710MHzfz
69,"lovely (with Khalid)","Billie Eilish",1046979,https://open.spotify.com/track/0u2P5u6lvoDfwTYjAADbn4
70,"Takin' Shots","Post Malone",1041830,https://open.spotify.com/track/5ffntNJnJOeFv7b7DCd0Bw
71,"Sin Pijama","Becky G",983490,https://open.spotify.com/track/2ijef6ni2amuunRoKTlgww
72,"Wake Me Up - Radio Edit",Avicii,975779,https://open.spotify.com/track/6g1NlCpW7fgqDnWbCCDrHl
73,"El Préstamo",Maluma,975174,https://open.spotify.com/track/0QS5rZpm5zN9wV9lJgjyUE
74,"Déjala Que Vuelva (feat. Manuel Turizo)","Piso 21",968021,https://open.spotify.com/track/1j6xOGusnyXq3l6IryKF3G
75,"La Player (Bandolera)","Zion & Lennox",967706,https://open.spotify.com/track/0VKkyBKCXyR99navhVRqcP
76,1950,"King Princess",963990,https://open.spotify.com/track/0CZ8lquoTX2Dkg7Ak2inwA
77,Delicate,"Taylor Swift",962283,https://open.spotify.com/track/6NFyWDv5CjfwuzoCkw47Xf
78,"I Wanna Know (feat. Bea Miller)",NOTD,949739,https://open.spotify.com/track/18W92Zm1KjLCbUIszOhpkD
79,"Four Out Of Five","Arctic Monkeys",944880,https://open.spotify.com/track/5Z5nbOXhsSbySVC7WUc6y9
80,"XO TOUR Llif3","Lil Uzi Vert",940915,https://open.spotify.com/track/7GX5flRQZVHRAGd6B4TmDO
81,Believer,"Imagine Dragons",930929,https://open.spotify.com/track/7Izh7zLJGw1Nscd62Exxj4
82,Otherside,"Post Malone",928994,https://open.spotify.com/track/4qWCFTuNnmGNdY4egtb4ZY
83,Thunder,"Imagine Dragons",927981,https://open.spotify.com/track/26gceVsA1ybT8qsX3aYLEn
84,"Never Be the Same","Camila Cabello",927871,https://open.spotify.com/track/4eWQlBRaTjPPUlzacqEeoQ
85,"Genius - with Sia, Diplo & Labrinth",Sia,921390,https://open.spotify.com/track/73F87Sqh6jQWucOOvz1WFx
86,"Say Something","Justin Timberlake",919944,https://open.spotify.com/track/1LhMopPAallLeaeNutqbgS
87,Wolves,"Selena Gomez",918049,https://open.spotify.com/track/7EmGUiUaOSGDnUUQUDrOXC
88,"King's Dead (with Kendrick Lamar, Future & James Blake)","Jay Rock",899744,https://open.spotify.com/track/51rXHuKN8Loc4sUlKPODgH
89,Chun-Li,"Nicki Minaj",883710,https://open.spotify.com/track/2gTYVoQCUh0QNUaFix01ld
90,Criminal,"Natti Natasha",882202,https://open.spotify.com/track/6Za3190Sbw39BBC77WSS1C
91,"Te Amo","Piso 21",863465,https://open.spotify.com/track/2RVrdr062uLFxXwIxwdXPH
92,Bella,Wolfine,860026,https://open.spotify.com/track/3xcCix7Jv1Rp90YVmgo35D
93,"Too Good At Goodbyes","Sam Smith",856229,https://open.spotify.com/track/1mXVgsBdtIVeCLJnSnmtdV
94,"Without You (feat. Sandro Cavazza)",Avicii,856161,https://open.spotify.com/track/6WbADFqMvR8N5u0BvtsWQE
95,Moonlight,XXXTENTACION,853552,https://open.spotify.com/track/0JP9xo3adEtGSdUEISiszL
96,"Feel It Still","Portugal. The Man",852603,https://open.spotify.com/track/6QgjcU0zLnzq5OrUoSZ3OK
97,"Be Careful","Cardi B",852337,https://open.spotify.com/track/2Yl4OmDby9iitgNWZPwxkd
98,"Finesse (Remix) [feat. Cardi B]","Bruno Mars",846959,https://open.spotify.com/track/3Vo4wInECJQuz9BIBMOu8i
99,"Done For Me (feat. Kehlani)","Charlie Puth",843849,https://open.spotify.com/track/1lsBTdE6MGsKeZCD6llNu7
100,"Pray For Me (with Kendrick Lamar)","The Weeknd",842590,https://open.spotify.com/track/4ofvoCdXq99vpMZO4Cfp8x
101,Toy,Netta,841326,https://open.spotify.com/track/7vuTcvFnvlqWlWb4u60nvY
102,"Blame It On Me","Post Malone",840303,https://open.spotify.com/track/1ZemPoaj7LBj1RAQrb89EC
103,Esskeetit,"Lil Pump",839891,https://open.spotify.com/track/44KKhCyI0BGS6LvVyDqJtH
104,HUMBLE.,"Kendrick Lamar",837535,https://open.spotify.com/track/7KXjTSCq5nL1LoYtL7XAwS
105,Happier,"Ed Sheeran",823380,https://open.spotify.com/track/2RttW7RAu5nOAfq6YFvApB
106,"I'll Be There","Jess Glynne",821796,https://open.spotify.com/track/083Qf6hn6sFL6xiOHlZUyn
107,Dembow,"Danny Ocean",820906,https://open.spotify.com/track/2EzRdhuoPyNJDlep7lnNf2
108,Congratulations,"Post Malone",817169,https://open.spotify.com/track/3a1lNhkSLSkpJE4MSHpDu9
109,Silence,Marshmello,816080,https://open.spotify.com/track/7vGuf3Y35N4wmASOKLUVVU
110,"Madura (feat. Bad Bunny)",Cosculluela,813282,https://open.spotify.com/track/0r9d60ZYPAlFHq8qnUtkXN
111,"Jocelyn Flores",XXXTENTACION,802553,https://open.spotify.com/track/7m9OqQk4RVRkw9JJdeAw96
112,Corazón,Maluma,799676,https://open.spotify.com/track/4lESS6vuruP6a79KWRaQou
113,"Young Dumb & Broke",Khalid,797335,https://open.spotify.com/track/5Z3GHaZ6ec9bsiI5BenrbY
114,"Answerphone (feat. Yxng Bane)","Banx & Ranx",794827,https://open.spotify.com/track/1HagMz5nWk1HmevNCBOxF3
115,"Shoota (feat. Lil Uzi Vert)","Playboi Carti",790817,https://open.spotify.com/track/2BJSMvOGABRxokHKB0OI8i
116,Attention,"Charlie Puth",784562,https://open.spotify.com/track/5cF0dROlMOK5uNZtivgu50
117,Amorfoda,"Bad Bunny",777269,https://open.spotify.com/track/3ITvHA9zhZZdBJsOsAUegF
118,"Lucid Dreams","Juice WRLD",768528,https://open.spotify.com/track/32iYwQ4OYiurnGnOfJ1aEh
119,"Sugar Wraith","Post Malone",765073,https://open.spotify.com/track/0MrRAUcB8AZiB9ue2VOBYe
120,"Stir Fry",Migos,761816,https://open.spotify.com/track/2UVbBKQOdFAekPTRsnkzcf
121,Redbone,"Childish Gambino",760624,https://open.spotify.com/track/3kxfsdsCpFgN412fpnW85Y
122,"Let You Down",NF,758388,https://open.spotify.com/track/6mrKP2jyIQmM0rw6fQryjr
123,"Say You Won't Let Go","James Arthur",753691,https://open.spotify.com/track/5uCax9HTNlzGybIStD3vDh
124,Downtown,Anitta,749614,https://open.spotify.com/track/3Ga6eKrUFf12ouh9Yw3v2D
125,"All Girls Are The Same","Juice WRLD",742062,https://open.spotify.com/track/1dNyRyz1QBN9kO1etUs1PI
126,"River (feat. Ed Sheeran)",Eminem,739538,https://open.spotify.com/track/5UEnHoDYpsxlfzWLZIc7LD
127,"Audio - with Sia, Diplo & Labrinth",Sia,738805,https://open.spotify.com/track/7boPPE857KEqCIHNwFkDop
128,"Por Perro","Sebastian Yatra",735884,https://open.spotify.com/track/1XM5PgxjpYcF0JuE9nfUbS
129,Sensualidad,"Bad Bunny",723556,https://open.spotify.com/track/5hcisvFMidkMJlElTO9Qmw
130,"Dusk Till Dawn - Radio Edit",ZAYN,721757,https://open.spotify.com/track/1j4kHkkpqZRBwE0A4CN4Yv
131,Everyday,Logic,716194,https://open.spotify.com/track/4EAV2cKiqKP5UPZmY6dejk
132,Unforgettable,"French Montana",716128,https://open.spotify.com/track/3B54sVLJ402zGa6Xm4YGNe
133,"Star Treatment","Arctic Monkeys",715255,https://open.spotify.com/track/0b93tWwuoAC0nXe1CfR30I
134,"Lonely Together (feat. Rita Ora)",Avicii,715042,https://open.spotify.com/track/2OALaHcDdKkjYEpAr0Qzab
135,"One Dance",Drake,714348,https://open.spotify.com/track/1xznGGDReH1oQq0xzbwXa3
136,"Bella - Remix",Wolfine,711055,https://open.spotify.com/track/0SaYeGhSXN0dDWstyNTQ56
137,"What Lovers Do (feat. SZA)","Maroon 5",708443,https://open.spotify.com/track/3hBBKuWJfxlIlnd9QFoC8k
138,"Kevin’s Heart","J. Cole",707828,https://open.spotify.com/track/6tZ3b7ik1QDXFAZlXib0YZ
139,Breathe,"Jax Jones",703712,https://open.spotify.com/track/6tvQzeCPwOytDlBYCIOY0n
140,"I Miss You (feat. Julia Michaels)","Clean Bandit",696659,https://open.spotify.com/track/2xmrfQpmS2iJExTlklLoAL
141,"Perfect Duet (Ed Sheeran & Beyoncé)","Ed Sheeran",694434,https://open.spotify.com/track/1bhUWB0zJMIKr9yVPrkEuI
142,"Let Me Go (with Alesso, Florida Georgia Line & watt)","Hailee Steinfeld",693305,https://open.spotify.com/track/5AEtlRudpgdT5FtNiuly6Y
143,"How Long","Charlie Puth",692763,https://open.spotify.com/track/6wmAHw1szh5RCKSRjiXhPe
144,"This Is Me","Keala Settle",689770,https://open.spotify.com/track/2xGjteMU3E1tkEPVFBO08U
145,"Rewrite The Stars","Zac Efron",688697,https://open.spotify.com/track/630sXRhIcfwr2e4RdNtjKN
146,"Something Just Like This","The Chainsmokers",688336,https://open.spotify.com/track/6RUKPb4LETWmmr3iAEQktW
147,Fuego,"Eleni Foureira",684996,https://open.spotify.com/track/22ppznuzVF9LKamaaqMMqu
148,goosebumps,"Travis Scott",679176,https://open.spotify.com/track/6gBFPUFcJLzWGx4lenP6h2
149,Solita,Ozuna,677954,https://open.spotify.com/track/7rwX0O3RlxqqIjQM8evm5E
150,"Guatemala - From Swaecation","Rae Sremmurd",675143,https://open.spotify.com/track/0TCnOEVeLQMXOUrpPlM7uY
151,ATM,"J. Cole",665420,https://open.spotify.com/track/2UciqgwVDwro0fev3MFbxJ
152,"One Point Perspective","Arctic Monkeys",664288,https://open.spotify.com/track/1t67WYNfUxfOiwaz7SJ66b
153,Location,Khalid,661408,https://open.spotify.com/track/152lZdxL1OR0ZMW6KquMif
154,"Whatever It Takes","Imagine Dragons",661304,https://open.spotify.com/track/7F3uo3304R2CTvOseU3H7u
155,changes,XXXTENTACION,660106,https://open.spotify.com/track/7AFASza1mXqntmGtbxXprO
156,1-800-273-8255,Logic,658117,https://open.spotify.com/track/5tz69p7tJuGPeMGwNTxYuV
157,"I Like Me Better",Lauv,657848,https://open.spotify.com/track/1wjzFQodRWrPcQ0AnYnvQ9
158,"PICK IT UP (feat. A$AP Rocky)","Famous Dex",654911,https://open.spotify.com/track/0dSIrRkA4PadGll16TgbnV
159,Closer,"The Chainsmokers",653280,https://open.spotify.com/track/7BKLCZ1jbUBVqRi2FVlTVw
160,Ahora,"J Balvin",653278,https://open.spotify.com/track/54OB85nuxYGfl7qRQXuz7c
161,"Sorry Not Sorry","Demi Lovato",653092,https://open.spotify.com/track/3m660poUr1chesgkkjQM7P
162,"EL BAÑO","Enrique Iglesias",643472,https://open.spotify.com/track/2vvdTrdryjsl8DmPIMDWZU
163,"Bank Account","21 Savage",642702,https://open.spotify.com/track/2fQrGHiQOvpL9UgPvtYy6G
164,"More Than You Know","Axwell /\ Ingrosso",640765,https://open.spotify.com/track/71bBFbfn2OBK5QwUJSLS44
165,"El Farsante - Remix",Ozuna,630304,https://open.spotify.com/track/7uYgVgRSgqluZclLS7wpp4
166,"La Cintura","Alvaro Soler",630234,https://open.spotify.com/track/19MBk3PbNFE36wqIqkMq9H
167,"Bodak Yellow","Cardi B",629745,https://open.spotify.com/track/6KBYefIoo7KydImq1uUQlL
168,"Mi Gente","J Balvin",622697,https://open.spotify.com/track/2rb5MvYT7ZIxbKW5hfcHx8
169,"Drink About",Seeb,620076,https://open.spotify.com/track/2GGGm4MLQynB3I4E4ycIYC
170,"Lie to Me","Mikolas Josef",619404,https://open.spotify.com/track/6zBdVVksaTQeAzwfszbovz
171,"Culpable O No - Miénteme Como Siempre","Luis Miguel",615605,https://open.spotify.com/track/7BwxbmYFy0l3ROHDjV2c14
172,"Tranquility Base Hotel & Casino","Arctic Monkeys",613753,https://open.spotify.com/track/2URDbWGmPz3vhagl25p8OC
173,"Him & I (with Halsey)",G-Eazy,612905,https://open.spotify.com/track/5k38wzpLb15YgncyWdTZE4
174,"Nena Maldicion (feat. Lenny Tavarez)","Paulo Londra",603974,https://open.spotify.com/track/3TnhQSRwT3AVMdXw5JPq0x
175,"I'm Yours","Jason Mraz",600753,https://open.spotify.com/track/3S0OXQeoh0w6AY8WQVckRW
176,"Me Rehúso","Danny Ocean",595636,https://open.spotify.com/track/6De0lHrwBfPfrhorm9q1Xl
177,"New Light","John Mayer",595366,https://open.spotify.com/track/3bH4HzoZZFq8UpZmI2AMgV
178,Esperándote,"Manuel Turizo",593767,https://open.spotify.com/track/1nfyE13arjOuO54HH0zmqj
179,"You Can Cry",Marshmello,593413,https://open.spotify.com/track/3ZbJMlEL4Kcme0ONRO7Slx
180,1942,G-Eazy,590576,https://open.spotify.com/track/794QVQtFNy7hvtjQP1keQd
181,"Thinking Out Loud","Ed Sheeran",590149,https://open.spotify.com/track/1Slwb6dOYkBlWal1PGtnNg
182,Motiv8,"J. Cole",589471,https://open.spotify.com/track/1AT4xjNarTswd0UZ5FlmKF
183,Anywhere,"Rita Ora",589223,https://open.spotify.com/track/7EI6Iki24tBHAMxtb4xQN2
184,"For You (Fifty Shades Freed) (& Rita Ora)","Liam Payne",588382,https://open.spotify.com/track/5hM6sP0Gh1jD57drszNueC
185,"BUTTERFLY EFFECT","Travis Scott",587308,https://open.spotify.com/track/1yxgsra98r3qAtxqiGZPiX
186,"Fuck Love (feat. Trippie Redd)",XXXTENTACION,586231,https://open.spotify.com/track/7AQim7LbvFVZJE3O8TYgf2
187,Beautiful,Bazzi,585536,https://open.spotify.com/track/5TVirkSwFEXF1nLJEebe2I
188,Africa,Toto,585228,https://open.spotify.com/track/2374M0fQpWi3dLnB54qaLX
189,"Jettski Grizzley (feat. Lil Pump)","Tee Grizzley",582720,https://open.spotify.com/track/2VKf0WEOpq06JE5PTNr9wa
190,"To My Love - Tainy Remix","Bomba Estéreo",581506,https://open.spotify.com/track/5LciLoxa1gK70yIUeoHgRx
191,"Red Roses (feat. Landon Cube)","Lil Skies",579390,https://open.spotify.com/track/3ZhTT6yjZwpPph5MIJ53XY
192,Photograph,"Ed Sheeran",579017,https://open.spotify.com/track/6fxVffaTuwjgEk5h9QyRjy
193,"Despacito - Remix","Luis Fonsi",572172,https://open.spotify.com/track/5CtI0qwDJkDQGwXD1H1cLb
194,"That's What I Like","Bruno Mars",571676,https://open.spotify.com/track/0KKkJNfGyhkQ5aFogxQAPU
195,Betrayed,"Lil Xan",570402,https://open.spotify.com/track/4vaxvNDaLSoD36iZX515ug
196,"Duro y Suave","Leslie Grace",568475,https://open.spotify.com/track/31M5m42C3EGlbydf9XB5to
197,"Wonderwall - Remastered",Oasis,567312,https://open.spotify.com/track/5qqabIl2vWzo9ApSC317sa
198,"Sick Boy","The Chainsmokers",566970,https://open.spotify.com/track/08hm0V6cTsWDX62hW42sEv
199,"There's Nothing Holdin' Me Back","Shawn Mendes",566205,https://open.spotify.com/track/79cuOz3SPQTuFrp8WgftAu
200,"Levels - Radio Edit",Avicii,566170,https://open.spotify.com/track/5B03nSG8pLE48jh7kmasuL
