,,,"Note that these figures are generated using a formula that protects against any artificial inflation of chart positions.",
Position,"Track Name",Artist,Streams,URL
1,rockstar,"Post Malone",4168292,https://open.spotify.com/track/7wGoVu4Dady5GV0Sv4UIsx
2,Havana,"Camila Cabello",3519889,https://open.spotify.com/track/0ofbQMrRDsUaVKq2mGLEAb
3,"River (feat. Ed Sheeran)",Eminem,3270265,https://open.spotify.com/track/5UEnHoDYpsxlfzWLZIc7LD
4,"New Rules","Dua Lipa",3039841,https://open.spotify.com/track/2ekn2ttSfGqwhhate0LSR0
5,Wolves,"Selena Gomez",2965665,https://open.spotify.com/track/7EmGUiUaOSGDnUUQUDrOXC
6,"Him & I (with Halsey)",G-Eazy,2636891,https://open.spotify.com/track/5k38wzpLb15YgncyWdTZE4
7,Perfect,"Ed Sheeran",2580401,https://open.spotify.com/track/0tgVpDi06FyKpA1z0VMD4v
8,"Let You Down",NF,2558019,https://open.spotify.com/track/6mrKP2jyIQmM0rw6fQryjr
9,"Échame La Culpa","Luis Fonsi",2526079,https://open.spotify.com/track/1zsG4eaZmkA1dvjDDsAGLK
10,"What Lovers Do (feat. SZA)","Maroon 5",2460627,https://open.spotify.com/track/3hBBKuWJfxlIlnd9QFoC8k
11,"Too Good At Goodbyes","Sam Smith",2297842,https://open.spotify.com/track/1mXVgsBdtIVeCLJnSnmtdV
12,"Shape of You","Ed Sheeran",2230088,https://open.spotify.com/track/7qiZfU4dY1lWllzX7mPBI3
13,"Perfect Duet (Ed Sheeran & Beyoncé)","Ed Sheeran",2213738,https://open.spotify.com/track/1bhUWB0zJMIKr9yVPrkEuI
14,Silence,Marshmello,2173632,https://open.spotify.com/track/7vGuf3Y35N4wmASOKLUVVU
15,"I Fall Apart","Post Malone",2143280,https://open.spotify.com/track/75ZvA4QfFiZvzhj2xkaWAh
16,"Gucci Gang","Lil Pump",2106096,https://open.spotify.com/track/43ZyHQITOjhciSUUNPVRHc
17,"Let Me Go (with Alesso, Florida Georgia Line & watt)","Hailee Steinfeld",2034021,https://open.spotify.com/track/5AEtlRudpgdT5FtNiuly6Y
18,"No Limit",G-Eazy,1916834,https://open.spotify.com/track/2DQ1ITjI0YoLFzuADN1ZBW
19,Corazón,Maluma,1893329,https://open.spotify.com/track/4lESS6vuruP6a79KWRaQou
20,"Dusk Till Dawn - Radio Edit",ZAYN,1849492,https://open.spotify.com/track/1j4kHkkpqZRBwE0A4CN4Yv
21,Downtown,Anitta,1758277,https://open.spotify.com/track/3Ga6eKrUFf12ouh9Yw3v2D
22,"Bartier Cardi (feat. 21 Savage)","Cardi B",1751843,https://open.spotify.com/track/75FDPwaULRdYDn4StFN2rT
23,"Meant to Be (feat. Florida Georgia Line)","Bebe Rexha",1737845,https://open.spotify.com/track/7iDa6hUg2VgEL1o1HjmfBn
24,Sensualidad,"Bad Bunny",1694031,https://open.spotify.com/track/5hcisvFMidkMJlElTO9Qmw
25,"How Long","Charlie Puth",1672167,https://open.spotify.com/track/32DGGj6KlNuBr6WaqRxpxi
26,"I Miss You (feat. Julia Michaels)","Clean Bandit",1651019,https://open.spotify.com/track/2xmrfQpmS2iJExTlklLoAL
27,Thunder,"Imagine Dragons",1631316,https://open.spotify.com/track/0tKcYR2II1VCQWT79i5NrW
28,Criminal,"Natti Natasha",1590837,https://open.spotify.com/track/6Za3190Sbw39BBC77WSS1C
29,"Young Dumb & Broke",Khalid,1571183,https://open.spotify.com/track/5Z3GHaZ6ec9bsiI5BenrbY
30,"XO TOUR Llif3","Lil Uzi Vert",1541611,https://open.spotify.com/track/7GX5flRQZVHRAGd6B4TmDO
31,"Candy Paint","Post Malone",1501779,https://open.spotify.com/track/42CeaId2XNlxugDvyqHfDf
32,"Feel It Still","Portugal. The Man",1450799,https://open.spotify.com/track/6QgjcU0zLnzq5OrUoSZ3OK
33,"Mi Gente","J Balvin",1445799,https://open.spotify.com/track/2rb5MvYT7ZIxbKW5hfcHx8
34,Congratulations,"Post Malone",1431023,https://open.spotify.com/track/3a1lNhkSLSkpJE4MSHpDu9
35,Unforgettable,"French Montana",1427506,https://open.spotify.com/track/3B54sVLJ402zGa6Xm4YGNe
36,"Never Be the Same","Camila Cabello",1414735,https://open.spotify.com/track/6VpQdig9pdpTSIFItgkJV5
37,1-800-273-8255,Logic,1388010,https://open.spotify.com/track/5tz69p7tJuGPeMGwNTxYuV
38,"Déjala Que Vuelva (feat. Manuel Turizo)","Piso 21",1387630,https://open.spotify.com/track/33bnxcjePIkcmNjEFTJX0l
39,Stargazing,Kygo,1370792,https://open.spotify.com/track/0Zbbxnx4SGGHoIow4PpISP
40,"So Far Away (feat. Jamie Scott & Romy Dya)","Martin Garrix",1367517,https://open.spotify.com/track/0OlnLZY4cmQzT6ZGttvWBM
41,"Ric Flair Drip (& Metro Boomin)",Offset,1364807,https://open.spotify.com/track/7sO5G9EABYOXQKNPNiE9NR
42,"Se Preparó",Ozuna,1364267,https://open.spotify.com/track/1m69ELEgE6k5ZWsap40ozt
43,Anywhere,"Rita Ora",1348405,https://open.spotify.com/track/7EI6Iki24tBHAMxtb4xQN2
44,HUMBLE.,"Kendrick Lamar",1316267,https://open.spotify.com/track/7KXjTSCq5nL1LoYtL7XAwS
45,"Me Rehúso","Danny Ocean",1276686,https://open.spotify.com/track/6De0lHrwBfPfrhorm9q1Xl
46,Mayores,"Becky G",1260791,https://open.spotify.com/track/7JNh1cfm0eXjqFVOzKLyau
47,"Man's Not Hot","Big Shaq",1236852,https://open.spotify.com/track/2nUJvBO87SkxCViQsLc9Zr
48,"Something Just Like This","The Chainsmokers",1189036,https://open.spotify.com/track/6RUKPb4LETWmmr3iAEQktW
49,"Bank Account","21 Savage",1188697,https://open.spotify.com/track/2fQrGHiQOvpL9UgPvtYy6G
50,Attention,"Charlie Puth",1150869,https://open.spotify.com/track/4iLqG9SeJSnt0cSPICSjxv
51,"Despacito - Remix","Luis Fonsi",1139068,https://open.spotify.com/track/5CtI0qwDJkDQGwXD1H1cLb
52,"Vai malandra (feat. Tropkillaz & DJ Yuri Martins)",Anitta,1133407,https://open.spotify.com/track/6u0EAxf1OJTLS7CvInuNd7
53,"Tip Toe (feat. French Montana)","Jason Derulo",1131097,https://open.spotify.com/track/2z4pcBLQXF2BXKFvd0BuB6
54,"All Falls Down","Alan Walker",1128474,https://open.spotify.com/track/5yFSF6qQA1rcLsQRnBsZgb
55,"Lonely Together (feat. Rita Ora)",Avicii,1109330,https://open.spotify.com/track/2OALaHcDdKkjYEpAr0Qzab
56,"Sorry Not Sorry","Demi Lovato",1109101,https://open.spotify.com/track/3m660poUr1chesgkkjQM7P
57,"Havana - Remix","Camila Cabello",1100712,https://open.spotify.com/track/3whrwq4DtvucphBPUogRuJ
58,"Codeine Dreaming (feat. Lil Wayne)","Kodak Black",1067275,https://open.spotify.com/track/4DTpngLjoHj5gFxEZFeD3J
59,"I Like Me Better",Lauv,1060433,https://open.spotify.com/track/1wjzFQodRWrPcQ0AnYnvQ9
60,"LOVE. FEAT. ZACARI.","Kendrick Lamar",1059134,https://open.spotify.com/track/6PGoSes0D9eUDeeAafB2As
61,"Home (with Machine Gun Kelly, X Ambassadors & Bebe Rexha)","Machine Gun Kelly",1042952,https://open.spotify.com/track/0OI7AFifLSoGzpb8bdBLLV
62,"Perro Fiel (feat. Nicky Jam)",Shakira,1034124,https://open.spotify.com/track/70lnL3QaSOIIyMa2X9aVRL
63,"More Than You Know","Axwell /\ Ingrosso",1030123,https://open.spotify.com/track/71bBFbfn2OBK5QwUJSLS44
64,Believer,"Imagine Dragons",1023353,https://open.spotify.com/track/0CcQNd8CINkwQfe1RDtGV6
65,MotorSport,Migos,1011456,https://open.spotify.com/track/1YZfcVLbbJwfizR5cDOp3q
66,"Bodak Yellow","Cardi B",980450,https://open.spotify.com/track/2771LMNxwf62FTAdpJMQfM
67,"Tell Me You Love Me","Demi Lovato",974271,https://open.spotify.com/track/5Htb1uFQ1KrkFXlefS8oGj
68,"Que Va","Alex Sensation",967451,https://open.spotify.com/track/7ofxPmTNMj2GP07g1VZa0O
69,IDGAF,"Dua Lipa",947897,https://open.spotify.com/track/76cy1WJvNGJTj78UqeA5zr
70,"Plain Jane","A$AP Ferg",943766,https://open.spotify.com/track/4dVpf9jZjcORqGTLUaeYj9
71,"PICK IT UP (feat. A$AP Rocky)","Famous Dex",937112,https://open.spotify.com/track/3ncgNpxLoBQ65ABk4djDyd
72,"Friends (with BloodPop®)","Justin Bieber",934531,https://open.spotify.com/track/7nZmah2llfvLDiUjm0kiyz
73,"Báilame - Remix",Nacho,923686,https://open.spotify.com/track/3VClLWqNn80Llv0PJOsKgr
74,"There's Nothing Holdin' Me Back","Shawn Mendes",921917,https://open.spotify.com/track/79cuOz3SPQTuFrp8WgftAu
75,"Bum Bum Tam Tam","MC Fioti",906716,https://open.spotify.com/track/4zWO4gvuFtw6EJZC5FFGlr
76,"Say You Won't Let Go","James Arthur",890746,https://open.spotify.com/track/5uCax9HTNlzGybIStD3vDh
77,Betrayed,"Lil Xan",885718,https://open.spotify.com/track/6NWl2m8asvH83xjuXVNsuG
78,"Felices los 4",Maluma,881824,https://open.spotify.com/track/0qYTZCo5Bwh1nsUFGZP3zn
79,"Real Friends","Camila Cabello",879866,https://open.spotify.com/track/4V6MRo0CEAC9MwAm7dkPuL
80,"Bad At Love",Halsey,879235,https://open.spotify.com/track/7y9iMe8SOB6z3NoHE2OfXl
81,"Finesse (Remix) [feat. Cardi B]","Bruno Mars",875058,https://open.spotify.com/track/3Vo4wInECJQuz9BIBMOu8i
82,"Suena El Dembow","Joey Montana",873654,https://open.spotify.com/track/5TysCiZtv1HnSWcTcUFusI
83,"Sky Walker",Miguel,867074,https://open.spotify.com/track/5WoaF1B5XIEnWfmb5NZikf
84,"Escápate Conmigo (feat. Ozuna)",Wisin,865353,https://open.spotify.com/track/1KSqYYJFyfTecXFk9M0prc
85,"This Is Me","Keala Settle",862193,https://open.spotify.com/track/2xGjteMU3E1tkEPVFBO08U
86,"Symphony (feat. Zara Larsson)","Clean Bandit",847127,https://open.spotify.com/track/1x5sYLZiu9r5E43kMlt9f8
87,Naked,"James Arthur",843259,https://open.spotify.com/track/7krbSH3rd8lhIZvuzTV3Bl
88,"Jocelyn Flores",XXXTENTACION,842423,https://open.spotify.com/track/7m9OqQk4RVRkw9JJdeAw96
89,"Rewrite The Stars","Zac Efron",840862,https://open.spotify.com/track/630sXRhIcfwr2e4RdNtjKN
90,goosebumps,"Travis Scott",832942,https://open.spotify.com/track/6gBFPUFcJLzWGx4lenP6h2
91,"End Game","Taylor Swift",832506,https://open.spotify.com/track/2x0WlnmfG39ZuDmstl9xfX
92,"BUTTERFLY EFFECT","Travis Scott",832317,https://open.spotify.com/track/1yxgsra98r3qAtxqiGZPiX
93,"Galway Girl","Ed Sheeran",829203,https://open.spotify.com/track/0afhq8XCExXpqazXczTSve
94,"Robarte un Beso","Carlos Vives",827378,https://open.spotify.com/track/0JcNysfWVWaMS7R6vzGB2k
95,"MIC Drop (feat. Desiigner) [Steve Aoki Remix]",BTS,816951,https://open.spotify.com/track/7Ed6BkggCS2KaKY5YlINaF
96,Location,Khalid,816364,https://open.spotify.com/track/152lZdxL1OR0ZMW6KquMif
97,"Strip That Down","Liam Payne",816003,https://open.spotify.com/track/6EpRaXYhGOB3fj4V2uDkMJ
98,"That's What I Like","Bruno Mars",803697,https://open.spotify.com/track/0KKkJNfGyhkQ5aFogxQAPU
99,"I'm the One (feat. Justin Bieber, Quavo, Chance the Rapper & Lil Wayne)","DJ Khaled",796828,https://open.spotify.com/track/3DXncPQOG4VBw3QHh3S817
100,Feels,"Calvin Harris",795232,https://open.spotify.com/track/5bcTCxgc7xVfSaMV3RuVke
101,"Glorious (feat. Skylar Grey)",Macklemore,784810,https://open.spotify.com/track/0CokSRCu5hZgPxcZBaEzVE
102,SUTRA,"Sebastian Yatra",782662,https://open.spotify.com/track/5TmZYdHW6HJ9gt7Aokuql5
103,Vuelve,"Daddy Yankee",781223,https://open.spotify.com/track/0lJCqIx5BhZtf6QtYI2fbv
104,Closer,"The Chainsmokers",772604,https://open.spotify.com/track/7BKLCZ1jbUBVqRi2FVlTVw
105,"It Ain't Me (with Selena Gomez)",Kygo,763863,https://open.spotify.com/track/3eR23VReFzcdmS7TYCrhCe
106,"Look What You Made Me Do","Taylor Swift",761105,https://open.spotify.com/track/5troof8mcGO3AafoDbk1gc
107,"Despacito (Featuring Daddy Yankee)","Luis Fonsi",758383,https://open.spotify.com/track/4aWmUDTfIPGksMNLV2rQP2
108,"Wild Thoughts (feat. Rihanna & Bryson Tiller)","DJ Khaled",757221,https://open.spotify.com/track/1OAh8uOEOvTDqkKFsKksCi
109,"Dirty Sexy Money (feat. Charli XCX & French Montana)","David Guetta",757066,https://open.spotify.com/track/0tPQPaOKM32WgMSbPCYyRH
110,"The Greatest Show","Hugh Jackman",753576,https://open.spotify.com/track/43ay9lQZ5rfNcOOHhRF2cM
111,Bonita,"J Balvin",750749,https://open.spotify.com/track/693iqPOQvhI7PobtR8CC8v
112,"Bella y Sensual","Romeo Santos",747554,https://open.spotify.com/track/0ERbK7qVqveCaBWIiYCrl3
113,Photograph,"Ed Sheeran",743881,https://open.spotify.com/track/6fxVffaTuwjgEk5h9QyRjy
114,"I Get The Bag (feat. Migos)","Gucci Mane",736958,https://open.spotify.com/track/1XRgIKC5TPwo7nWGyKqgG0
115,Mama,"Jonas Blue",736835,https://open.spotify.com/track/0NiXXAI876aGImAd6rTj8w
116,Wait,"Maroon 5",736308,https://open.spotify.com/track/1Qg9jWGDkKAGZXj5v2OG59
117,"Whatever It Takes","Imagine Dragons",718723,https://open.spotify.com/track/4IWAyPf1KMq7JCyGeCjTeH
118,"Go Flex","Post Malone",703517,https://open.spotify.com/track/5yuShbu70mtHXY0yLzCQLQ
119,"What About Us",P!nk,701832,https://open.spotify.com/track/0Qh38w01QRXK6KHIv0e3hb
120,Sober,G-Eazy,701414,https://open.spotify.com/track/3qk4wRMDlaeagZGjSYbsOV
121,"Swalla (feat. Nicki Minaj & Ty Dolla $ign)","Jason Derulo",696234,https://open.spotify.com/track/6kex4EBAj0WHXDKZMEJaaF
122,Bella,Wolfine,692340,https://open.spotify.com/track/4R55IUi2x7S5ek2SpebOiE
123,"Never Enough","Loren Allred",689586,https://open.spotify.com/track/0Gl5s8IhMmQE5YQwM8Qx1J
124,"Without You (feat. Sandro Cavazza)",Avicii,683613,https://open.spotify.com/track/6WbADFqMvR8N5u0BvtsWQE
125,"Thinking Out Loud","Ed Sheeran",681250,https://open.spotify.com/track/1Slwb6dOYkBlWal1PGtnNg
126,"Una Lady Como Tú","Manuel Turizo",679034,https://open.spotify.com/track/7MHN1aCFtLXjownGhvEQlF
127,"Mask Off",Future,674817,https://open.spotify.com/track/0VgkVdmE4gld66l8iyGjgx
128,"3 A.M.","Jesse & Joy",668040,https://open.spotify.com/track/0yyZN5ASdrYu0XYWFzfxUu
129,"A Million Dreams","Ziv Zaifman",667576,https://open.spotify.com/track/0RoA7ObU6phWpqhlC9zH4Z
130,"I Don’t Wanna Live Forever (Fifty Shades Darker) - From ""Fifty Shades Darker (Original Motion Picture Soundtrack)""",ZAYN,665463,https://open.spotify.com/track/3NdDpSvN911VPGivFlV5d0
131,Stay,Zedd,662868,https://open.spotify.com/track/0I20rLT2MJDhcF96AjbNYo
132,"Stir Fry",Migos,659767,https://open.spotify.com/track/4fndbjoz1qJyK6JcLdKfzm
133,"One Dance",Drake,655501,https://open.spotify.com/track/1xznGGDReH1oQq0xzbwXa3
134,"Castle on the Hill","Ed Sheeran",647174,https://open.spotify.com/track/6PCUP3dWmTjcTtXY02oFdT
135,Issues,"Julia Michaels",642475,https://open.spotify.com/track/7vu0JkJh0ldukEYbTVcqd0
136,Starboy,"The Weeknd",639602,https://open.spotify.com/track/5aAx2yezTd8zXrkmtKl66Z
137,"Ahora Dice","Chris Jeday",638417,https://open.spotify.com/track/22eADXu8DfOAUEDw4vU8qy
138,"Back to You (feat. Bebe Rexha & Digital Farm Animals)","Louis Tomlinson",633918,https://open.spotify.com/track/7F9vK8hNFMml4GtHsaXui6
139,"Too Much To Ask","Niall Horan",627429,https://open.spotify.com/track/4v094LQ9eF10k2O2Te2ngK
140,"Fuck Love (feat. Trippie Redd)",XXXTENTACION,627111,https://open.spotify.com/track/7AQim7LbvFVZJE3O8TYgf2
141,"Pretty Girl - Cheat Codes X CADE Remix","Maggie Lindemann",625113,https://open.spotify.com/track/1NDxZ7cFAo481dtYWdrUnR
142,"White Iverson","Post Malone",614994,https://open.spotify.com/track/6eT7xZZlB2mwyzJ2sUKG6w
143,"Slow Hands","Niall Horan",609981,https://open.spotify.com/track/38yBBH2jacvDxrznF7h08J
144,"The Other Side","Hugh Jackman",606456,https://open.spotify.com/track/2cKovq3l6OJjhVVDbVKOsr
145,"Roll In Peace (feat. XXXTENTACION)","Kodak Black",604800,https://open.spotify.com/track/40oKW22ZNNkEdZLJTScaQI
146,"2U (feat. Justin Bieber)","David Guetta",604534,https://open.spotify.com/track/3A7qX2QjDlPnazUsRk5y0M
147,Happier,"Ed Sheeran",603332,https://open.spotify.com/track/2RttW7RAu5nOAfq6YFvApB
148,Dreamer,"Axwell /\ Ingrosso",598497,https://open.spotify.com/track/0RTzJVkunbGwuRjXDFHnjf
149,Explícale,Yandel,597690,https://open.spotify.com/track/1LszjjoVwDDZcWUQbzeDLG
150,"A Different Way (with Lauv)","DJ Snake",597521,https://open.spotify.com/track/0Wv5wuenRLI3BcwgT3HPIP
151,"Your Song","Rita Ora",595359,https://open.spotify.com/track/4c2W3VKsOFoIg2SFaO6DY5
152,"Ghostface Killers","21 Savage",592338,https://open.spotify.com/track/5u6vkDnOyaf8LsteDAj2ub
153,Redbone,"Childish Gambino",591344,https://open.spotify.com/track/3kxfsdsCpFgN412fpnW85Y
154,"Scared to Be Lonely","Martin Garrix",590618,https://open.spotify.com/track/3ebXMykcMXOcLeJ9xZ17XH
155,"No Promises (feat. Demi Lovato)","Cheat Codes",590063,https://open.spotify.com/track/1louJpMmzEicAn7lzDalPW
156,"Reggaetón Lento (Remix)",CNCO,587941,https://open.spotify.com/track/5PB8zB1MOZASboLquvinMF
157,"Slippery (feat. Gucci Mane)",Migos,587202,https://open.spotify.com/track/6p8NuHm8uCGnn2Dtbtf7zE
158,"Tú Foto",Ozuna,583821,https://open.spotify.com/track/5zSOVwaY3sVjnmLhuEfsuf
159,"Rockabye (feat. Sean Paul & Anne-Marie)","Clean Bandit",582460,https://open.spotify.com/track/5knuzwU65gJK7IF5yJsuaW
160,DNA.,"Kendrick Lamar",580751,https://open.spotify.com/track/6HZILIRieu8S0iqY8kIKhj
161,"The Way Life Goes (feat. Oh Wonder)","Lil Uzi Vert",580426,https://open.spotify.com/track/2eAZfqOm4EnOF9VvN50Tyc
162,Saint,"Huncho Jack",577464,https://open.spotify.com/track/7foypmc7KZyU716Yv63BPe
163,"Wanted You (feat. Lil Uzi Vert)",NAV,575501,https://open.spotify.com/track/790MhTXPFrYkrqCKvpg4t1
164,Passionfruit,Drake,575395,https://open.spotify.com/track/7hDc8b7IXETo14hHIHdnhd
165,"I Feel It Coming","The Weeknd",566659,https://open.spotify.com/track/5GXAXm5YOmYT0kL5jHvYBt
166,"The Weekend - Funk Wav Remix",SZA,562243,https://open.spotify.com/track/0P6AWOA4LG1XOctzaVu5tt
167,"Walk On Water (feat. Beyoncé)",Eminem,560967,https://open.spotify.com/track/5PIBgH1cUFwu5IiUk9tnN9
168,Paris,"The Chainsmokers",550418,https://open.spotify.com/track/72jbDTw1piOOj770jWNeaG
169,"Good Old Days (feat. Kesha)",Macklemore,549151,https://open.spotify.com/track/2Za1AlJNvksouPPWbXpR2X
170,"...Ready For It?","Taylor Swift",535482,https://open.spotify.com/track/2yLa0QULdQr0qAIvVwN6B5
171,Delicate,"Taylor Swift",531594,https://open.spotify.com/track/6NFyWDv5CjfwuzoCkw47Xf
172,"Lose Yourself - From ""8 Mile"" Soundtrack",Eminem,529663,https://open.spotify.com/track/7w9bgPAmPTtrkt2v16QWvQ
173,"Sign of the Times","Harry Styles",524559,https://open.spotify.com/track/5Ohxk2dO5COHF1krpoPigN
174,"Sucker for You","Matt Terry",523853,https://open.spotify.com/track/4vkVvmjIiQibQ6zJnC1Q9z
175,"24K Magic","Bruno Mars",522930,https://open.spotify.com/track/6b8Be6ljOzmkOmFslEb23P
176,"Mi Gente (feat. Beyoncé)","J Balvin",521222,https://open.spotify.com/track/7fwXWKdDNI5IutOMc5OKYw
177,"Déjate Llevar","Juan Magán",519525,https://open.spotify.com/track/3xWEI23MLJrD0dpDcDUTW6
178,"There for You","Martin Garrix",517438,https://open.spotify.com/track/6jA8HL9i4QGzsj6fjoxp8Y
179,"La Modelo",Ozuna,515773,https://open.spotify.com/track/2m2ZGfJcs3lHWNPzhWH3XH
180,"Look At Me!",XXXTENTACION,515031,https://open.spotify.com/track/6eYxmK9fdL4hwLnXG2zY3s
181,"El Farsante",Ozuna,514865,https://open.spotify.com/track/5EId1m4DNwTf3at31w8bPJ
182,"Dubai Shit","Huncho Jack",512203,https://open.spotify.com/track/6urLjX35oXXRYtcH1b3dCh
183,"Come Alive","Hugh Jackman",511828,https://open.spotify.com/track/5xNUR50KxswPRAvx7S163g
184,"Quiero Repetir",Ozuna,510681,https://open.spotify.com/track/0MIcPSq9n2z5H8TAfEstri
185,"Bad and Boujee (feat. Lil Uzi Vert)",Migos,507491,https://open.spotify.com/track/4Km5HrUvYTaSUfiSGPJeQR
186,"Síguelo Bailando",Ozuna,506156,https://open.spotify.com/track/5Y9fnynLlIvqtM710MHzfz
187,"Hey DJ",CNCO,500093,https://open.spotify.com/track/209gZgcfLq2aUuu51vOWBl
188,GUMMO,6ix9ine,500007,https://open.spotify.com/track/2vjmyyAnDUzilFYxOlTdO1
189,"We Don't Talk Anymore (feat. Selena Gomez)","Charlie Puth",498494,https://open.spotify.com/track/68EMU2RD1ECNeOeJ5qAXCV
190,"Wonderwall - Remastered",Oasis,498123,https://open.spotify.com/track/5qqabIl2vWzo9ApSC317sa
191,"From Now On","Hugh Jackman",498107,https://open.spotify.com/track/3IkWmgGsXbsafrunwPojXO
192,Chambea,"Bad Bunny",497991,https://open.spotify.com/track/6ElmxV9B2mSNscEjP27M7i
193,"Loco Enamorado","Abraham Mateo",496222,https://open.spotify.com/track/4N1c5rmWOzRmB9SMacr5wB
194,"Don't Let Me Down","The Chainsmokers",491836,https://open.spotify.com/track/0QsvXIfqM0zZoerQfsI9lm
195,"Como Antes",Yandel,490280,https://open.spotify.com/track/5YzA563GXTuwQaRq24z1k5
196,"Treat You Better","Shawn Mendes",489070,https://open.spotify.com/track/3AFfyUXTfj12PgrOkZiiJo
197,"Feels Great (feat. Fetty Wap & CVBZ)","Cheat Codes",483899,https://open.spotify.com/track/5uu28fUesZMl89lf9CLrgN
198,"Drowning (feat. Kodak Black)","A Boogie Wit da Hoodie",483514,https://open.spotify.com/track/1f5cbQtDrykjarZVrShaDI
199,"Body Like A Back Road","Sam Hunt",483274,https://open.spotify.com/track/7mldq42yDuxiUNn08nvzHO
200,"CAN'T STOP THE FEELING! (Original Song from DreamWorks Animation's ""TROLLS"")","Justin Timberlake",482632,https://open.spotify.com/track/6JV2JOEocMgcZxYSZelKcc
