,,,"Note that these figures are generated using a formula that protects against any artificial inflation of chart positions.",
Position,"Track Name",Artist,Streams,URL
1,"God's Plan",Drake,6170764,https://open.spotify.com/track/2XW4DbS6NddZxRPm5rMCeY
2,"Psycho (feat. Ty Dolla $ign)","Post Malone",4469820,https://open.spotify.com/track/65NwOZqoXny4JxqAPlfxRF
3,SAD!,XXXTENTACION,4112638,https://open.spotify.com/track/3ee8Jmje8o58CHK66QrVC2
4,FRIENDS,Marshmello,3608780,https://open.spotify.com/track/08bNPGLD8AhKpnnERrAc6G
5,X,"Nicky Jam",3273405,https://open.spotify.com/track/39N9RPD9MRb5WmoLzNzPeA
6,IDGAF,"Dua Lipa",3241981,https://open.spotify.com/track/76cy1WJvNGJTj78UqeA5zr
7,"All The Stars (with SZA)","Kendrick Lamar",3176846,https://open.spotify.com/track/3GCdLUSnKSMJhs4Tj6CV3s
8,"Look Alive (feat. Drake)","BlocBoy JB",3115618,https://open.spotify.com/track/4qKcDkK6siZ7Jp1Jb4m0aL
9,"The Middle",Zedd,3099923,https://open.spotify.com/track/2ARqIya5NAuvFVHSN3bL0m
10,Mine,Bazzi,2929770,https://open.spotify.com/track/6tHWl8ows5JOZq9Yfaqn3M
11,"These Days (feat. Jess Glynne, Macklemore & Dan Caplen)",Rudimental,2795778,https://open.spotify.com/track/5CLGzJsGqhCEECcpnFQA8x
12,"Love Lies (with Normani)",Khalid,2761599,https://open.spotify.com/track/45Egmo7icyopuzJN0oMEdk
13,"In My Blood","Shawn Mendes",2709194,https://open.spotify.com/track/79jX8RM5CgPqDKdGEKNW9K
14,rockstar,"Post Malone",2434031,https://open.spotify.com/track/2U7Hu2RaNQNRi7izoJyZaX
15,Moonlight,XXXTENTACION,2269542,https://open.spotify.com/track/0JP9xo3adEtGSdUEISiszL
16,Havana,"Camila Cabello",2254472,https://open.spotify.com/track/1rfofaqEpACxVEHIZBJe6W
17,Dura,"Daddy Yankee",2223886,https://open.spotify.com/track/2j2fIJGh4PMdXt9ULI5Tlc
18,"Meant to Be (feat. Florida Georgia Line)","Bebe Rexha",2176393,https://open.spotify.com/track/7iDa6hUg2VgEL1o1HjmfBn
19,"Pray For Me (with Kendrick Lamar)","The Weeknd",2156494,https://open.spotify.com/track/4ofvoCdXq99vpMZO4Cfp8x
20,"Freaky Friday (feat. Chris Brown)","Lil Dicky",2142769,https://open.spotify.com/track/10Igtw8bSDyyFs7KIsKngZ
21,"Never Be the Same","Camila Cabello",2029234,https://open.spotify.com/track/4eWQlBRaTjPPUlzacqEeoQ
22,"Me Niego",Reik,1894274,https://open.spotify.com/track/6jA8JUuPCGYjFcgw0AoM5T
23,Everyday,Logic,1832834,https://open.spotify.com/track/4EAV2cKiqKP5UPZmY6dejk
24,"New Rules","Dua Lipa",1763260,https://open.spotify.com/track/2ekn2ttSfGqwhhate0LSR0
25,Amorfoda,"Bad Bunny",1756721,https://open.spotify.com/track/3ITvHA9zhZZdBJsOsAUegF
26,"Stir Fry",Migos,1746741,https://open.spotify.com/track/2UVbBKQOdFAekPTRsnkzcf
27,"Like I Do","David Guetta",1720080,https://open.spotify.com/track/6RnkFd8Fqqgk1Uni8RgqCQ
28,"Échame La Culpa","Luis Fonsi",1708065,https://open.spotify.com/track/1zsG4eaZmkA1dvjDDsAGLK
29,"Finesse (Remix) [feat. Cardi B]","Bruno Mars",1672074,https://open.spotify.com/track/3Vo4wInECJQuz9BIBMOu8i
30,"Plug Walk","Rich The Kid",1671703,https://open.spotify.com/track/0gD6lWJhbXHWNVwQziSVvl
31,Perfect,"Ed Sheeran",1629395,https://open.spotify.com/track/0tgVpDi06FyKpA1z0VMD4v
32,Bella,Wolfine,1626135,https://open.spotify.com/track/3xcCix7Jv1Rp90YVmgo35D
33,"River (feat. Ed Sheeran)",Eminem,1619931,https://open.spotify.com/track/5UEnHoDYpsxlfzWLZIc7LD
34,"Sick Boy","The Chainsmokers",1604562,https://open.spotify.com/track/2JfXj2TERIkHwJpnG9f8uX
35,Wolves,"Selena Gomez",1586841,https://open.spotify.com/track/7EmGUiUaOSGDnUUQUDrOXC
36,"Say Something","Justin Timberlake",1553818,https://open.spotify.com/track/1LhMopPAallLeaeNutqbgS
37,"Ric Flair Drip (& Metro Boomin)",Offset,1545272,https://open.spotify.com/track/7sO5G9EABYOXQKNPNiE9NR
38,changes,XXXTENTACION,1540134,https://open.spotify.com/track/7AFASza1mXqntmGtbxXprO
39,"I Fall Apart","Post Malone",1518736,https://open.spotify.com/track/75ZvA4QfFiZvzhj2xkaWAh
40,"Shape of You","Ed Sheeran",1505411,https://open.spotify.com/track/7qiZfU4dY1lWllzX7mPBI3
41,"Déjala Que Vuelva (feat. Manuel Turizo)","Piso 21",1493317,https://open.spotify.com/track/33bnxcjePIkcmNjEFTJX0l
42,"King's Dead (with Kendrick Lamar, Future & James Blake)","Jay Rock",1438782,https://open.spotify.com/track/51rXHuKN8Loc4sUlKPODgH
43,"For You (Fifty Shades Freed) (& Rita Ora)","Liam Payne",1436538,https://open.spotify.com/track/5hM6sP0Gh1jD57drszNueC
44,"Remind Me to Forget",Kygo,1420354,https://open.spotify.com/track/6xTU6B6nFwKKTSZ9ySXS80
45,Heaven,"Julia Michaels",1381136,https://open.spotify.com/track/4QfNOZN7vrQCQKK1ZJ3XPb
46,"Let You Down",NF,1347497,https://open.spotify.com/track/6mrKP2jyIQmM0rw6fQryjr
47,Breathe,"Jax Jones",1343554,https://open.spotify.com/track/6tvQzeCPwOytDlBYCIOY0n
48,Downtown,Anitta,1336384,https://open.spotify.com/track/3Ga6eKrUFf12ouh9Yw3v2D
49,"Capital Letters","Hailee Steinfeld",1332535,https://open.spotify.com/track/3towKHKVOXCCcL1fHv6xFO
50,"Let Me Go (with Alesso, Florida Georgia Line & watt)","Hailee Steinfeld",1319750,https://open.spotify.com/track/5AEtlRudpgdT5FtNiuly6Y
51,"the remedy for a broken heart (why am I so in love)",XXXTENTACION,1304809,https://open.spotify.com/track/4UKCKdYiLN6IMA5ZESUTL7
52,"Síguelo Bailando",Ozuna,1268879,https://open.spotify.com/track/5Y9fnynLlIvqtM710MHzfz
53,"Feel It Still","Portugal. The Man",1247802,https://open.spotify.com/track/6QgjcU0zLnzq5OrUoSZ3OK
54,"Walk It Talk It",Migos,1235588,https://open.spotify.com/track/6n4U3TlzUGhdSFbUUhTvLP
55,"Mad Love","Sean Paul",1233107,https://open.spotify.com/track/3soOPBuMK8YMdWnV7xpEyf
56,Corazón,Maluma,1219455,https://open.spotify.com/track/4lESS6vuruP6a79KWRaQou
57,"Everybody Hates Me","The Chainsmokers",1199469,https://open.spotify.com/track/3pIigjAWkzwAonXpJ1fmSF
58,"Powerglide (feat. Juicy J)","Rae Sremmurd",1195493,https://open.spotify.com/track/2yUbCEiaolfSMluDo9RMmG
59,"1, 2, 3 (feat. Jason Derulo & De La Ghetto)","Sofia Reyes",1179058,https://open.spotify.com/track/4QtiVmuA88tPQiCOHZuQ5b
60,Criminal,"Natti Natasha",1168189,https://open.spotify.com/track/6Za3190Sbw39BBC77WSS1C
61,Thunder,"Imagine Dragons",1155407,https://open.spotify.com/track/26gceVsA1ybT8qsX3aYLEn
62,"44 More",Logic,1141586,https://open.spotify.com/track/3e7Y6sfFlIdBMJhX7wpqVO
63,"Too Good At Goodbyes","Sam Smith",1127589,https://open.spotify.com/track/1mXVgsBdtIVeCLJnSnmtdV
64,"I Miss You (feat. Julia Michaels)","Clean Bandit",1119260,https://open.spotify.com/track/2xmrfQpmS2iJExTlklLoAL
65,"XO TOUR Llif3","Lil Uzi Vert",1111786,https://open.spotify.com/track/7GX5flRQZVHRAGd6B4TmDO
66,"Him & I (with Halsey)",G-Eazy,1107435,https://open.spotify.com/track/5k38wzpLb15YgncyWdTZE4
67,Delicate,"Taylor Swift",1106021,https://open.spotify.com/track/6NFyWDv5CjfwuzoCkw47Xf
68,Silence,Marshmello,1054809,https://open.spotify.com/track/7vGuf3Y35N4wmASOKLUVVU
69,NUMB,XXXTENTACION,1052072,https://open.spotify.com/track/01TnVDiet1DFTsyWKUKovl
70,Sensualidad,"Bad Bunny",1046898,https://open.spotify.com/track/5hcisvFMidkMJlElTO9Qmw
71,"EL BAÑO","Enrique Iglesias",1039794,https://open.spotify.com/track/2vvdTrdryjsl8DmPIMDWZU
72,Dembow,"Danny Ocean",1034584,https://open.spotify.com/track/2EzRdhuoPyNJDlep7lnNf2
73,Congratulations,"Post Malone",1031346,https://open.spotify.com/track/3a1lNhkSLSkpJE4MSHpDu9
74,Wait,"Maroon 5",1030219,https://open.spotify.com/track/4lUnFLtn8w3W76FiYDRzmO
75,Believer,"Imagine Dragons",1004282,https://open.spotify.com/track/7Izh7zLJGw1Nscd62Exxj4
76,"Jocelyn Flores",XXXTENTACION,990087,https://open.spotify.com/track/7m9OqQk4RVRkw9JJdeAw96
77,"going down!",XXXTENTACION,985573,https://open.spotify.com/track/7CkbRn6S0itJqcqn88AtSV
78,HUMBLE.,"Kendrick Lamar",949860,https://open.spotify.com/track/7KXjTSCq5nL1LoYtL7XAwS
79,"Young Dumb & Broke",Khalid,946778,https://open.spotify.com/track/5Z3GHaZ6ec9bsiI5BenrbY
80,"Say Amen (Saturday Night)","Panic! At The Disco",945592,https://open.spotify.com/track/4qSsjDGXplb6422X2INvFW
81,"What Lovers Do (feat. SZA)","Maroon 5",940808,https://open.spotify.com/track/3hBBKuWJfxlIlnd9QFoC8k
82,Machika,"J Balvin",939306,https://open.spotify.com/track/6MNGxu8MprKGkchUchkJsy
83,Betrayed,"Lil Xan",937582,https://open.spotify.com/track/6NWl2m8asvH83xjuXVNsuG
84,"Bum Bum Tam Tam","MC Fioti",936610,https://open.spotify.com/track/4zWO4gvuFtw6EJZC5FFGlr
85,"Rewrite The Stars","Zac Efron",931726,https://open.spotify.com/track/630sXRhIcfwr2e4RdNtjKN
86,"This Is Me","Keala Settle",922181,https://open.spotify.com/track/2xGjteMU3E1tkEPVFBO08U
87,Anywhere,"Rita Ora",921663,https://open.spotify.com/track/7EI6Iki24tBHAMxtb4xQN2
88,Nevermind,"Dennis Lloyd",911523,https://open.spotify.com/track/63SevszngYpZOwf63o61K4
89,"I don’t even speak spanish lol - feat. Rio Santana, Judah, Carlos Andrez",XXXTENTACION,909397,https://open.spotify.com/track/14boA065HMHWvqyPPEeN4y
90,"El Préstamo",Maluma,907850,https://open.spotify.com/track/0QS5rZpm5zN9wV9lJgjyUE
91,"Perfect Duet (Ed Sheeran & Beyoncé)","Ed Sheeran",903963,https://open.spotify.com/track/1bhUWB0zJMIKr9yVPrkEuI
92,Narcos,Migos,889168,https://open.spotify.com/track/0wbnC9AUenxp613TYaJsGK
93,"Dusk Till Dawn - Radio Edit",ZAYN,885247,https://open.spotify.com/track/1j4kHkkpqZRBwE0A4CN4Yv
94,"infinity (888) - feat. Joey Bada$$",XXXTENTACION,872328,https://open.spotify.com/track/7J2gyNghNTzl4EsLhXp01Q
95,Solita,Ozuna,869889,https://open.spotify.com/track/7rwX0O3RlxqqIjQM8evm5E
96,"PICK IT UP (feat. A$AP Rocky)","Famous Dex",869118,https://open.spotify.com/track/3ncgNpxLoBQ65ABk4djDyd
97,"Candy Paint","Post Malone",866497,https://open.spotify.com/track/42CeaId2XNlxugDvyqHfDf
98,"Se Preparó",Ozuna,847509,https://open.spotify.com/track/1m69ELEgE6k5ZWsap40ozt
99,"Nowadays (feat. Landon Cube)","Lil Skies",844907,https://open.spotify.com/track/2u7mxWSeoqTXndK5e08jMp
100,"Say You Won't Let Go","James Arthur",842960,https://open.spotify.com/track/5uCax9HTNlzGybIStD3vDh
101,"How Long","Charlie Puth",840947,https://open.spotify.com/track/32DGGj6KlNuBr6WaqRxpxi
102,Unforgettable,"French Montana",836904,https://open.spotify.com/track/3B54sVLJ402zGa6Xm4YGNe
103,Hope,XXXTENTACION,834680,https://open.spotify.com/track/2ZRo7axmMPeSVUvDbGkJah
104,"I Like Me Better",Lauv,818937,https://open.spotify.com/track/1wjzFQodRWrPcQ0AnYnvQ9
105,1-800-273-8255,Logic,814602,https://open.spotify.com/track/5tz69p7tJuGPeMGwNTxYuV
106,66,"Lil Yachty",803188,https://open.spotify.com/track/6tarvNiKnEjYMj1VZhlDqR
107,"Bank Account","21 Savage",796865,https://open.spotify.com/track/2fQrGHiQOvpL9UgPvtYy6G
108,"Something Just Like This","The Chainsmokers",792990,https://open.spotify.com/track/6RUKPb4LETWmmr3iAEQktW
109,Attention,"Charlie Puth",791049,https://open.spotify.com/track/4iLqG9SeJSnt0cSPICSjxv
110,"So Far Away (feat. Jamie Scott & Romy Dya)","Martin Garrix",790058,https://open.spotify.com/track/0OlnLZY4cmQzT6ZGttvWBM
111,"El Farsante - Remix",Ozuna,786845,https://open.spotify.com/track/7uYgVgRSgqluZclLS7wpp4
112,"Tip Toe (feat. French Montana)","Jason Derulo",784482,https://open.spotify.com/track/2z4pcBLQXF2BXKFvd0BuB6
113,"Me Rehúso","Danny Ocean",778916,https://open.spotify.com/track/6De0lHrwBfPfrhorm9q1Xl
114,Esperándote,"Manuel Turizo",778160,https://open.spotify.com/track/1nfyE13arjOuO54HH0zmqj
115,"All Falls Down","Alan Walker",773964,https://open.spotify.com/track/5yFSF6qQA1rcLsQRnBsZgb
116,"Sorry Not Sorry","Demi Lovato",768013,https://open.spotify.com/track/3m660poUr1chesgkkjQM7P
117,1950,"King Princess",767246,https://open.spotify.com/track/0CZ8lquoTX2Dkg7Ak2inwA
118,"She Loves Control","Camila Cabello",755248,https://open.spotify.com/track/5HwnezK198pJCEj1l2Adjy
119,"Done For Me (feat. Kehlani)","Charlie Puth",751620,https://open.spotify.com/track/76S09sHj7GGMJAtOLjmVQ2
120,Location,Khalid,750854,https://open.spotify.com/track/152lZdxL1OR0ZMW6KquMif
121,"No Limit",G-Eazy,748963,https://open.spotify.com/track/2DQ1ITjI0YoLFzuADN1ZBW
122,"Whatever It Takes","Imagine Dragons",742786,https://open.spotify.com/track/7F3uo3304R2CTvOseU3H7u
123,"Fuck Love (feat. Trippie Redd)",XXXTENTACION,741638,https://open.spotify.com/track/7AQim7LbvFVZJE3O8TYgf2
124,"Bounce Out With That","YBN Nahmir",731189,https://open.spotify.com/track/5lZsh9Qf7CbHI9Fcc7Zcsq
125,"One Dance",Drake,716179,https://open.spotify.com/track/1xznGGDReH1oQq0xzbwXa3
126,"Quiero Repetir",Ozuna,715073,https://open.spotify.com/track/0MIcPSq9n2z5H8TAfEstri
127,goosebumps,"Travis Scott",707647,https://open.spotify.com/track/6gBFPUFcJLzWGx4lenP6h2
128,"Loca Remix",Khea,706198,https://open.spotify.com/track/2CRbiMK0W14l71SpDKqKZM
129,"Báilame - Remix",Nacho,705005,https://open.spotify.com/track/3VClLWqNn80Llv0PJOsKgr
130,"More Than You Know","Axwell /\ Ingrosso",703953,https://open.spotify.com/track/71bBFbfn2OBK5QwUJSLS44
131,"There's Nothing Holdin' Me Back","Shawn Mendes",702443,https://open.spotify.com/track/79cuOz3SPQTuFrp8WgftAu
132,"Thinking Out Loud","Ed Sheeran",694043,https://open.spotify.com/track/1Slwb6dOYkBlWal1PGtnNg
133,"Mi Gente","J Balvin",693472,https://open.spotify.com/track/2rb5MvYT7ZIxbKW5hfcHx8
134,"Lemon - Drake Remix",N.E.R.D,692614,https://open.spotify.com/track/739vCwA3EpBSkk3uDsI2wB
135,"Gucci Gang","Lil Pump",685046,https://open.spotify.com/track/43ZyHQITOjhciSUUNPVRHc
136,"Red Roses (feat. Landon Cube)","Lil Skies",683146,https://open.spotify.com/track/3ZhTT6yjZwpPph5MIJ53XY
137,Closer,"The Chainsmokers",681781,https://open.spotify.com/track/7BKLCZ1jbUBVqRi2FVlTVw
138,"(Fuck A) Silver Lining","Panic! At The Disco",680907,https://open.spotify.com/track/7g58rb2dFDCvcmLBwpHR9F
139,"$$$ - with Matt Ox",XXXTENTACION,676721,https://open.spotify.com/track/65u1dHQyQyE4y4aN2eDmMF
140,"Plain Jane","A$AP Ferg",674036,https://open.spotify.com/track/4dVpf9jZjcORqGTLUaeYj9
141,MotorSport,Migos,671977,https://open.spotify.com/track/4wFjTWCunQFKtukqrNijEt
142,"Suena El Dembow","Joey Montana",671491,https://open.spotify.com/track/5TysCiZtv1HnSWcTcUFusI
143,"Déjate Llevar","Juan Magán",670856,https://open.spotify.com/track/3xWEI23MLJrD0dpDcDUTW6
144,Mayores,"Becky G",667206,https://open.spotify.com/track/7JNh1cfm0eXjqFVOzKLyau
145,Photograph,"Ed Sheeran",663868,https://open.spotify.com/track/6fxVffaTuwjgEk5h9QyRjy
146,Beautiful,Bazzi,662880,https://open.spotify.com/track/1OilOIju6R9ia8vilNjChh
147,Contra,Logic,659427,https://open.spotify.com/track/7u90MSvVyEjL0c8icaE7jl
148,"BUTTERFLY EFFECT","Travis Scott",656576,https://open.spotify.com/track/1yxgsra98r3qAtxqiGZPiX
149,"LOVE. FEAT. ZACARI.","Kendrick Lamar",646965,https://open.spotify.com/track/6PGoSes0D9eUDeeAafB2As
150,"X (with 2 Chainz & Saudi)","ScHoolboy Q",643325,https://open.spotify.com/track/4LmAnpjlhWTahvRkYR8xJa
151,SUTRA,"Sebastian Yatra",641912,https://open.spotify.com/track/5TmZYdHW6HJ9gt7Aokuql5
152,"Symphony (feat. Zara Larsson)","Clean Bandit",639686,https://open.spotify.com/track/1x5sYLZiu9r5E43kMlt9f8
153,"Te Amo","Piso 21",637397,https://open.spotify.com/track/2RVrdr062uLFxXwIxwdXPH
154,Stargazing,Kygo,636979,https://open.spotify.com/track/0Zbbxnx4SGGHoIow4PpISP
155,"El Clavo","Prince Royce",635275,https://open.spotify.com/track/0LKErfBZ5FbBiLB4OcZRbL
156,"Bartier Cardi (feat. 21 Savage)","Cardi B",635166,https://open.spotify.com/track/75FDPwaULRdYDn4StFN2rT
157,"Getting Over You",Lauv,634169,https://open.spotify.com/track/2BNkTvg1kHAAfGvqh56x5a
158,"Despacito - Remix","Luis Fonsi",632213,https://open.spotify.com/track/5CtI0qwDJkDQGwXD1H1cLb
159,"Want You Back","5 Seconds of Summer",630507,https://open.spotify.com/track/2Pvr8rYuh5J8V7QglJhH6W
160,"Que Va","Alex Sensation",630186,https://open.spotify.com/track/7ofxPmTNMj2GP07g1VZa0O
161,"Everybody Dies In Their Nightmares",XXXTENTACION,629929,https://open.spotify.com/track/3GVkPk8mqxz0itaAriG1L7
162,"New Freezer (feat. Kendrick Lamar)","Rich The Kid",628900,https://open.spotify.com/track/4pYZLpX23Vx8rwDpJCpPTA
163,"That's What I Like","Bruno Mars",627198,https://open.spotify.com/track/0KKkJNfGyhkQ5aFogxQAPU
164,Issues,"Julia Michaels",626407,https://open.spotify.com/track/7vu0JkJh0ldukEYbTVcqd0
165,Ahora,"J Balvin",625966,https://open.spotify.com/track/54OB85nuxYGfl7qRQXuz7c
166,"Strip That Down","Liam Payne",614608,https://open.spotify.com/track/6EpRaXYhGOB3fj4V2uDkMJ
167,"ALONE, PART 3",XXXTENTACION,612224,https://open.spotify.com/track/2oe6dDthgthqUkfL3czpEd
168,"Bodak Yellow","Cardi B",610193,https://open.spotify.com/track/2771LMNxwf62FTAdpJMQfM
169,"Wonderwall - Remastered",Oasis,609895,https://open.spotify.com/track/5qqabIl2vWzo9ApSC317sa
170,"Sky Walker",Miguel,605110,https://open.spotify.com/track/5WoaF1B5XIEnWfmb5NZikf
171,"Go Flex","Post Malone",602158,https://open.spotify.com/track/5yuShbu70mtHXY0yLzCQLQ
172,"Robarte un Beso","Carlos Vives",596308,https://open.spotify.com/track/0JcNysfWVWaMS7R6vzGB2k
173,Naked,"James Arthur",594888,https://open.spotify.com/track/7krbSH3rd8lhIZvuzTV3Bl
174,"La Player (Bandolera)","Zion & Lennox",591936,https://open.spotify.com/track/0VKkyBKCXyR99navhVRqcP
175,"Mr. Brightside","The Killers",590799,https://open.spotify.com/track/7oK9VyNzrYvRFo7nQEYkWN
176,"Roll In Peace (feat. XXXTENTACION)","Kodak Black",585990,https://open.spotify.com/track/40oKW22ZNNkEdZLJTScaQI
177,"Galway Girl","Ed Sheeran",579340,https://open.spotify.com/track/0afhq8XCExXpqazXczTSve
178,Passionfruit,Drake,575165,https://open.spotify.com/track/5mCPDVBb16L4XQwDdbRUpz
179,"I'm the One (feat. Justin Bieber, Quavo, Chance the Rapper & Lil Wayne)","DJ Khaled",573331,https://open.spotify.com/track/3DXncPQOG4VBw3QHh3S817
180,"Codeine Dreaming (feat. Lil Wayne)","Kodak Black",572917,https://open.spotify.com/track/4DTpngLjoHj5gFxEZFeD3J
181,Starboy,"The Weeknd",566337,https://open.spotify.com/track/5aAx2yezTd8zXrkmtKl66Z
182,"I'm Yours","Jason Mraz",566201,https://open.spotify.com/track/3S0OXQeoh0w6AY8WQVckRW
183,"Lonely Together (feat. Rita Ora)",Avicii,565900,https://open.spotify.com/track/2OALaHcDdKkjYEpAr0Qzab
184,Dreamer,"Axwell /\ Ingrosso",565280,https://open.spotify.com/track/7hvxMYq9JW5W0vFwiu1Zdr
185,Halo,Beyoncé,564445,https://open.spotify.com/track/2CvOqDpQIMw69cCzWqr5yr
186,"What About Us",P!nk,560546,https://open.spotify.com/track/0Qh38w01QRXK6KHIv0e3hb
187,Africa,Toto,556041,https://open.spotify.com/track/2374M0fQpWi3dLnB54qaLX
188,"I Don’t Wanna Live Forever (Fifty Shades Darker) - From ""Fifty Shades Darker (Original Motion Picture Soundtrack)""",ZAYN,553731,https://open.spotify.com/track/3NdDpSvN911VPGivFlV5d0
189,"Leave a Light On","Tom Walker",552883,https://open.spotify.com/track/6lOWoTqVnAWXchddtTH31W
190,"I Get The Bag (feat. Migos)","Gucci Mane",551297,https://open.spotify.com/track/1XRgIKC5TPwo7nWGyKqgG0
191,Barking,Ramz,550781,https://open.spotify.com/track/7amMgNDcObIDkIXv4xcvc2
192,BILLY,6ix9ine,548010,https://open.spotify.com/track/7bRRHQelMfrP86QYQlCsAq
193,"Lose Yourself - From ""8 Mile"" Soundtrack",Eminem,547331,https://open.spotify.com/track/7w9bgPAmPTtrkt2v16QWvQ
194,"The Greatest Show","Hugh Jackman",545209,https://open.spotify.com/track/43ay9lQZ5rfNcOOHhRF2cM
195,"Escápate Conmigo (feat. Ozuna)",Wisin,545103,https://open.spotify.com/track/1KSqYYJFyfTecXFk9M0prc
196,"Top Off","DJ Khaled",543235,https://open.spotify.com/track/1W6wxOOYyJyyok8fqYSZ3m
197,JAPAN,"Famous Dex",539967,https://open.spotify.com/track/4lTiuD1DwBKo4L7wqMkD7C
198,"Scared to Be Lonely","Martin Garrix",539028,https://open.spotify.com/track/3ebXMykcMXOcLeJ9xZ17XH
199,Redbone,"Childish Gambino",537967,https://open.spotify.com/track/3kxfsdsCpFgN412fpnW85Y
200,"Tell Me You Love Me","Demi Lovato",536356,https://open.spotify.com/track/5Htb1uFQ1KrkFXlefS8oGj
