,,,"Note that these figures are generated using a formula that protects against any artificial inflation of chart positions.",
Position,"Track Name",Artist,Streams,URL
1,"Lucky You (feat. Joyner Lucas)",Eminem,4798694,https://open.spotify.com/track/60SdxE8apGAxMiRrpbmLY0
2,"In My Feelings",Drake,4173686,https://open.spotify.com/track/2G7V7zsVDxg1yRsu7Ew9RJ
3,"The Ringer",Eminem,3678081,https://open.spotify.com/track/2jt2WxXMCD4zjACthkJQVE
4,"Eastside (with Halsey & Khalid)","benny blanco",3387889,https://open.spotify.com/track/0d2iYfpKoM0QCKvcLCkBao
5,"Girls Like You (feat. Cardi B)","Maroon 5",3135257,https://open.spotify.com/track/7fa9MBXhVfQ8P8Df9OEbD8
6,"Promises (with Sam Smith)","Calvin Harris",3098537,https://open.spotify.com/track/5N5k9nd479b1xpDZ4usjrg
7,"SICKO MODE","Travis Scott",3075612,https://open.spotify.com/track/2xLMifQCjDGFmkHkpNLD9h
8,"FEFE (feat. Nicki Minaj & Murda Beatz)",6ix9ine,3073955,https://open.spotify.com/track/2E124GmJRnBJuXbTb4cPUB
9,"In My Mind",Dynoro,2917606,https://open.spotify.com/track/0E9ZjEAyAwOXZ7wJC0PD33
10,Happier,Marshmello,2900460,https://open.spotify.com/track/2dpaYNEQHiRxtZbfNsse99
11,"Lucid Dreams","Juice WRLD",2865234,https://open.spotify.com/track/0s3nnoMeVWz3989MkNQiRf
12,Fall,Eminem,2770213,https://open.spotify.com/track/58QhkbaAkLFnn7JwAnAato
13,"No Brainer","DJ Khaled",2687479,https://open.spotify.com/track/5WvAo7DNuPRmk4APhdPzi8
14,"Not Alike (feat. Royce Da 5'9)",Eminem,2531833,https://open.spotify.com/track/28FGV3ORH14MYORd7s5dlU
15,"Taste (feat. Offset)",Tyga,2530038,https://open.spotify.com/track/5IaHrVsrferBYDm0bDyABy
16,Greatest,Eminem,2506383,https://open.spotify.com/track/2XTquzYQAdT1Hk78bOUwsv
17,"God is a woman","Ariana Grande",2482817,https://open.spotify.com/track/5OCJzvD7sykQEKHH7qAC3C
18,"Be Alright","Dean Lewis",2348002,https://open.spotify.com/track/3EPXxR3ImUwfayaurPi3cm
19,"I Like It","Cardi B",2322308,https://open.spotify.com/track/58q2HKrzhC3ozto2nDdN4z
20,breathin,"Ariana Grande",2297890,https://open.spotify.com/track/4OafepJy2teCjYJbvFE60J
21,SAD!,XXXTENTACION,2253923,https://open.spotify.com/track/3ee8Jmje8o58CHK66QrVC2
22,"Vaina Loca",Ozuna,2246889,https://open.spotify.com/track/48zFZh27QU5qsrBjn4C2FA
23,Kamikaze,Eminem,2199705,https://open.spotify.com/track/2gsNpSn7VvvJuSrIDfRoYy
24,"Body (feat. brando)","Loud Luxury",2155490,https://open.spotify.com/track/7K7MUBCnzgBAvMVW2RTWNs
25,BEBE,6ix9ine,2125761,https://open.spotify.com/track/7ATATJztoWLcqDAcVVof0C
26,"Better Now","Post Malone",2103564,https://open.spotify.com/track/7dt6x5M1jzdTEt8oCbisTK
27,Rise,"Jonas Blue",2062694,https://open.spotify.com/track/3u1S1OmAUhx5DRlLrXqyp3
28,"Solo (feat. Demi Lovato)","Clean Bandit",2006596,https://open.spotify.com/track/6kPJZM97LwdG9QIsT7khp6
29,Youngblood,"5 Seconds of Summer",1965477,https://open.spotify.com/track/2iUXsYOEPhVqEBwsqP70rE
30,"Jackie Chan",Tiësto,1965123,https://open.spotify.com/track/4kWO6O1BUXcZmaxitpVUwp
31,"Te Boté - Remix","Nio Garcia",1952613,https://open.spotify.com/track/3V8UKqhEK5zBkBb6d6ub8i
32,Nonstop,Drake,1877111,https://open.spotify.com/track/0TlLq3lA83rQOYtrqBqSct
33,Moonlight,XXXTENTACION,1876197,https://open.spotify.com/track/0JP9xo3adEtGSdUEISiszL
34,Natural,"Imagine Dragons",1806365,https://open.spotify.com/track/4zIO3ilp5HvTeK3HJHxhMP
35,"One Kiss (with Dua Lipa)","Calvin Harris",1773625,https://open.spotify.com/track/7ef4DlsgrMEH11cDZd32M6
36,Normal,Eminem,1746583,https://open.spotify.com/track/0evt4UZbdhnHtcAnxkm6A1
37,"Beautiful (feat. Camila Cabello)",Bazzi,1703143,https://open.spotify.com/track/4VUwkH455At9kENOfzTqmF
38,"Stepping Stone",Eminem,1693319,https://open.spotify.com/track/60Z57Wdrn0pEVpHI7d7GAX
39,"Happy Now",Zedd,1607560,https://open.spotify.com/track/4keoy2fqgwGnbWlm3ZVZFa
40,"Sin Pijama","Becky G",1600665,https://open.spotify.com/track/2ijef6ni2amuunRoKTlgww
41,"No Es Justo","J Balvin",1591117,https://open.spotify.com/track/5qFeMRz4TvetPmzjre9Dq7
42,"Venom - Music From The Motion Picture",Eminem,1564605,https://open.spotify.com/track/2SL6oP2YAEQbqsrkOzRGO4
43,STARGAZING,"Travis Scott",1529656,https://open.spotify.com/track/7wBJfHzpfI3032CSD7CE2m
44,"God's Plan",Drake,1519712,https://open.spotify.com/track/6DCZcSspjsKoFjzjrWoCdn
45,Shotgun,"George Ezra",1491407,https://open.spotify.com/track/4ofwffwvvnbSkrMSCKQDaC
46,"no tears left to cry","Ariana Grande",1484108,https://open.spotify.com/track/2qT1uLXPVPzGgFOx4jtEuo
47,"Whenever (feat. Conor Maynard)","Kris Kross Amsterdam",1462479,https://open.spotify.com/track/3DGar7krWlmrXRFHBcQF6z
48,"Good Guy (feat. Jessie Reyez)",Eminem,1451309,https://open.spotify.com/track/4g32MdRoqwGKQd3NXIRhpU
49,"Thunderclouds with Sia, Diplo & Labrinth",Sia,1435223,https://open.spotify.com/track/5a8RPWgKSmcGBGcffmIrUi
50,"Jocelyn Flores",XXXTENTACION,1380719,https://open.spotify.com/track/7m9OqQk4RVRkw9JJdeAw96
51,"rockstar (feat. 21 Savage)","Post Malone",1330623,https://open.spotify.com/track/0e7ipj03S05BNilyu5bRzt
52,"Paul - Skit","Paul Rosenberg",1301050,https://open.spotify.com/track/0Uv5Kp8sEnriJjkX4oLfNI
53,"Nice Guy (with Jessie Reyez)",Eminem,1296218,https://open.spotify.com/track/09FfQO3PqHO4HIJL511Ksi
54,"High Hopes","Panic! At The Disco",1271968,https://open.spotify.com/track/1rqqCSm0Qe4I9rUvWncaom
55,"Psycho (feat. Ty Dolla $ign)","Post Malone",1242828,https://open.spotify.com/track/3swc6WTsr7rl9DqQKQA55C
56,changes,XXXTENTACION,1240503,https://open.spotify.com/track/7AFASza1mXqntmGtbxXprO
57,"Don't Leave Me Alone (feat. Anne-Marie)","David Guetta",1232020,https://open.spotify.com/track/2lYTJK94hb0fd1LQtb6Dhk
58,"Praise The Lord (Da Shine)","A$AP Rocky",1218917,https://open.spotify.com/track/7ycWLEP1GsNjVvcjawXz3z
59,"Yes Indeed","Lil Baby",1204953,https://open.spotify.com/track/6vN77lE9LK6HP2DewaN6HZ
60,"Cuando Te Besé","Becky G",1204248,https://open.spotify.com/track/2XXMDz7SPZ4mSFN1PXfHUy
61,Clandestino,Shakira,1201495,https://open.spotify.com/track/7DrluKkTviBwCc8AV3VGmf
62,Nevermind,"Dennis Lloyd",1198584,https://open.spotify.com/track/63SevszngYpZOwf63o61K4
63,2002,Anne-Marie,1175576,https://open.spotify.com/track/2BgEsaKNfHUdlh97KmvFyo
64,"Ocean (feat. Khalid)","Martin Garrix",1164719,https://open.spotify.com/track/3nc420PXjTdBV5TN0gCFkS
65,"Shape of You","Ed Sheeran",1155021,https://open.spotify.com/track/7qiZfU4dY1lWllzX7mPBI3
66,"Born To Be Yours",Kygo,1151137,https://open.spotify.com/track/0kHyKhJMukHEPfeh8s7rdM
67,"Nice For What",Drake,1138098,https://open.spotify.com/track/3CA9pLiwRIGtUBiMjbZmRw
68,SWISH,Tyga,1134491,https://open.spotify.com/track/55GiOwtxNajXVbpjjIzMnD
69,"Mala Mía",Maluma,1133770,https://open.spotify.com/track/62o8KoI44JfN7aYxgTnPvh
70,"I'm a Mess","Bebe Rexha",1118291,https://open.spotify.com/track/04ZTP5KsCypmtCmQg5tH9R
71,"Em Calls Paul - Skit",Eminem,1108316,https://open.spotify.com/track/6B3zy3LOKHndqsviCr2z15
72,"Back To You - From 13 Reasons Why – Season 2 Soundtrack","Selena Gomez",1106310,https://open.spotify.com/track/4hQ6UGyWQIGJmHSo0J88JW
73,"Fuck Love (feat. Trippie Redd)",XXXTENTACION,1101361,https://open.spotify.com/track/7AQim7LbvFVZJE3O8TYgf2
74,"No Me Acuerdo",Thalía,1038784,https://open.spotify.com/track/00EPIEnX1JFjff8sC6bccd
75,Asesina,Brytiago,1027153,https://open.spotify.com/track/6rbhaJsE4uLzpPf8WYSHDK
76,Believer,"Imagine Dragons",1016979,https://open.spotify.com/track/0pqnGHJpmpxLKifKRmU6WP
77,IDGAF,"Dua Lipa",1006286,https://open.spotify.com/track/76cy1WJvNGJTj78UqeA5zr
78,"Goodbye (feat. Nicki Minaj & Willy William)","Jason Derulo",1002452,https://open.spotify.com/track/5Xn4IyTtW6FUGIUyWjbUHG
79,"Mo Bamba","Sheck Wes",992781,https://open.spotify.com/track/3QybPutx0Tjk472bBKjNWn
80,Havana,"Camila Cabello",984311,https://open.spotify.com/track/1rfofaqEpACxVEHIZBJe6W
81,Darkside,"Alan Walker",978790,https://open.spotify.com/track/1snWlbcbgQpJfknoI30DWG
82,"Me Niego",Reik,968494,https://open.spotify.com/track/6jA8JUuPCGYjFcgw0AoM5T
83,"lovely (with Khalid)","Billie Eilish",962161,https://open.spotify.com/track/0u2P5u6lvoDfwTYjAADbn4
84,"X - Remix","Nicky Jam",945876,https://open.spotify.com/track/6JjPBQfI2Y8nIjnm65X6Pw
85,"Lean Wit Me","Juice WRLD",942668,https://open.spotify.com/track/29tc0GbW0pTSBZSCZF3NWk
86,"Quiere Beber","Anuel Aa",940473,https://open.spotify.com/track/3rPAD722s5FFNnwjC91t7Z
87,"New Rules","Dua Lipa",940106,https://open.spotify.com/track/2ekn2ttSfGqwhhate0LSR0
88,"Feels Like Summer","Childish Gambino",935279,https://open.spotify.com/track/7p4vHnYXkxlzvfePJVpcTr
89,"All Girls Are The Same","Juice WRLD",934734,https://open.spotify.com/track/0XySogm94T51XF5F2jumXm
90,FRIENDS,Marshmello,932430,https://open.spotify.com/track/08bNPGLD8AhKpnnERrAc6G
91,"The Middle",Zedd,929353,https://open.spotify.com/track/09IStsImFySgyp0pIQdqAc
92,Thunder,"Imagine Dragons",927852,https://open.spotify.com/track/1zB4vmk8tFRmM9UULNzbLB
93,"High On Life (feat. Bonn)","Martin Garrix",917229,https://open.spotify.com/track/4ut5G4rgB1ClpMTMfjoIuy
94,"Don’t Matter To Me (with Michael Jackson)",Drake,911974,https://open.spotify.com/track/6G8kHiVZ1jW7vHMPVRNZU0
95,"La Player (Bandolera)","Zion & Lennox",907623,https://open.spotify.com/track/0VKkyBKCXyR99navhVRqcP
96,"Look Alive (feat. Drake)","BlocBoy JB",907244,https://open.spotify.com/track/4qKcDkK6siZ7Jp1Jb4m0aL
97,YOSEMITE,"Travis Scott",901341,https://open.spotify.com/track/7lAK3oHbfEnvUQWosrMMpR
98,Perfect,"Ed Sheeran",892060,https://open.spotify.com/track/0tgVpDi06FyKpA1z0VMD4v
99,X,"Nicky Jam",876289,https://open.spotify.com/track/39N9RPD9MRb5WmoLzNzPeA
100,"BIG BANK (feat. 2 Chainz, Big Sean, Nicki Minaj)",YG,864060,https://open.spotify.com/track/0ZNrc4kNeQYD9koZ3KvCsy
101,"Love Lies (with Normani)",Khalid,860005,https://open.spotify.com/track/45Egmo7icyopuzJN0oMEdk
102,"1, 2, 3 (feat. Jason Derulo & De La Ghetto)","Sofia Reyes",857653,https://open.spotify.com/track/4QtiVmuA88tPQiCOHZuQ5b
103,"Side Effects","The Chainsmokers",843981,https://open.spotify.com/track/3OtQmFLS5b3pTgIf44GQFJ
104,"Toda - Remix","Alex Rose",838163,https://open.spotify.com/track/7nD2JPaxIKUdxd2UWgnaGL
105,Unica,Ozuna,837287,https://open.spotify.com/track/33b2wX9d0kxqxhi7lcsC1A
106,"I Fall Apart","Post Malone",836712,https://open.spotify.com/track/75ZvA4QfFiZvzhj2xkaWAh
107,"Everybody Dies In Their Nightmares",XXXTENTACION,835541,https://open.spotify.com/track/3GVkPk8mqxz0itaAriG1L7
108,"Wasted (feat. Lil Uzi Vert)","Juice WRLD",833122,https://open.spotify.com/track/3obgSF06ki98lYNLNq5vCB
109,"I Like Me Better",Lauv,832137,https://open.spotify.com/track/2P91MQbaiQOfbiz9VqhqKQ
110,"Taking A Walk","Trippie Redd",809409,https://open.spotify.com/track/4mHgYpuGHu99Mw69E83CP2
111,"W O R K I N M E",Quavo,804284,https://open.spotify.com/track/33tNYw9oMtSkGe27NpgS64
112,"XO TOUR Llif3","Lil Uzi Vert",802775,https://open.spotify.com/track/7GX5flRQZVHRAGd6B4TmDO
113,REMEDY,Alesso,802410,https://open.spotify.com/track/6jreFSOTUAViWjKyzOC4Kg
114,Hipócrita,"Anuel Aa",798231,https://open.spotify.com/track/6XBjCetHKdO5L9cwMDVffw
115,"Tie Me Down (with Elley Duhé)",Gryffin,795049,https://open.spotify.com/track/4QVS8YCpK71R4FsxSMCjhP
116,"These Days (feat. Jess Glynne, Macklemore & Dan Caplen)",Rudimental,787309,https://open.spotify.com/track/5CLGzJsGqhCEECcpnFQA8x
117,"Look At Me!",XXXTENTACION,786464,https://open.spotify.com/track/6eYxmK9fdL4hwLnXG2zY3s
118,"Mi Cama - Remix","Karol G",776931,https://open.spotify.com/track/38QmUDpkoYlNbMKvpvAsrE
119,"Amigos Con Derechos",Reik,769338,https://open.spotify.com/track/2zDj4WjbNDmrRL6Z4YjjCA
120,"8 Letters","Why Don't We",769189,https://open.spotify.com/track/4zRZAmBQP8vhNPf9i9opXt
121,"Meant to Be (feat. Florida Georgia Line)","Bebe Rexha",762231,https://open.spotify.com/track/4e4fqjx0Izh4svvTef1z7e
122,Flames,"David Guetta",754670,https://open.spotify.com/track/33IOhptvC2Qoy2UhjiHXLV
123,"I'm Yours","Jason Mraz",742149,https://open.spotify.com/track/3S0OXQeoh0w6AY8WQVckRW
124,"Madura (feat. Bad Bunny)",Cosculluela,740614,https://open.spotify.com/track/0r9d60ZYPAlFHq8qnUtkXN
125,Closer,"The Chainsmokers",734348,https://open.spotify.com/track/7BKLCZ1jbUBVqRi2FVlTVw
126,"Too Good At Goodbyes","Sam Smith",732075,https://open.spotify.com/track/1mXVgsBdtIVeCLJnSnmtdV
127,"Estamos Bien","Bad Bunny",732033,https://open.spotify.com/track/7glCSQqV5o6NU88Cn4zPZn
128,"Drew Barrymore","Bryce Vine",727067,https://open.spotify.com/track/0OgGn1ofaj55l2PcihQQGV
129,"Por Perro","Sebastian Yatra",726912,https://open.spotify.com/track/2alIsNw1mqEShbWyO1HXZZ
130,Mine,Bazzi,720933,https://open.spotify.com/track/7uzmGiiJyRfuViKKK3lVmR
131,"Dura - Remix","Daddy Yankee",718208,https://open.spotify.com/track/6U2NuJILEOEpW2tVCuqKHb
132,"Say You Won't Let Go","James Arthur",716182,https://open.spotify.com/track/5uCax9HTNlzGybIStD3vDh
133,IDOL,BTS,709334,https://open.spotify.com/track/03iCbZaM4OkRR4We6wIzvx
134,"Ya No Tiene Novio","Sebastian Yatra",708326,https://open.spotify.com/track/7uQmJ1jgNzBpATSoWKSPFu
135,"Hopeless Romantic (feat. Swae Lee)","Wiz Khalifa",706584,https://open.spotify.com/track/7IBSffWIu7P2MC7kMwy2FM
136,Noticed,"Lil Mosey",700692,https://open.spotify.com/track/7d6XJZjnm7iWcKwYL9z5kC
137,sweetener,"Ariana Grande",699596,https://open.spotify.com/track/70khXICDeTTxgYtw3EysKH
138,Happier,"Ed Sheeran",697423,https://open.spotify.com/track/2RttW7RAu5nOAfq6YFvApB
139,OTW,Khalid,687379,https://open.spotify.com/track/6Hgh47WXVKtXN5zGOu0hjI
140,"the remedy for a broken heart (why am I so in love)",XXXTENTACION,687024,https://open.spotify.com/track/4UKCKdYiLN6IMA5ZESUTL7
141,"'Till I Collapse",Eminem,683951,https://open.spotify.com/track/4xkOaSrkexMciUUogZKVTS
142,"Call Out My Name","The Weeknd",683078,https://open.spotify.com/track/1gm616Plq4ScqNi7TVkZ5N
143,"Ric Flair Drip (& Metro Boomin)",Offset,675345,https://open.spotify.com/track/7sO5G9EABYOXQKNPNiE9NR
144,"Mob Ties",Drake,674976,https://open.spotify.com/track/7rC5Pl8rQSX4myONQHYPBK
145,"BUTTERFLY EFFECT","Travis Scott",670035,https://open.spotify.com/track/6xcJyGpfZbuuiequtnlKt4
146,HUMBLE.,"Kendrick Lamar",666652,https://open.spotify.com/track/7KXjTSCq5nL1LoYtL7XAwS
147,"In My Blood","Shawn Mendes",660022,https://open.spotify.com/track/2QZ7WLBE8h2y1Y5Fb8RYbH
148,Congratulations,"Post Malone",659492,https://open.spotify.com/track/3a1lNhkSLSkpJE4MSHpDu9
149,"Blah Blah Blah","Armin van Buuren",656221,https://open.spotify.com/track/0tp6mwUt99QnfY95T30Lqj
150,"I'm Upset",Drake,649910,https://open.spotify.com/track/3qN5qMTKyEEmiTZD38BNTT
151,"Me Dijeron",Ozuna,649647,https://open.spotify.com/track/17UUYZ290omPaJY4wKeyHh
152,everytime,"Ariana Grande",643216,https://open.spotify.com/track/0WdR2AyLW1Drd3OUdwezM0
153,Africa,Toto,637711,https://open.spotify.com/track/2374M0fQpWi3dLnB54qaLX
154,"Remind Me to Forget",Kygo,634413,https://open.spotify.com/track/6xTU6B6nFwKKTSZ9ySXS80
155,"Chica Paranormal","Paulo Londra",631357,https://open.spotify.com/track/2r77vqSZkOktTSgmAOoHsV
156,"Something Just Like This","The Chainsmokers",624875,https://open.spotify.com/track/6RUKPb4LETWmmr3iAEQktW
157,"Wonderwall - Remastered",Oasis,623837,https://open.spotify.com/track/5qqabIl2vWzo9ApSC317sa
158,"Plug Walk","Rich The Kid",613038,https://open.spotify.com/track/1ZAyjvIk9YiD76yYy0TEG6
159,"Thinking Out Loud","Ed Sheeran",611198,https://open.spotify.com/track/1Slwb6dOYkBlWal1PGtnNg
160,Hope,XXXTENTACION,610687,https://open.spotify.com/track/2ZRo7axmMPeSVUvDbGkJah
161,Culpables,"Manuel Turizo",607577,https://open.spotify.com/track/3RD0PGolM0mETGHaprwgMn
162,"All The Stars (with SZA)","Kendrick Lamar",606715,https://open.spotify.com/track/3GCdLUSnKSMJhs4Tj6CV3s
163,"What Lovers Do (feat. SZA)","Maroon 5",606179,https://open.spotify.com/track/0GxQ1A5L9xnMOytbP6eKBG
164,goosebumps,"Travis Scott",604471,https://open.spotify.com/track/6gBFPUFcJLzWGx4lenP6h2
165,"No Quiero Amarte (feat. Zion & Lennox)","Justin Quiles",603667,https://open.spotify.com/track/5bITfqKGaPakO1l99hOMsI
166,Halo,Beyoncé,602609,https://open.spotify.com/track/2CvOqDpQIMw69cCzWqr5yr
167,"River (feat. Ed Sheeran)",Eminem,601782,https://open.spotify.com/track/1cS0TgbR263ey9jn0MwD2s
168,"All I Am","Jess Glynne",599706,https://open.spotify.com/track/6X6SdJzxyw7GzxwP2fr9WV
169,"Walk It Talk It",Migos,598357,https://open.spotify.com/track/6n4U3TlzUGhdSFbUUhTvLP
170,"Ball For Me (feat. Nicki Minaj)","Post Malone",598199,https://open.spotify.com/track/6IaieqiCVvsNvEt6Y7yOFa
171,"One Dance",Drake,593104,https://open.spotify.com/track/1zi7xx7UVEFkmKfv06H8x0
172,"Wake Me Up - Radio Edit",Avicii,592157,https://open.spotify.com/track/4h8VwCb1MTGoLKueQ1WgbD
173,"La Cintura","Alvaro Soler",589833,https://open.spotify.com/track/19MBk3PbNFE36wqIqkMq9H
174,"Perfect Duet (Ed Sheeran & Beyoncé)","Ed Sheeran",589008,https://open.spotify.com/track/1bhUWB0zJMIKr9yVPrkEuI
175,"Whatever It Takes","Imagine Dragons",587360,https://open.spotify.com/track/6Qn5zhYkTa37e91HC1D7lb
176,"Feel It Still","Portugal. The Man",587304,https://open.spotify.com/track/6QgjcU0zLnzq5OrUoSZ3OK
177,"Bohemian Rhapsody - Remastered 2011",Queen,587131,https://open.spotify.com/track/7tFiyTwD0nx5a1eklYtX2J
178,Celoso,"Lele Pons",584366,https://open.spotify.com/track/33zcmmElV1YbRZe57biUjg
179,Photograph,"Ed Sheeran",583466,https://open.spotify.com/track/6fxVffaTuwjgEk5h9QyRjy
180,Unforgettable,"French Montana",582815,https://open.spotify.com/track/3B54sVLJ402zGa6Xm4YGNe
181,"Nephew (feat. Lil Pump)",Smokepurpp,582104,https://open.spotify.com/track/0ibOcbkp2XG46Do8jcy0bL
182,"Magic In The Hamptons (feat. Lil Yachty)","Social House",581549,https://open.spotify.com/track/2Yer0p7uB2lVBUAtANuuQp
183,"Síguelo Bailando",Ozuna,581160,https://open.spotify.com/track/5Y9fnynLlIvqtM710MHzfz
184,"All of Me","John Legend",581155,https://open.spotify.com/track/3uhBIQ7tv8j1FME8cFGEfG
185,"Bed (feat. Ariana Grande)","Nicki Minaj",580693,https://open.spotify.com/track/3L4GsGLgxpHieVQH86H8bv
186,"Lose Yourself - From ""8 Mile"" Soundtrack",Eminem,579749,https://open.spotify.com/track/7w9bgPAmPTtrkt2v16QWvQ
187,"Bella - Remix",Wolfine,578233,https://open.spotify.com/track/0SaYeGhSXN0dDWstyNTQ56
188,"Freaky Friday (feat. Chris Brown)","Lil Dicky",577117,https://open.spotify.com/track/10Igtw8bSDyyFs7KIsKngZ
189,"WAKE UP","Travis Scott",577027,https://open.spotify.com/track/20MuVazoNMv6xjKPnRFOxG
190,"Te Amo","Piso 21",575791,https://open.spotify.com/track/2RVrdr062uLFxXwIxwdXPH
191,"Electricity (with Dua Lipa)","Silk City",574910,https://open.spotify.com/track/5N4erncE7kuUccm7zEmwzk
192,"Chanel (Go Get It) [feat. Gunna & Lil Baby]","Young Thug",567444,https://open.spotify.com/track/0kCBorRrKZkSztd9m0QI3r
193,Silence,Marshmello,565910,https://open.spotify.com/track/7vGuf3Y35N4wmASOKLUVVU
194,Ibiza,Ozuna,564308,https://open.spotify.com/track/1h9P5WJwyvK8OB7O2YiXgp
195,"Candy Paint","Post Malone",563538,https://open.spotify.com/track/32lItqlMi4LBhb4k0BaSaC
196,IDOL,BTS,563046,https://open.spotify.com/track/2AIWoHr9DF6y4KALCBKWQS
197,1-800-273-8255,Logic,561500,https://open.spotify.com/track/5tz69p7tJuGPeMGwNTxYuV
198,"Take Me to Church",Hozier,558667,https://open.spotify.com/track/3KYOGt8IO6j8wptkG9THag
199,Medicina,Anitta,558122,https://open.spotify.com/track/4R5xvs5X0phd0EYWyGigju
200,"Let Her Go",Passenger,557704,https://open.spotify.com/track/2jyjhRf6DVbMPU5zxagN2h
