,,,"Note that these figures are generated using a formula that protects against any artificial inflation of chart positions.",
Position,"Track Name",Artist,Streams,URL
1,"All Mine","Kanye West",4536998,https://open.spotify.com/track/3qnoOm4fwZPBS116f5hpgF
2,"One Kiss (with Dua Lipa)","Calvin Harris",4261161,https://open.spotify.com/track/7ef4DlsgrMEH11cDZd32M6
3,"Better Now","Post Malone",4159450,https://open.spotify.com/track/7dt6x5M1jzdTEt8oCbisTK
4,Yikes,"Kanye West",4106390,https://open.spotify.com/track/2r4JRwcbIeuAzWjH4YXlLs
5,"Ghost Town","Kanye West",3939337,https://open.spotify.com/track/6Bg7MznA9X0dIhlAsLyBYj
6,"Nice For What",Drake,3519909,https://open.spotify.com/track/1cTZMwcBJT0Ka3UJPXOeeN
7,"Wouldn't Leave","Kanye West",3285095,https://open.spotify.com/track/3dG6tjetoR4GMmUGZUprLt
8,"I Like It","Cardi B",3274496,https://open.spotify.com/track/58q2HKrzhC3ozto2nDdN4z
9,"I Thought About Killing You","Kanye West",3246306,https://open.spotify.com/track/6EuE9M1viu9gkdFSafia9o
10,"God's Plan",Drake,3227867,https://open.spotify.com/track/2XW4DbS6NddZxRPm5rMCeY
11,"no tears left to cry","Ariana Grande",3141227,https://open.spotify.com/track/5SxkdsY1ufZzoq9iXceLw9
12,"Te Boté - Remix","Nio Garcia",3082629,https://open.spotify.com/track/3V8UKqhEK5zBkBb6d6ub8i
13,X,"Nicky Jam",3024131,https://open.spotify.com/track/39N9RPD9MRb5WmoLzNzPeA
14,"Violent Crimes","Kanye West",2935434,https://open.spotify.com/track/2VYb3Fb5iK5Y8HGZ8oEEkp
15,"No Mistakes","Kanye West",2907848,https://open.spotify.com/track/1DdgqEZk4Hqfpl3drdXJun
16,"This Is America","Childish Gambino",2730818,https://open.spotify.com/track/0b9oOr2ZgvyQu88wzixux9
17,"Back To You","Selena Gomez",2699222,https://open.spotify.com/track/514rhnksEwHUh6LxXsQ4Y9
18,"Psycho (feat. Ty Dolla $ign)","Post Malone",2607722,https://open.spotify.com/track/3swc6WTsr7rl9DqQKQA55C
19,FRIENDS,Marshmello,2485846,https://open.spotify.com/track/08bNPGLD8AhKpnnERrAc6G
20,"Lucid Dreams","Juice WRLD",2370610,https://open.spotify.com/track/0X8DcetL926BYiPJYstJTc
21,Youngblood,"5 Seconds of Summer",2286363,https://open.spotify.com/track/55S2PQgSMYAhgoTCcGCDfw
22,"Solo (feat. Demi Lovato)","Clean Bandit",2162596,https://open.spotify.com/track/6kPJZM97LwdG9QIsT7khp6
23,"Yes Indeed","Lil Baby",2157473,https://open.spotify.com/track/6vN77lE9LK6HP2DewaN6HZ
24,"rockstar (feat. 21 Savage)","Post Malone",2134175,https://open.spotify.com/track/0e7ipj03S05BNilyu5bRzt
25,Nevermind,"Dennis Lloyd",2066190,https://open.spotify.com/track/63SevszngYpZOwf63o61K4
26,Flames,"David Guetta",2061280,https://open.spotify.com/track/33IOhptvC2Qoy2UhjiHXLV
27,"I'm Upset",Drake,1933585,https://open.spotify.com/track/54oMZ3blwWwuPN4wEoG5mk
28,"The Middle",Zedd,1915875,https://open.spotify.com/track/2ARqIya5NAuvFVHSN3bL0m
29,"Love Lies (with Normani)",Khalid,1883796,https://open.spotify.com/track/45Egmo7icyopuzJN0oMEdk
30,IDGAF,"Dua Lipa",1828485,https://open.spotify.com/track/76cy1WJvNGJTj78UqeA5zr
31,"In My Blood","Shawn Mendes",1828298,https://open.spotify.com/track/21YnmkSDhUkmkkni22Svc4
32,"Look Alive (feat. Drake)","BlocBoy JB",1818867,https://open.spotify.com/track/4qKcDkK6siZ7Jp1Jb4m0aL
33,"Freaky Friday (feat. Chris Brown)","Lil Dicky",1747392,https://open.spotify.com/track/10Igtw8bSDyyFs7KIsKngZ
34,"Girls Like You (feat. Cardi B)","Maroon 5",1736509,https://open.spotify.com/track/6FRLCMO5TUHTexlWo8ym1W
35,"These Days (feat. Jess Glynne, Macklemore & Dan Caplen)",Rudimental,1720999,https://open.spotify.com/track/5CLGzJsGqhCEECcpnFQA8x
36,"Me Niego",Reik,1708978,https://open.spotify.com/track/6jA8JUuPCGYjFcgw0AoM5T
37,"Sin Pijama","Becky G",1695392,https://open.spotify.com/track/2ijef6ni2amuunRoKTlgww
38,"Youth feat. Khalid","Shawn Mendes",1691559,https://open.spotify.com/track/5SwEgzUFDHwpWHKrbnP32Z
39,2002,Anne-Marie,1651534,https://open.spotify.com/track/6SFStUDQZNaGPKWOx9ZiJB
40,"Playinwitme (feat. Kehlani)",KYLE,1611228,https://open.spotify.com/track/4F1yvJfQ7gJkrcgFJQDjOr
41,"lovely (with Khalid)","Billie Eilish",1582648,https://open.spotify.com/track/0u2P5u6lvoDfwTYjAADbn4
42,"Call Out My Name","The Weeknd",1533460,https://open.spotify.com/track/1gm616Plq4ScqNi7TVkZ5N
43,OTW,Khalid,1500960,https://open.spotify.com/track/6Hgh47WXVKtXN5zGOu0hjI
44,"Remind Me to Forget",Kygo,1497937,https://open.spotify.com/track/6xTU6B6nFwKKTSZ9ySXS80
45,"Praise The Lord (Da Shine)","A$AP Rocky",1475038,https://open.spotify.com/track/7ycWLEP1GsNjVvcjawXz3z
46,"1, 2, 3 (feat. Jason Derulo & De La Ghetto)","Sofia Reyes",1463302,https://open.spotify.com/track/4QtiVmuA88tPQiCOHZuQ5b
47,Havana,"Camila Cabello",1461361,https://open.spotify.com/track/1rfofaqEpACxVEHIZBJe6W
48,"Taste (feat. Offset)",Tyga,1459868,https://open.spotify.com/track/5IaHrVsrferBYDm0bDyABy
49,"Meant to Be (feat. Florida Georgia Line)","Bebe Rexha",1444529,https://open.spotify.com/track/7iDa6hUg2VgEL1o1HjmfBn
50,SAD!,XXXTENTACION,1407121,https://open.spotify.com/track/3ee8Jmje8o58CHK66QrVC2
51,"Shape of You","Ed Sheeran",1337060,https://open.spotify.com/track/7qiZfU4dY1lWllzX7mPBI3
52,"Dura - Remix","Daddy Yankee",1320845,https://open.spotify.com/track/6U2NuJILEOEpW2tVCuqKHb
53,"New Rules","Dua Lipa",1318000,https://open.spotify.com/track/2ekn2ttSfGqwhhate0LSR0
54,"All The Stars (with SZA)","Kendrick Lamar",1287026,https://open.spotify.com/track/3GCdLUSnKSMJhs4Tj6CV3s
55,"Walk It Talk It",Migos,1275415,https://open.spotify.com/track/6n4U3TlzUGhdSFbUUhTvLP
56,Paranoid,"Post Malone",1269429,https://open.spotify.com/track/3fpVWegR6YOS1Yk5HSMYIq
57,"FAKE LOVE",BTS,1241497,https://open.spotify.com/track/3aW0ds4A4tSQDIp75FqWTo
58,"Síguelo Bailando",Ozuna,1235372,https://open.spotify.com/track/5Y9fnynLlIvqtM710MHzfz
59,"La Player (Bandolera)","Zion & Lennox",1211685,https://open.spotify.com/track/0VKkyBKCXyR99navhVRqcP
60,Mine,Bazzi,1203022,https://open.spotify.com/track/7uzmGiiJyRfuViKKK3lVmR
61,Dura,"Daddy Yankee",1189883,https://open.spotify.com/track/2j2fIJGh4PMdXt9ULI5Tlc
62,"Ball For Me (feat. Nicki Minaj)","Post Malone",1188419,https://open.spotify.com/track/6IaieqiCVvsNvEt6Y7yOFa
63,"Jackie Chan",Tiësto,1186174,https://open.spotify.com/track/4kWO6O1BUXcZmaxitpVUwp
64,"Plug Walk","Rich The Kid",1169242,https://open.spotify.com/track/6mAz8D1TmlTuef90dbNIiZ
65,"El Préstamo",Maluma,1163586,https://open.spotify.com/track/2XVilv6s9GETnw9PG4T9Mz
66,Nervous,"Shawn Mendes",1128561,https://open.spotify.com/track/0Dq49j3dELbttQVUJbtn0c
67,"Ric Flair Drip (& Metro Boomin)",Offset,1117614,https://open.spotify.com/track/7sO5G9EABYOXQKNPNiE9NR
68,"Like I Do","David Guetta",1107337,https://open.spotify.com/track/6RnkFd8Fqqgk1Uni8RgqCQ
69,Somebody,"The Chainsmokers",1095563,https://open.spotify.com/track/3pWcj8hxj3fsb9TDAcMpEl
70,"Échame La Culpa","Luis Fonsi",1062948,https://open.spotify.com/track/1zsG4eaZmkA1dvjDDsAGLK
71,Familiar,"Liam Payne",1058579,https://open.spotify.com/track/0Y4hwUppbGc8aIBmiTz30A
72,"All Girls Are The Same","Juice WRLD",1047461,https://open.spotify.com/track/3H2JThgdBxezwj1wwafQS8
73,"New Light","John Mayer",1039582,https://open.spotify.com/track/3bH4HzoZZFq8UpZmI2AMgV
74,Perfect,"Ed Sheeran",1032936,https://open.spotify.com/track/0tgVpDi06FyKpA1z0VMD4v
75,"Madura (feat. Bad Bunny)",Cosculluela,1019544,https://open.spotify.com/track/0r9d60ZYPAlFHq8qnUtkXN
76,"La Cintura","Alvaro Soler",1012645,https://open.spotify.com/track/19MBk3PbNFE36wqIqkMq9H
77,"Bella - Remix",Wolfine,991502,https://open.spotify.com/track/0SaYeGhSXN0dDWstyNTQ56
78,"Por Perro","Sebastian Yatra",980052,https://open.spotify.com/track/2alIsNw1mqEShbWyO1HXZZ
79,"Spoil My Night (feat. Swae Lee)","Post Malone",979894,https://open.spotify.com/track/5VuxWXbt7XENQCtE9TzpTv
80,"Candy Paint","Post Malone",968246,https://open.spotify.com/track/32lItqlMi4LBhb4k0BaSaC
81,"I Fall Apart","Post Malone",965644,https://open.spotify.com/track/75ZvA4QfFiZvzhj2xkaWAh
82,"Powerglide (feat. Juicy J) - From SR3MM","Rae Sremmurd",949674,https://open.spotify.com/track/1BuZAIO8WZpavWVbbq3Lci
83,"Déjala Que Vuelva (feat. Manuel Turizo)","Piso 21",942847,https://open.spotify.com/track/1j6xOGusnyXq3l6IryKF3G
84,"I'll Be There","Jess Glynne",936513,https://open.spotify.com/track/083Qf6hn6sFL6xiOHlZUyn
85,Believer,"Imagine Dragons",932075,https://open.spotify.com/track/7Izh7zLJGw1Nscd62Exxj4
86,"Mad Love","Sean Paul",925483,https://open.spotify.com/track/3soOPBuMK8YMdWnV7xpEyf
87,"Te Amo","Piso 21",923299,https://open.spotify.com/track/2RVrdr062uLFxXwIxwdXPH
88,TATI,6ix9ine,922587,https://open.spotify.com/track/6kp0inxIexxSiDJfWqq0ZL
89,Thunder,"Imagine Dragons",919682,https://open.spotify.com/track/26gceVsA1ybT8qsX3aYLEn
90,Stay,"Post Malone",911667,https://open.spotify.com/track/4H7WNRErSbONkM06blBoGc
91,Criminal,"Natti Natasha",909228,https://open.spotify.com/track/6Za3190Sbw39BBC77WSS1C
92,JAPAN,"Famous Dex",899761,https://open.spotify.com/track/5PTG6rrL6EPFD9E2QMI2pl
93,"Welcome to the Party (with French Montana & Lil Pump, feat. Zhavia Ward) - from Deadpool 2",Diplo,880077,https://open.spotify.com/track/5mqzhMuUpvnMfwNz6iepmO
94,"XO TOUR Llif3","Lil Uzi Vert",877905,https://open.spotify.com/track/7GX5flRQZVHRAGd6B4TmDO
95,"Wake Me Up - Radio Edit",Avicii,871371,https://open.spotify.com/track/6g1NlCpW7fgqDnWbCCDrHl
96,"Audio - with Sia, Diplo & Labrinth",Sia,868815,https://open.spotify.com/track/7boPPE857KEqCIHNwFkDop
97,"Rich & Sad","Post Malone",859616,https://open.spotify.com/track/2VdT56BGpdqNHUgOe1j5vc
98,"Girls (feat. Cardi B, Bebe Rexha & Charli XCX)","Rita Ora",856901,https://open.spotify.com/track/1YNQscOx6OqBQjxgJVhEeW
99,Dembow,"Danny Ocean",854358,https://open.spotify.com/track/2EzRdhuoPyNJDlep7lnNf2
100,"Without You (feat. Sandro Cavazza)",Avicii,850622,https://open.spotify.com/track/6WbADFqMvR8N5u0BvtsWQE
101,KOD,"J. Cole",835563,https://open.spotify.com/track/7yotKA30dwTKNEGomV9ZsI
102,"Watch (feat. Lil Uzi Vert & Kanye West)","Travis Scott",830474,https://open.spotify.com/track/3DoBTwfr8yi2LN08SBpFkN
103,Ambiente,"J Balvin",822136,https://open.spotify.com/track/6VrBWh90BiwWmwKtvwWFcq
104,Wolves,"Selena Gomez",810111,https://open.spotify.com/track/7EmGUiUaOSGDnUUQUDrOXC
105,"Never Be the Same","Camila Cabello",803771,https://open.spotify.com/track/4eWQlBRaTjPPUlzacqEeoQ
106,Corazón,Maluma,800625,https://open.spotify.com/track/5cepAtqnEQ6yVG6088zMMu
107,"Feel It Still","Portugal. The Man",787417,https://open.spotify.com/track/6QgjcU0zLnzq5OrUoSZ3OK
108,Happier,"Ed Sheeran",784959,https://open.spotify.com/track/2RttW7RAu5nOAfq6YFvApB
109,Congratulations,"Post Malone",780836,https://open.spotify.com/track/3a1lNhkSLSkpJE4MSHpDu9
110,"Done For Me (feat. Kehlani)","Charlie Puth",780692,https://open.spotify.com/track/1lsBTdE6MGsKeZCD6llNu7
111,Esskeetit,"Lil Pump",780365,https://open.spotify.com/track/44KKhCyI0BGS6LvVyDqJtH
112,HUMBLE.,"Kendrick Lamar",776349,https://open.spotify.com/track/7KXjTSCq5nL1LoYtL7XAwS
113,"Say Something","Justin Timberlake",769054,https://open.spotify.com/track/1LhMopPAallLeaeNutqbgS
114,"Shoota (feat. Lil Uzi Vert)","Playboi Carti",766891,https://open.spotify.com/track/2BJSMvOGABRxokHKB0OI8i
115,"King's Dead (with Kendrick Lamar, Future & James Blake)","Jay Rock",764976,https://open.spotify.com/track/51rXHuKN8Loc4sUlKPODgH
116,Silence,Marshmello,763657,https://open.spotify.com/track/7vGuf3Y35N4wmASOKLUVVU
117,Ahora,"J Balvin",762467,https://open.spotify.com/track/2yBWnRKj0Zx7AF1kufajvW
118,"Mi Gente","J Balvin",755589,https://open.spotify.com/track/7COfe3P7KgfwDwIRB8LIDw
119,"Finesse (Remix) [feat. Cardi B]","Bruno Mars",749301,https://open.spotify.com/track/3Vo4wInECJQuz9BIBMOu8i
120,Downtown,Anitta,743810,https://open.spotify.com/track/3Ga6eKrUFf12ouh9Yw3v2D
121,Chun-Li,"Nicki Minaj",741371,https://open.spotify.com/track/2gTYVoQCUh0QNUaFix01ld
122,"Too Good At Goodbyes","Sam Smith",729468,https://open.spotify.com/track/1mXVgsBdtIVeCLJnSnmtdV
123,"Let Me",ZAYN,725379,https://open.spotify.com/track/7Fg342AJtNsIDdwCfX0paC
124,Solita,Ozuna,724048,https://open.spotify.com/track/7rwX0O3RlxqqIjQM8evm5E
125,Sensualidad,"Bad Bunny",723771,https://open.spotify.com/track/5hcisvFMidkMJlElTO9Qmw
126,Amorfoda,"Bad Bunny",714557,https://open.spotify.com/track/3ITvHA9zhZZdBJsOsAUegF
127,"Give Yourself A Try","The 1975",713279,https://open.spotify.com/track/619pVMIK3WvX529JIkQTY3
128,Africa,Toto,713261,https://open.spotify.com/track/2374M0fQpWi3dLnB54qaLX
129,1950,"King Princess",708798,https://open.spotify.com/track/0CZ8lquoTX2Dkg7Ak2inwA
130,"Young Dumb & Broke",Khalid,707506,https://open.spotify.com/track/5Z3GHaZ6ec9bsiI5BenrbY
131,Unica,Ozuna,704146,https://open.spotify.com/track/6752EZMgXswvRBH3N2PilO
132,"Over Now","Post Malone",702615,https://open.spotify.com/track/09IOPhEh1OMe0HD9b36FJk
133,Unforgettable,"French Montana",699846,https://open.spotify.com/track/3B54sVLJ402zGa6Xm4YGNe
134,"What Lovers Do (feat. SZA)","Maroon 5",695237,https://open.spotify.com/track/3hBBKuWJfxlIlnd9QFoC8k
135,"One Dance",Drake,693542,https://open.spotify.com/track/1xznGGDReH1oQq0xzbwXa3
136,Bella,Wolfine,689062,https://open.spotify.com/track/3xcCix7Jv1Rp90YVmgo35D
137,"Start Again (feat. Logic)",OneRepublic,689001,https://open.spotify.com/track/1Nj2oBISdFDSF8eDuXcALz
138,"El Farsante - Remix",Ozuna,688885,https://open.spotify.com/track/7uYgVgRSgqluZclLS7wpp4
139,"Jocelyn Flores",XXXTENTACION,685612,https://open.spotify.com/track/7m9OqQk4RVRkw9JJdeAw96
140,"Say You Won't Let Go","James Arthur",682958,https://open.spotify.com/track/5uCax9HTNlzGybIStD3vDh
141,"Be Careful","Cardi B",678893,https://open.spotify.com/track/2Yl4OmDby9iitgNWZPwxkd
142,goosebumps,"Travis Scott",677263,https://open.spotify.com/track/6gBFPUFcJLzWGx4lenP6h2
143,Delicate,"Taylor Swift",676438,https://open.spotify.com/track/7CneiDesUKFJO3Ix01dnfr
144,"Ao Vivo E A Cores","Matheus & Kauan",669978,https://open.spotify.com/track/2Ab1wPTEqulaCGoBak1gUo
145,"92 Explorer","Post Malone",669007,https://open.spotify.com/track/1D2L6MefbXon28PzIk9I3r
146,"Sangria Wine","Pharrell Williams",667406,https://open.spotify.com/track/6XlSyYFTU1nodeWwwzVgTV
147,"Mi Cama","Karol G",666975,https://open.spotify.com/track/7sFYVcKSb24qg0dAkqLEFj
148,"Pray For Me (with Kendrick Lamar)","The Weeknd",666529,https://open.spotify.com/track/4ofvoCdXq99vpMZO4Cfp8x
149,"I Wanna Know (feat. Bea Miller)",NOTD,666273,https://open.spotify.com/track/18W92Zm1KjLCbUIszOhpkD
150,"Something Just Like This","The Chainsmokers",660051,https://open.spotify.com/track/6RUKPb4LETWmmr3iAEQktW
151,"Me Rehúso","Danny Ocean",659715,https://open.spotify.com/track/6De0lHrwBfPfrhorm9q1Xl
152,"This Is Me","Keala Settle",658237,https://open.spotify.com/track/2xGjteMU3E1tkEPVFBO08U
153,"Despacito - Remix","Luis Fonsi",658151,https://open.spotify.com/track/5CtI0qwDJkDQGwXD1H1cLb
154,Moonlight,XXXTENTACION,656935,https://open.spotify.com/track/0JP9xo3adEtGSdUEISiszL
155,"More Than You Know","Axwell /\ Ingrosso",656484,https://open.spotify.com/track/71bBFbfn2OBK5QwUJSLS44
156,"Let You Down",NF,654589,https://open.spotify.com/track/6mrKP2jyIQmM0rw6fQryjr
157,Body,"Loud Luxury",651651,https://open.spotify.com/track/43V1z6QToNNWNldV4FEG6r
158,Closer,"The Chainsmokers",649772,https://open.spotify.com/track/7BKLCZ1jbUBVqRi2FVlTVw
159,"Lost In Japan","Shawn Mendes",648479,https://open.spotify.com/track/6WBTeFDEfAJbaSUUc1V1xQ
160,"Duro y Suave","Leslie Grace",645810,https://open.spotify.com/track/31M5m42C3EGlbydf9XB5to
161,"River (feat. Ed Sheeran)",Eminem,642914,https://open.spotify.com/track/5UEnHoDYpsxlfzWLZIc7LD
162,"Amor Falso","Aldair Playboy",640650,https://open.spotify.com/track/00zzSEe82JTtz68XlARnh7
163,"Propaganda - Ao Vivo","Jorge & Mateus",638888,https://open.spotify.com/track/74n5d5M21JnC4WJ6gdkggK
164,"To My Love - Tainy Remix","Bomba Estéreo",638359,https://open.spotify.com/track/5LciLoxa1gK70yIUeoHgRx
165,"Champion (feat. Travis Scott)",NAV,638096,https://open.spotify.com/track/6nO3tr47nr2P7f3hXb8JIo
166,"Stir Fry",Migos,637005,https://open.spotify.com/track/2UVbBKQOdFAekPTRsnkzcf
167,"I Like Me Better",Lauv,636111,https://open.spotify.com/track/2P91MQbaiQOfbiz9VqhqKQ
168,Everyday,Logic,634899,https://open.spotify.com/track/4EAV2cKiqKP5UPZmY6dejk
169,"Rewrite The Stars","Zac Efron",634699,https://open.spotify.com/track/630sXRhIcfwr2e4RdNtjKN
170,"EL BAÑO","Enrique Iglesias",633532,https://open.spotify.com/track/2vvdTrdryjsl8DmPIMDWZU
171,"One Night Stand","Capital Bra",632646,https://open.spotify.com/track/4gALhhysObk59C3fxeTLwh
172,"Dusk Till Dawn - Radio Edit",ZAYN,632292,https://open.spotify.com/track/1j4kHkkpqZRBwE0A4CN4Yv
173,"Perfect Duet (Ed Sheeran & Beyoncé)","Ed Sheeran",631758,https://open.spotify.com/track/1bhUWB0zJMIKr9yVPrkEuI
174,"Nena Maldicion (feat. Lenny Tavarez)","Paulo Londra",628350,https://open.spotify.com/track/3TnhQSRwT3AVMdXw5JPq0x
175,"PICK IT UP (feat. A$AP Rocky)","Famous Dex",624909,https://open.spotify.com/track/0dSIrRkA4PadGll16TgbnV
176,"Whatever It Takes","Imagine Dragons",623405,https://open.spotify.com/track/7F3uo3304R2CTvOseU3H7u
177,"Answerphone (feat. Yxng Bane)","Banx & Ranx",621877,https://open.spotify.com/track/1HagMz5nWk1HmevNCBOxF3
178,"Same Bitches (feat. G-Eazy & YG)","Post Malone",619415,https://open.spotify.com/track/688QpQAwqsLdBR6lr13wK1
179,"Bodak Yellow","Cardi B",617649,https://open.spotify.com/track/6KBYefIoo7KydImq1uUQlL
180,"Zack And Codeine","Post Malone",613360,https://open.spotify.com/track/5lZZmityu9TAjNvSY6GLhR
181,Attention,"Charlie Puth",608323,https://open.spotify.com/track/5cF0dROlMOK5uNZtivgu50
182,"Wonderwall - Remastered",Oasis,606386,https://open.spotify.com/track/5qqabIl2vWzo9ApSC317sa
183,Location,Khalid,605917,https://open.spotify.com/track/152lZdxL1OR0ZMW6KquMif
184,"Lonely Together (feat. Rita Ora)",Avicii,602373,https://open.spotify.com/track/2OALaHcDdKkjYEpAr0Qzab
185,"Thinking Out Loud","Ed Sheeran",589527,https://open.spotify.com/track/1Slwb6dOYkBlWal1PGtnNg
186,"Romance Com Safadeza","Wesley Safadão",585347,https://open.spotify.com/track/0RBOFW5424gCCCZrgECbt6
187,"I Miss You (feat. Julia Michaels)","Clean Bandit",582929,https://open.spotify.com/track/2xmrfQpmS2iJExTlklLoAL
188,"I'm Yours","Jason Mraz",582400,https://open.spotify.com/track/3S0OXQeoh0w6AY8WQVckRW
189,"Live It Up - Official Song 2018 FIFA World Cup Russia","Nicky Jam",581983,https://open.spotify.com/track/4DnHUy01jEA4b5ydC3HgsT
190,"If You Know You Know","Pusha T",581263,https://open.spotify.com/track/6bGwKHXHNLmTy6yt147FPh
191,Redbone,"Childish Gambino",578812,https://open.spotify.com/track/3kxfsdsCpFgN412fpnW85Y
192,"Bank Account","21 Savage",578504,https://open.spotify.com/track/2fQrGHiQOvpL9UgPvtYy6G
193,"Where Were You In The Morning?","Shawn Mendes",575812,https://open.spotify.com/track/51wrmElSLxFzc0vSQPeTxs
194,"Takin' Shots","Post Malone",575521,https://open.spotify.com/track/5ffntNJnJOeFv7b7DCd0Bw
195,"There's Nothing Holdin' Me Back","Shawn Mendes",573956,https://open.spotify.com/track/79cuOz3SPQTuFrp8WgftAu
196,"Sorry Not Sorry","Demi Lovato",571709,https://open.spotify.com/track/3m660poUr1chesgkkjQM7P
197,"The Night We Met","Lord Huron",570859,https://open.spotify.com/track/6mORGLOz79w6VsCRLWYYuK
198,1-800-273-8255,Logic,570707,https://open.spotify.com/track/5tz69p7tJuGPeMGwNTxYuV
199,Lullaby,Sigala,566948,https://open.spotify.com/track/5xzCzOAOfRi4DOttSzvznR
200,"That's What I Like","Bruno Mars",566522,https://open.spotify.com/track/0KKkJNfGyhkQ5aFogxQAPU
