,,,"Note that these figures are generated using a formula that protects against any artificial inflation of chart positions.",
Position,"Track Name",Artist,Streams,URL
1,"One Kiss (with Dua Lipa)","Calvin Harris",4041183,https://open.spotify.com/track/7ef4DlsgrMEH11cDZd32M6
2,"Better Now","Post Malone",3983183,https://open.spotify.com/track/7dt6x5M1jzdTEt8oCbisTK
3,"Nice For What",Drake,3564494,https://open.spotify.com/track/1cTZMwcBJT0Ka3UJPXOeeN
4,"God's Plan",Drake,3137767,https://open.spotify.com/track/2XW4DbS6NddZxRPm5rMCeY
5,"no tears left to cry","Ariana Grande",3077009,https://open.spotify.com/track/5SxkdsY1ufZzoq9iXceLw9
6,"This Is America","Childish Gambino",2902180,https://open.spotify.com/track/0b9oOr2ZgvyQu88wzixux9
7,X,"Nicky Jam",2661187,https://open.spotify.com/track/39N9RPD9MRb5WmoLzNzPeA
8,"Te Boté - Remix","Nio Garcia",2633318,https://open.spotify.com/track/3V8UKqhEK5zBkBb6d6ub8i
9,"I Like It","Cardi B",2559309,https://open.spotify.com/track/58q2HKrzhC3ozto2nDdN4z
10,FRIENDS,Marshmello,2516850,https://open.spotify.com/track/08bNPGLD8AhKpnnERrAc6G
11,"Psycho (feat. Ty Dolla $ign)","Post Malone",2498043,https://open.spotify.com/track/3swc6WTsr7rl9DqQKQA55C
12,"Back To You","Selena Gomez",2403659,https://open.spotify.com/track/514rhnksEwHUh6LxXsQ4Y9
13,"In My Blood","Shawn Mendes",2255545,https://open.spotify.com/track/21YnmkSDhUkmkkni22Svc4
14,"Yes Indeed","Lil Baby",2182367,https://open.spotify.com/track/6vN77lE9LK6HP2DewaN6HZ
15,"Love Lies (with Normani)",Khalid,2073470,https://open.spotify.com/track/45Egmo7icyopuzJN0oMEdk
16,"rockstar (feat. 21 Savage)","Post Malone",2038596,https://open.spotify.com/track/0e7ipj03S05BNilyu5bRzt
17,"I'm Upset",Drake,2013561,https://open.spotify.com/track/54oMZ3blwWwuPN4wEoG5mk
18,"The Middle",Zedd,1998917,https://open.spotify.com/track/2ARqIya5NAuvFVHSN3bL0m
19,"Lucid Dreams","Juice WRLD",1978568,https://open.spotify.com/track/0X8DcetL926BYiPJYstJTc
20,Youngblood,"5 Seconds of Summer",1946179,https://open.spotify.com/track/55S2PQgSMYAhgoTCcGCDfw
21,Nevermind,"Dennis Lloyd",1941618,https://open.spotify.com/track/63SevszngYpZOwf63o61K4
22,"Youth feat. Khalid","Shawn Mendes",1900121,https://open.spotify.com/track/5SwEgzUFDHwpWHKrbnP32Z
23,Flames,"David Guetta",1860249,https://open.spotify.com/track/33IOhptvC2Qoy2UhjiHXLV
24,IDGAF,"Dua Lipa",1859349,https://open.spotify.com/track/76cy1WJvNGJTj78UqeA5zr
25,"Look Alive (feat. Drake)","BlocBoy JB",1804365,https://open.spotify.com/track/4qKcDkK6siZ7Jp1Jb4m0aL
26,"Freaky Friday (feat. Chris Brown)","Lil Dicky",1800325,https://open.spotify.com/track/10Igtw8bSDyyFs7KIsKngZ
27,"These Days (feat. Jess Glynne, Macklemore & Dan Caplen)",Rudimental,1691847,https://open.spotify.com/track/5CLGzJsGqhCEECcpnFQA8x
28,"Praise The Lord (Da Shine)","A$AP Rocky",1663189,https://open.spotify.com/track/7ycWLEP1GsNjVvcjawXz3z
29,"Call Out My Name","The Weeknd",1624686,https://open.spotify.com/track/1gm616Plq4ScqNi7TVkZ5N
30,"Solo (feat. Demi Lovato)","Clean Bandit",1558653,https://open.spotify.com/track/6kPJZM97LwdG9QIsT7khp6
31,2002,Anne-Marie,1535027,https://open.spotify.com/track/6SFStUDQZNaGPKWOx9ZiJB
32,"Me Niego",Reik,1534191,https://open.spotify.com/track/6jA8JUuPCGYjFcgw0AoM5T
33,"Playinwitme (feat. Kehlani)",KYLE,1533210,https://open.spotify.com/track/4F1yvJfQ7gJkrcgFJQDjOr
34,Nervous,"Shawn Mendes",1520573,https://open.spotify.com/track/0Dq49j3dELbttQVUJbtn0c
35,"lovely (with Khalid)","Billie Eilish",1518234,https://open.spotify.com/track/0u2P5u6lvoDfwTYjAADbn4
36,OTW,Khalid,1499868,https://open.spotify.com/track/6Hgh47WXVKtXN5zGOu0hjI
37,"Meant to Be (feat. Florida Georgia Line)","Bebe Rexha",1469873,https://open.spotify.com/track/7iDa6hUg2VgEL1o1HjmfBn
38,"FAKE LOVE",BTS,1457041,https://open.spotify.com/track/3aW0ds4A4tSQDIp75FqWTo
39,"Remind Me to Forget",Kygo,1432427,https://open.spotify.com/track/6xTU6B6nFwKKTSZ9ySXS80
40,Havana,"Camila Cabello",1401682,https://open.spotify.com/track/1rfofaqEpACxVEHIZBJe6W
41,SAD!,XXXTENTACION,1384611,https://open.spotify.com/track/3ee8Jmje8o58CHK66QrVC2
42,"Sin Pijama","Becky G",1383805,https://open.spotify.com/track/2ijef6ni2amuunRoKTlgww
43,Paranoid,"Post Malone",1374559,https://open.spotify.com/track/3fpVWegR6YOS1Yk5HSMYIq
44,"All The Stars (with SZA)","Kendrick Lamar",1338783,https://open.spotify.com/track/3GCdLUSnKSMJhs4Tj6CV3s
45,"1, 2, 3 (feat. Jason Derulo & De La Ghetto)","Sofia Reyes",1311432,https://open.spotify.com/track/4QtiVmuA88tPQiCOHZuQ5b
46,"Walk It Talk It",Migos,1271793,https://open.spotify.com/track/6n4U3TlzUGhdSFbUUhTvLP
47,"Shape of You","Ed Sheeran",1263311,https://open.spotify.com/track/7qiZfU4dY1lWllzX7mPBI3
48,"New Rules","Dua Lipa",1262797,https://open.spotify.com/track/2ekn2ttSfGqwhhate0LSR0
49,Mine,Bazzi,1225503,https://open.spotify.com/track/7uzmGiiJyRfuViKKK3lVmR
50,"Dura - Remix","Daddy Yankee",1174178,https://open.spotify.com/track/6U2NuJILEOEpW2tVCuqKHb
51,"Plug Walk","Rich The Kid",1172299,https://open.spotify.com/track/6mAz8D1TmlTuef90dbNIiZ
52,"Ball For Me (feat. Nicki Minaj)","Post Malone",1170714,https://open.spotify.com/track/6IaieqiCVvsNvEt6Y7yOFa
53,TATI,6ix9ine,1094432,https://open.spotify.com/track/6kp0inxIexxSiDJfWqq0ZL
54,"Like I Do","David Guetta",1074750,https://open.spotify.com/track/6RnkFd8Fqqgk1Uni8RgqCQ
55,"Ric Flair Drip (& Metro Boomin)",Offset,1067886,https://open.spotify.com/track/7sO5G9EABYOXQKNPNiE9NR
56,Somebody,"The Chainsmokers",1062447,https://open.spotify.com/track/3pWcj8hxj3fsb9TDAcMpEl
57,"Powerglide (feat. Juicy J) - From SR3MM","Rae Sremmurd",1030552,https://open.spotify.com/track/1BuZAIO8WZpavWVbbq3Lci
58,Dura,"Daddy Yankee",1029168,https://open.spotify.com/track/2j2fIJGh4PMdXt9ULI5Tlc
59,"Síguelo Bailando",Ozuna,1028672,https://open.spotify.com/track/5Y9fnynLlIvqtM710MHzfz
60,"El Préstamo",Maluma,1016011,https://open.spotify.com/track/2XVilv6s9GETnw9PG4T9Mz
61,"Jackie Chan",Tiësto,1010887,https://open.spotify.com/track/4kWO6O1BUXcZmaxitpVUwp
62,Perfect,"Ed Sheeran",1009511,https://open.spotify.com/track/0tgVpDi06FyKpA1z0VMD4v
63,"Spoil My Night (feat. Swae Lee)","Post Malone",1009198,https://open.spotify.com/track/5VuxWXbt7XENQCtE9TzpTv
64,Stay,"Post Malone",1006150,https://open.spotify.com/track/4H7WNRErSbONkM06blBoGc
65,"La Player (Bandolera)","Zion & Lennox",1001940,https://open.spotify.com/track/0VKkyBKCXyR99navhVRqcP
66,Familiar,"Liam Payne",996615,https://open.spotify.com/track/0Y4hwUppbGc8aIBmiTz30A
67,"Taste (feat. Offset)",Tyga,986794,https://open.spotify.com/track/5IaHrVsrferBYDm0bDyABy
68,"Where Were You In The Morning?","Shawn Mendes",983841,https://open.spotify.com/track/51wrmElSLxFzc0vSQPeTxs
69,"Lost In Japan","Shawn Mendes",953215,https://open.spotify.com/track/6WBTeFDEfAJbaSUUc1V1xQ
70,"I Fall Apart","Post Malone",949275,https://open.spotify.com/track/75ZvA4QfFiZvzhj2xkaWAh
71,"Welcome to the Party (with French Montana & Lil Pump, feat. Zhavia Ward) - from Deadpool 2",Diplo,932788,https://open.spotify.com/track/5mqzhMuUpvnMfwNz6iepmO
72,"Échame La Culpa","Luis Fonsi",928789,https://open.spotify.com/track/1zsG4eaZmkA1dvjDDsAGLK
73,"All Girls Are The Same","Juice WRLD",923818,https://open.spotify.com/track/3H2JThgdBxezwj1wwafQS8
74,"Candy Paint","Post Malone",912378,https://open.spotify.com/track/32lItqlMi4LBhb4k0BaSaC
75,Believer,"Imagine Dragons",910593,https://open.spotify.com/track/7Izh7zLJGw1Nscd62Exxj4
76,"Rich & Sad","Post Malone",896134,https://open.spotify.com/track/2VdT56BGpdqNHUgOe1j5vc
77,"Te Amo","Piso 21",884676,https://open.spotify.com/track/2RVrdr062uLFxXwIxwdXPH
78,"Mad Love","Sean Paul",877078,https://open.spotify.com/track/3soOPBuMK8YMdWnV7xpEyf
79,Thunder,"Imagine Dragons",871598,https://open.spotify.com/track/26gceVsA1ybT8qsX3aYLEn
80,"XO TOUR Llif3","Lil Uzi Vert",871253,https://open.spotify.com/track/7GX5flRQZVHRAGd6B4TmDO
81,JAPAN,"Famous Dex",865273,https://open.spotify.com/track/5PTG6rrL6EPFD9E2QMI2pl
82,"Done For Me (feat. Kehlani)","Charlie Puth",862652,https://open.spotify.com/track/1lsBTdE6MGsKeZCD6llNu7
83,"Madura (feat. Bad Bunny)",Cosculluela,858861,https://open.spotify.com/track/0r9d60ZYPAlFHq8qnUtkXN
84,"Bella - Remix",Wolfine,846847,https://open.spotify.com/track/0SaYeGhSXN0dDWstyNTQ56
85,"Déjala Que Vuelva (feat. Manuel Turizo)","Piso 21",844340,https://open.spotify.com/track/1j6xOGusnyXq3l6IryKF3G
86,Happier,"Ed Sheeran",836101,https://open.spotify.com/track/2RttW7RAu5nOAfq6YFvApB
87,"Let Me",ZAYN,833697,https://open.spotify.com/track/7Fg342AJtNsIDdwCfX0paC
88,"Girls (feat. Cardi B, Bebe Rexha & Charli XCX)","Rita Ora",827956,https://open.spotify.com/track/1YNQscOx6OqBQjxgJVhEeW
89,KOD,"J. Cole",827907,https://open.spotify.com/track/7yotKA30dwTKNEGomV9ZsI
90,"Por Perro","Sebastian Yatra",821912,https://open.spotify.com/track/2alIsNw1mqEShbWyO1HXZZ
91,"Never Be the Same","Camila Cabello",817459,https://open.spotify.com/track/4eWQlBRaTjPPUlzacqEeoQ
92,Wolves,"Selena Gomez",815758,https://open.spotify.com/track/7EmGUiUaOSGDnUUQUDrOXC
93,1950,"King Princess",807903,https://open.spotify.com/track/0CZ8lquoTX2Dkg7Ak2inwA
94,"Sangria Wine","Pharrell Williams",807757,https://open.spotify.com/track/6XlSyYFTU1nodeWwwzVgTV
95,"New Light","John Mayer",807121,https://open.spotify.com/track/3bH4HzoZZFq8UpZmI2AMgV
96,"One Night Stand","Capital Bra",802373,https://open.spotify.com/track/4gALhhysObk59C3fxeTLwh
97,"La Cintura","Alvaro Soler",801085,https://open.spotify.com/track/19MBk3PbNFE36wqIqkMq9H
98,"I'll Be There","Jess Glynne",798525,https://open.spotify.com/track/083Qf6hn6sFL6xiOHlZUyn
99,"Feel It Still","Portugal. The Man",797660,https://open.spotify.com/track/6QgjcU0zLnzq5OrUoSZ3OK
100,"Wake Me Up - Radio Edit",Avicii,790567,https://open.spotify.com/track/6g1NlCpW7fgqDnWbCCDrHl
101,"Say Something","Justin Timberlake",786157,https://open.spotify.com/track/1LhMopPAallLeaeNutqbgS
102,"Without You (feat. Sandro Cavazza)",Avicii,782745,https://open.spotify.com/track/6WbADFqMvR8N5u0BvtsWQE
103,"Like To Be You feat. Julia Michaels","Shawn Mendes",780696,https://open.spotify.com/track/5QskYLFPX9y7pLU0VEMNbr
104,Criminal,"Natti Natasha",769715,https://open.spotify.com/track/6Za3190Sbw39BBC77WSS1C
105,"Watch (feat. Lil Uzi Vert & Kanye West)","Travis Scott",769575,https://open.spotify.com/track/3DoBTwfr8yi2LN08SBpFkN
106,"Too Good At Goodbyes","Sam Smith",768551,https://open.spotify.com/track/1mXVgsBdtIVeCLJnSnmtdV
107,"Fallin' All In You","Shawn Mendes",766488,https://open.spotify.com/track/5I8oEqbk2ZBmQfXCrZbUFb
108,Silence,Marshmello,758770,https://open.spotify.com/track/7vGuf3Y35N4wmASOKLUVVU
109,"Mi Gente","J Balvin",758458,https://open.spotify.com/track/7COfe3P7KgfwDwIRB8LIDw
110,Ambiente,"J Balvin",757745,https://open.spotify.com/track/6VrBWh90BiwWmwKtvwWFcq
111,HUMBLE.,"Kendrick Lamar",756256,https://open.spotify.com/track/7KXjTSCq5nL1LoYtL7XAwS
112,Chun-Li,"Nicki Minaj",741170,https://open.spotify.com/track/2gTYVoQCUh0QNUaFix01ld
113,Dembow,"Danny Ocean",739400,https://open.spotify.com/track/2EzRdhuoPyNJDlep7lnNf2
114,"Over Now","Post Malone",739189,https://open.spotify.com/track/09IOPhEh1OMe0HD9b36FJk
115,Congratulations,"Post Malone",738875,https://open.spotify.com/track/3a1lNhkSLSkpJE4MSHpDu9
116,Esskeetit,"Lil Pump",738548,https://open.spotify.com/track/44KKhCyI0BGS6LvVyDqJtH
117,Ahora,"J Balvin",729629,https://open.spotify.com/track/2yBWnRKj0Zx7AF1kufajvW
118,"Jocelyn Flores",XXXTENTACION,726997,https://open.spotify.com/track/7m9OqQk4RVRkw9JJdeAw96
119,"Shoota (feat. Lil Uzi Vert)","Playboi Carti",724226,https://open.spotify.com/track/2BJSMvOGABRxokHKB0OI8i
120,"Finesse (Remix) [feat. Cardi B]","Bruno Mars",711653,https://open.spotify.com/track/3Vo4wInECJQuz9BIBMOu8i
121,"King's Dead (with Kendrick Lamar, Future & James Blake)","Jay Rock",711404,https://open.spotify.com/track/51rXHuKN8Loc4sUlKPODgH
122,"Young Dumb & Broke",Khalid,710095,https://open.spotify.com/track/5Z3GHaZ6ec9bsiI5BenrbY
123,Corazón,Maluma,708326,https://open.spotify.com/track/5cepAtqnEQ6yVG6088zMMu
124,"Say You Won't Let Go","James Arthur",705242,https://open.spotify.com/track/5uCax9HTNlzGybIStD3vDh
125,"A$AP Forever REMIX","A$AP Rocky",703694,https://open.spotify.com/track/3oHkMCVJyOcjg5FhfLc2Rq
126,"I Wanna Know (feat. Bea Miller)",NOTD,702447,https://open.spotify.com/track/18W92Zm1KjLCbUIszOhpkD
127,"Be Careful","Cardi B",697955,https://open.spotify.com/track/2Yl4OmDby9iitgNWZPwxkd
128,"92 Explorer","Post Malone",692062,https://open.spotify.com/track/1D2L6MefbXon28PzIk9I3r
129,"One Dance",Drake,683842,https://open.spotify.com/track/1xznGGDReH1oQq0xzbwXa3
130,"Pray For Me (with Kendrick Lamar)","The Weeknd",681455,https://open.spotify.com/track/4ofvoCdXq99vpMZO4Cfp8x
131,Downtown,Anitta,678736,https://open.spotify.com/track/3Ga6eKrUFf12ouh9Yw3v2D
132,Moonlight,XXXTENTACION,676722,https://open.spotify.com/track/0JP9xo3adEtGSdUEISiszL
133,Delicate,"Taylor Swift",671572,https://open.spotify.com/track/7CneiDesUKFJO3Ix01dnfr
134,"Rewrite The Stars","Zac Efron",669867,https://open.spotify.com/track/630sXRhIcfwr2e4RdNtjKN
135,"Zack And Codeine","Post Malone",667494,https://open.spotify.com/track/5lZZmityu9TAjNvSY6GLhR
136,"Answerphone (feat. Yxng Bane)","Banx & Ranx",663509,https://open.spotify.com/track/1HagMz5nWk1HmevNCBOxF3
137,Mutual,"Shawn Mendes",661440,https://open.spotify.com/track/0rrfXLr1p1yxsUy7LrKoYT
138,"Audio - with Sia, Diplo & Labrinth",Sia,659788,https://open.spotify.com/track/7boPPE857KEqCIHNwFkDop
139,"Same Bitches (feat. G-Eazy & YG)","Post Malone",656725,https://open.spotify.com/track/688QpQAwqsLdBR6lr13wK1
140,"Because I Had You","Shawn Mendes",652815,https://open.spotify.com/track/7hlhojpax9zg2FNdBLY5ox
141,"Dusk Till Dawn - Radio Edit",ZAYN,652389,https://open.spotify.com/track/1j4kHkkpqZRBwE0A4CN4Yv
142,"Let You Down",NF,652173,https://open.spotify.com/track/6mrKP2jyIQmM0rw6fQryjr
143,"Something Just Like This","The Chainsmokers",649839,https://open.spotify.com/track/6RUKPb4LETWmmr3iAEQktW
144,"Particular Taste","Shawn Mendes",648857,https://open.spotify.com/track/1mmAqhLcvPrknbslMiDlyU
145,"Stir Fry",Migos,646735,https://open.spotify.com/track/2UVbBKQOdFAekPTRsnkzcf
146,"River (feat. Ed Sheeran)",Eminem,646184,https://open.spotify.com/track/5UEnHoDYpsxlfzWLZIc7LD
147,"Airplane pt.2",BTS,645045,https://open.spotify.com/track/1trFxVLL8WKhYap543e74l
148,"Perfect Duet (Ed Sheeran & Beyoncé)","Ed Sheeran",644797,https://open.spotify.com/track/1bhUWB0zJMIKr9yVPrkEuI
149,"What Lovers Do (feat. SZA)","Maroon 5",644535,https://open.spotify.com/track/3hBBKuWJfxlIlnd9QFoC8k
150,Attention,"Charlie Puth",644211,https://open.spotify.com/track/5cF0dROlMOK5uNZtivgu50
151,Unforgettable,"French Montana",643223,https://open.spotify.com/track/3B54sVLJ402zGa6Xm4YGNe
152,"The Night We Met","Lord Huron",640757,https://open.spotify.com/track/24MGEzm6xAO1nFgVVp37YI
153,Amorfoda,"Bad Bunny",638722,https://open.spotify.com/track/3ITvHA9zhZZdBJsOsAUegF
154,Bella,Wolfine,635593,https://open.spotify.com/track/3xcCix7Jv1Rp90YVmgo35D
155,"This Is Me","Keala Settle",635570,https://open.spotify.com/track/2xGjteMU3E1tkEPVFBO08U
156,Everyday,Logic,631648,https://open.spotify.com/track/4EAV2cKiqKP5UPZmY6dejk
157,Sensualidad,"Bad Bunny",630507,https://open.spotify.com/track/5hcisvFMidkMJlElTO9Qmw
158,Closer,"The Chainsmokers",630313,https://open.spotify.com/track/7BKLCZ1jbUBVqRi2FVlTVw
159,Why,"Shawn Mendes",630060,https://open.spotify.com/track/1KXFoiT2n4QXRsFvhWNI4I
160,"Fukk Sleep","A$AP Rocky",628278,https://open.spotify.com/track/1AqemxWsT0iGg5Lvkm16Bt
161,goosebumps,"Travis Scott",626220,https://open.spotify.com/track/6gBFPUFcJLzWGx4lenP6h2
162,"Perfectly Wrong","Shawn Mendes",623910,https://open.spotify.com/track/0UTHr20nqVFMoji8xYE9yl
163,Location,Khalid,622621,https://open.spotify.com/track/152lZdxL1OR0ZMW6KquMif
164,"PICK IT UP (feat. A$AP Rocky)","Famous Dex",617243,https://open.spotify.com/track/0dSIrRkA4PadGll16TgbnV
165,"More Than You Know","Axwell /\ Ingrosso",616739,https://open.spotify.com/track/71bBFbfn2OBK5QwUJSLS44
166,Africa,Toto,614227,https://open.spotify.com/track/2374M0fQpWi3dLnB54qaLX
167,"Takin' Shots","Post Malone",610605,https://open.spotify.com/track/5ffntNJnJOeFv7b7DCd0Bw
168,"Genius - with Sia, Diplo & Labrinth",Sia,610585,https://open.spotify.com/track/73F87Sqh6jQWucOOvz1WFx
169,Solita,Ozuna,606330,https://open.spotify.com/track/7rwX0O3RlxqqIjQM8evm5E
170,"Whatever It Takes","Imagine Dragons",601094,https://open.spotify.com/track/7F3uo3304R2CTvOseU3H7u
171,"Lonely Together (feat. Rita Ora)",Avicii,599439,https://open.spotify.com/track/2OALaHcDdKkjYEpAr0Qzab
172,changes,XXXTENTACION,598320,https://open.spotify.com/track/7AFASza1mXqntmGtbxXprO
173,Anpanman,BTS,596528,https://open.spotify.com/track/4lRwa7PKcGIuJMwtPIYKdy
174,Entertainer,ZAYN,596426,https://open.spotify.com/track/5LTGmestwpHZ1BfCmpFQJx
175,"There's Nothing Holdin' Me Back","Shawn Mendes",596273,https://open.spotify.com/track/79cuOz3SPQTuFrp8WgftAu
176,Queen,"Shawn Mendes",596147,https://open.spotify.com/track/17FyWGvqby379Q92sn23jW
177,Unica,Ozuna,596126,https://open.spotify.com/track/6752EZMgXswvRBH3N2PilO
178,"I Like Me Better",Lauv,594677,https://open.spotify.com/track/1wjzFQodRWrPcQ0AnYnvQ9
179,"Start Again (feat. Logic)",OneRepublic,591651,https://open.spotify.com/track/1Nj2oBISdFDSF8eDuXcALz
180,"Champion (feat. Travis Scott)",NAV,587418,https://open.spotify.com/track/6nO3tr47nr2P7f3hXb8JIo
181,1-800-273-8255,Logic,587359,https://open.spotify.com/track/5tz69p7tJuGPeMGwNTxYuV
182,"The Truth Untold",BTS,585951,https://open.spotify.com/track/48XfojJC87VKLlUotYV0Gm
183,"I Miss You (feat. Julia Michaels)","Clean Bandit",584756,https://open.spotify.com/track/2xmrfQpmS2iJExTlklLoAL
184,"I'm Yours","Jason Mraz",584504,https://open.spotify.com/track/3S0OXQeoh0w6AY8WQVckRW
185,"Thinking Out Loud","Ed Sheeran",584005,https://open.spotify.com/track/1Slwb6dOYkBlWal1PGtnNg
186,Breathe,"Jax Jones",582077,https://open.spotify.com/track/6tvQzeCPwOytDlBYCIOY0n
187,"El Farsante - Remix",Ozuna,575785,https://open.spotify.com/track/7uYgVgRSgqluZclLS7wpp4
188,"Wonderwall - Remastered",Oasis,575654,https://open.spotify.com/track/5qqabIl2vWzo9ApSC317sa
189,"Bank Account","21 Savage",569026,https://open.spotify.com/track/2fQrGHiQOvpL9UgPvtYy6G
190,"Sorry Not Sorry","Demi Lovato",568480,https://open.spotify.com/track/3m660poUr1chesgkkjQM7P
191,"Me Rehúso","Danny Ocean",568231,https://open.spotify.com/track/6De0lHrwBfPfrhorm9q1Xl
192,Redbone,"Childish Gambino",567179,https://open.spotify.com/track/3kxfsdsCpFgN412fpnW85Y
193,Body,"Loud Luxury",566311,https://open.spotify.com/track/43V1z6QToNNWNldV4FEG6r
194,"Despacito - Remix","Luis Fonsi",566184,https://open.spotify.com/track/5CtI0qwDJkDQGwXD1H1cLb
195,"To My Love - Tainy Remix","Bomba Estéreo",563029,https://open.spotify.com/track/5LciLoxa1gK70yIUeoHgRx
196,"EL BAÑO","Enrique Iglesias",562595,https://open.spotify.com/track/2vvdTrdryjsl8DmPIMDWZU
197,Photograph,"Ed Sheeran",562217,https://open.spotify.com/track/6fxVffaTuwjgEk5h9QyRjy
198,"Duro y Suave","Leslie Grace",559788,https://open.spotify.com/track/31M5m42C3EGlbydf9XB5to
199,"Bodak Yellow","Cardi B",558822,https://open.spotify.com/track/6KBYefIoo7KydImq1uUQlL
200,"Nena Maldicion (feat. Lenny Tavarez)","Paulo Londra",558005,https://open.spotify.com/track/3TnhQSRwT3AVMdXw5JPq0x
