,,,"Note that these figures are generated using a formula that protects against any artificial inflation of chart positions.",
Position,"Track Name",Artist,Streams,URL
1,"In My Feelings",Drake,4777014,https://open.spotify.com/track/2G7V7zsVDxg1yRsu7Ew9RJ
2,"Girls Like You (feat. Cardi B)","Maroon 5",3517541,https://open.spotify.com/track/7fa9MBXhVfQ8P8Df9OEbD8
3,"Eastside (with Halsey & Khalid)","benny blanco",3418502,https://open.spotify.com/track/0d2iYfpKoM0QCKvcLCkBao
4,"FEFE (feat. Nicki Minaj & Murda Beatz)",6ix9ine,3337816,https://open.spotify.com/track/2E124GmJRnBJuXbTb4cPUB
5,"SICKO MODE","Travis Scott",3292568,https://open.spotify.com/track/2xLMifQCjDGFmkHkpNLD9h
6,"Lucid Dreams","Juice WRLD",3217259,https://open.spotify.com/track/0s3nnoMeVWz3989MkNQiRf
7,"No Brainer","DJ Khaled",3023540,https://open.spotify.com/track/5WvAo7DNuPRmk4APhdPzi8
8,"In My Mind",Dynoro,3020962,https://open.spotify.com/track/0E9ZjEAyAwOXZ7wJC0PD33
9,"Promises (with Sam Smith)","Calvin Harris",2984042,https://open.spotify.com/track/5N5k9nd479b1xpDZ4usjrg
10,"God is a woman","Ariana Grande",2945080,https://open.spotify.com/track/5OCJzvD7sykQEKHH7qAC3C
11,"Taste (feat. Offset)",Tyga,2742013,https://open.spotify.com/track/5IaHrVsrferBYDm0bDyABy
12,breathin,"Ariana Grande",2674358,https://open.spotify.com/track/4OafepJy2teCjYJbvFE60J
13,Happier,Marshmello,2673293,https://open.spotify.com/track/2dpaYNEQHiRxtZbfNsse99
14,"I Like It","Cardi B",2633313,https://open.spotify.com/track/58q2HKrzhC3ozto2nDdN4z
15,SAD!,XXXTENTACION,2478602,https://open.spotify.com/track/3ee8Jmje8o58CHK66QrVC2
16,Rise,"Jonas Blue",2377766,https://open.spotify.com/track/3u1S1OmAUhx5DRlLrXqyp3
17,"Better Now","Post Malone",2331236,https://open.spotify.com/track/7dt6x5M1jzdTEt8oCbisTK
18,"Body (feat. brando)","Loud Luxury",2311143,https://open.spotify.com/track/7K7MUBCnzgBAvMVW2RTWNs
19,"Solo (feat. Demi Lovato)","Clean Bandit",2306508,https://open.spotify.com/track/6kPJZM97LwdG9QIsT7khp6
20,"Jackie Chan",Tiësto,2233624,https://open.spotify.com/track/4kWO6O1BUXcZmaxitpVUwp
21,"Vaina Loca",Ozuna,2210625,https://open.spotify.com/track/48zFZh27QU5qsrBjn4C2FA
22,Youngblood,"5 Seconds of Summer",2197453,https://open.spotify.com/track/2iUXsYOEPhVqEBwsqP70rE
23,"Be Alright","Dean Lewis",2121907,https://open.spotify.com/track/3EPXxR3ImUwfayaurPi3cm
24,"One Kiss (with Dua Lipa)","Calvin Harris",1966863,https://open.spotify.com/track/7ef4DlsgrMEH11cDZd32M6
25,"Te Boté - Remix","Nio Garcia",1964340,https://open.spotify.com/track/3V8UKqhEK5zBkBb6d6ub8i
26,Moonlight,XXXTENTACION,1956959,https://open.spotify.com/track/0JP9xo3adEtGSdUEISiszL
27,Nonstop,Drake,1932077,https://open.spotify.com/track/0TlLq3lA83rQOYtrqBqSct
28,"Happy Now",Zedd,1849211,https://open.spotify.com/track/4keoy2fqgwGnbWlm3ZVZFa
29,"no tears left to cry","Ariana Grande",1763183,https://open.spotify.com/track/2qT1uLXPVPzGgFOx4jtEuo
30,"Beautiful (feat. Camila Cabello)",Bazzi,1717076,https://open.spotify.com/track/4VUwkH455At9kENOfzTqmF
31,"God's Plan",Drake,1674854,https://open.spotify.com/track/6DCZcSspjsKoFjzjrWoCdn
32,"Sin Pijama","Becky G",1656300,https://open.spotify.com/track/2ijef6ni2amuunRoKTlgww
33,"No Es Justo","J Balvin",1601378,https://open.spotify.com/track/5qFeMRz4TvetPmzjre9Dq7
34,STARGAZING,"Travis Scott",1599846,https://open.spotify.com/track/7wBJfHzpfI3032CSD7CE2m
35,Shotgun,"George Ezra",1575028,https://open.spotify.com/track/4ofwffwvvnbSkrMSCKQDaC
36,"rockstar (feat. 21 Savage)","Post Malone",1519535,https://open.spotify.com/track/0e7ipj03S05BNilyu5bRzt
37,Natural,"Imagine Dragons",1516425,https://open.spotify.com/track/4zIO3ilp5HvTeK3HJHxhMP
38,"Jocelyn Flores",XXXTENTACION,1491475,https://open.spotify.com/track/7m9OqQk4RVRkw9JJdeAw96
39,2002,Anne-Marie,1461612,https://open.spotify.com/track/2BgEsaKNfHUdlh97KmvFyo
40,"Psycho (feat. Ty Dolla $ign)","Post Malone",1425976,https://open.spotify.com/track/3swc6WTsr7rl9DqQKQA55C
41,"Praise The Lord (Da Shine)","A$AP Rocky",1421031,https://open.spotify.com/track/7ycWLEP1GsNjVvcjawXz3z
42,"Whenever (feat. Conor Maynard)","Kris Kross Amsterdam",1392345,https://open.spotify.com/track/3DGar7krWlmrXRFHBcQF6z
43,changes,XXXTENTACION,1383487,https://open.spotify.com/track/7AFASza1mXqntmGtbxXprO
44,Nevermind,"Dennis Lloyd",1377417,https://open.spotify.com/track/63SevszngYpZOwf63o61K4
45,"High Hopes","Panic! At The Disco",1372617,https://open.spotify.com/track/1rqqCSm0Qe4I9rUvWncaom
46,Clandestino,Shakira,1347188,https://open.spotify.com/track/7DrluKkTviBwCc8AV3VGmf
47,"Back To You - From 13 Reasons Why – Season 2 Soundtrack","Selena Gomez",1317674,https://open.spotify.com/track/4hQ6UGyWQIGJmHSo0J88JW
48,"Born To Be Yours",Kygo,1317425,https://open.spotify.com/track/0kHyKhJMukHEPfeh8s7rdM
49,"Nice For What",Drake,1310165,https://open.spotify.com/track/3CA9pLiwRIGtUBiMjbZmRw
50,"Ocean (feat. Khalid)","Martin Garrix",1302272,https://open.spotify.com/track/3nc420PXjTdBV5TN0gCFkS
51,"Don't Leave Me Alone (feat. Anne-Marie)","David Guetta",1243781,https://open.spotify.com/track/2lYTJK94hb0fd1LQtb6Dhk
52,"Yes Indeed","Lil Baby",1227230,https://open.spotify.com/track/6vN77lE9LK6HP2DewaN6HZ
53,"I'm a Mess","Bebe Rexha",1212281,https://open.spotify.com/track/04ZTP5KsCypmtCmQg5tH9R
54,"Shape of You","Ed Sheeran",1163720,https://open.spotify.com/track/7qiZfU4dY1lWllzX7mPBI3
55,"Fuck Love (feat. Trippie Redd)",XXXTENTACION,1134595,https://open.spotify.com/track/7AQim7LbvFVZJE3O8TYgf2
56,SWISH,Tyga,1110196,https://open.spotify.com/track/55GiOwtxNajXVbpjjIzMnD
57,"Cuando Te Besé","Becky G",1082736,https://open.spotify.com/track/2XXMDz7SPZ4mSFN1PXfHUy
58,"Don’t Matter To Me (with Michael Jackson)",Drake,1054253,https://open.spotify.com/track/6G8kHiVZ1jW7vHMPVRNZU0
59,"Mala Mía",Maluma,1042622,https://open.spotify.com/track/62o8KoI44JfN7aYxgTnPvh
60,"The Middle",Zedd,1031244,https://open.spotify.com/track/09IStsImFySgyp0pIQdqAc
61,IDGAF,"Dua Lipa",1021904,https://open.spotify.com/track/76cy1WJvNGJTj78UqeA5zr
62,"No Me Acuerdo",Thalía,1020058,https://open.spotify.com/track/00EPIEnX1JFjff8sC6bccd
63,Darkside,"Alan Walker",1014180,https://open.spotify.com/track/1snWlbcbgQpJfknoI30DWG
64,Havana,"Camila Cabello",1012187,https://open.spotify.com/track/1rfofaqEpACxVEHIZBJe6W
65,Believer,"Imagine Dragons",1008379,https://open.spotify.com/track/0pqnGHJpmpxLKifKRmU6WP
66,"Thunderclouds with Sia, Diplo & Labrinth",Sia,1001832,https://open.spotify.com/track/5a8RPWgKSmcGBGcffmIrUi
67,"lovely (with Khalid)","Billie Eilish",991673,https://open.spotify.com/track/0u2P5u6lvoDfwTYjAADbn4
68,FRIENDS,Marshmello,987815,https://open.spotify.com/track/08bNPGLD8AhKpnnERrAc6G
69,"Me Niego",Reik,984333,https://open.spotify.com/track/6jA8JUuPCGYjFcgw0AoM5T
70,Asesina,Brytiago,982897,https://open.spotify.com/track/6rbhaJsE4uLzpPf8WYSHDK
71,"Look Alive (feat. Drake)","BlocBoy JB",979172,https://open.spotify.com/track/4qKcDkK6siZ7Jp1Jb4m0aL
72,"All Girls Are The Same","Juice WRLD",972053,https://open.spotify.com/track/0XySogm94T51XF5F2jumXm
73,"X - Remix","Nicky Jam",957996,https://open.spotify.com/track/6JjPBQfI2Y8nIjnm65X6Pw
74,X,"Nicky Jam",944674,https://open.spotify.com/track/39N9RPD9MRb5WmoLzNzPeA
75,"La Player (Bandolera)","Zion & Lennox",940944,https://open.spotify.com/track/0VKkyBKCXyR99navhVRqcP
76,"New Rules","Dua Lipa",932304,https://open.spotify.com/track/2ekn2ttSfGqwhhate0LSR0
77,YOSEMITE,"Travis Scott",931608,https://open.spotify.com/track/7lAK3oHbfEnvUQWosrMMpR
78,Thunder,"Imagine Dragons",926236,https://open.spotify.com/track/1zB4vmk8tFRmM9UULNzbLB
79,sweetener,"Ariana Grande",915523,https://open.spotify.com/track/70khXICDeTTxgYtw3EysKH
80,"I Fall Apart","Post Malone",911290,https://open.spotify.com/track/75ZvA4QfFiZvzhj2xkaWAh
81,Perfect,"Ed Sheeran",905407,https://open.spotify.com/track/0tgVpDi06FyKpA1z0VMD4v
82,"Lean Wit Me","Juice WRLD",904939,https://open.spotify.com/track/29tc0GbW0pTSBZSCZF3NWk
83,"I Like Me Better",Lauv,903233,https://open.spotify.com/track/2P91MQbaiQOfbiz9VqhqKQ
84,"Side Effects","The Chainsmokers",903155,https://open.spotify.com/track/3OtQmFLS5b3pTgIf44GQFJ
85,"High On Life (feat. Bonn)","Martin Garrix",898506,https://open.spotify.com/track/4ut5G4rgB1ClpMTMfjoIuy
86,"BIG BANK (feat. 2 Chainz, Big Sean, Nicki Minaj)",YG,896285,https://open.spotify.com/track/0ZNrc4kNeQYD9koZ3KvCsy
87,Unica,Ozuna,894831,https://open.spotify.com/track/33b2wX9d0kxqxhi7lcsC1A
88,"Everybody Dies In Their Nightmares",XXXTENTACION,893242,https://open.spotify.com/track/3GVkPk8mqxz0itaAriG1L7
89,IDOL,BTS,892102,https://open.spotify.com/track/03iCbZaM4OkRR4We6wIzvx
90,"1, 2, 3 (feat. Jason Derulo & De La Ghetto)","Sofia Reyes",879267,https://open.spotify.com/track/4QtiVmuA88tPQiCOHZuQ5b
91,"Wasted (feat. Lil Uzi Vert)","Juice WRLD",875710,https://open.spotify.com/track/3obgSF06ki98lYNLNq5vCB
92,everytime,"Ariana Grande",871557,https://open.spotify.com/track/0WdR2AyLW1Drd3OUdwezM0
93,"Love Lies (with Normani)",Khalid,865673,https://open.spotify.com/track/45Egmo7icyopuzJN0oMEdk
94,"These Days (feat. Jess Glynne, Macklemore & Dan Caplen)",Rudimental,861839,https://open.spotify.com/track/5CLGzJsGqhCEECcpnFQA8x
95,"Taking A Walk","Trippie Redd",859391,https://open.spotify.com/track/4mHgYpuGHu99Mw69E83CP2
96,"Por Perro","Sebastian Yatra",852915,https://open.spotify.com/track/2alIsNw1mqEShbWyO1HXZZ
97,"Mo Bamba","Sheck Wes",841070,https://open.spotify.com/track/3QybPutx0Tjk472bBKjNWn
98,"XO TOUR Llif3","Lil Uzi Vert",829233,https://open.spotify.com/track/7GX5flRQZVHRAGd6B4TmDO
99,"Look At Me!",XXXTENTACION,824855,https://open.spotify.com/track/6eYxmK9fdL4hwLnXG2zY3s
100,"Goodbye (feat. Nicki Minaj & Willy William)","Jason Derulo",814535,https://open.spotify.com/track/5Xn4IyTtW6FUGIUyWjbUHG
101,"Meant to Be (feat. Florida Georgia Line)","Bebe Rexha",812669,https://open.spotify.com/track/4e4fqjx0Izh4svvTef1z7e
102,Flames,"David Guetta",809922,https://open.spotify.com/track/33IOhptvC2Qoy2UhjiHXLV
103,Mine,Bazzi,783006,https://open.spotify.com/track/7uzmGiiJyRfuViKKK3lVmR
104,"Madura (feat. Bad Bunny)",Cosculluela,777426,https://open.spotify.com/track/0r9d60ZYPAlFHq8qnUtkXN
105,"Quiere Beber","Anuel Aa",772721,https://open.spotify.com/track/3rPAD722s5FFNnwjC91t7Z
106,"Dura - Remix","Daddy Yankee",772554,https://open.spotify.com/track/6U2NuJILEOEpW2tVCuqKHb
107,"W O R K I N M E",Quavo,770818,https://open.spotify.com/track/33tNYw9oMtSkGe27NpgS64
108,"Estamos Bien","Bad Bunny",767465,https://open.spotify.com/track/7glCSQqV5o6NU88Cn4zPZn
109,IDOL,BTS,766103,https://open.spotify.com/track/2AIWoHr9DF6y4KALCBKWQS
110,"Mi Cama - Remix","Karol G",765450,https://open.spotify.com/track/38QmUDpkoYlNbMKvpvAsrE
111,"Tie Me Down (with Elley Duhé)",Gryffin,762015,https://open.spotify.com/track/4QVS8YCpK71R4FsxSMCjhP
112,Hipócrita,"Anuel Aa",752855,https://open.spotify.com/track/6XBjCetHKdO5L9cwMDVffw
113,"Toda - Remix","Alex Rose",747279,https://open.spotify.com/track/7nD2JPaxIKUdxd2UWgnaGL
114,"BUTTERFLY EFFECT","Travis Scott",743034,https://open.spotify.com/track/6xcJyGpfZbuuiequtnlKt4
115,Happier,"Ed Sheeran",742452,https://open.spotify.com/track/2RttW7RAu5nOAfq6YFvApB
116,"Too Good At Goodbyes","Sam Smith",731743,https://open.spotify.com/track/1mXVgsBdtIVeCLJnSnmtdV
117,Closer,"The Chainsmokers",730941,https://open.spotify.com/track/7BKLCZ1jbUBVqRi2FVlTVw
118,"In My Blood","Shawn Mendes",725665,https://open.spotify.com/track/2QZ7WLBE8h2y1Y5Fb8RYbH
119,"I'm Upset",Drake,724184,https://open.spotify.com/track/3qN5qMTKyEEmiTZD38BNTT
120,"I'm Yours","Jason Mraz",718580,https://open.spotify.com/track/3S0OXQeoh0w6AY8WQVckRW
121,"the remedy for a broken heart (why am I so in love)",XXXTENTACION,717851,https://open.spotify.com/track/4UKCKdYiLN6IMA5ZESUTL7
122,OTW,Khalid,710365,https://open.spotify.com/track/6Hgh47WXVKtXN5zGOu0hjI
123,"Say You Won't Let Go","James Arthur",709223,https://open.spotify.com/track/5uCax9HTNlzGybIStD3vDh
124,Congratulations,"Post Malone",699161,https://open.spotify.com/track/3a1lNhkSLSkpJE4MSHpDu9
125,"Mob Ties",Drake,697851,https://open.spotify.com/track/7rC5Pl8rQSX4myONQHYPBK
126,Celoso,"Lele Pons",686942,https://open.spotify.com/track/33zcmmElV1YbRZe57biUjg
127,"Me Dijeron",Ozuna,686365,https://open.spotify.com/track/17UUYZ290omPaJY4wKeyHh
128,"La Cintura","Alvaro Soler",682410,https://open.spotify.com/track/19MBk3PbNFE36wqIqkMq9H
129,"Remind Me to Forget",Kygo,680816,https://open.spotify.com/track/6xTU6B6nFwKKTSZ9ySXS80
130,HUMBLE.,"Kendrick Lamar",679856,https://open.spotify.com/track/7KXjTSCq5nL1LoYtL7XAwS
131,"Call Out My Name","The Weeknd",675043,https://open.spotify.com/track/1gm616Plq4ScqNi7TVkZ5N
132,"Ric Flair Drip (& Metro Boomin)",Offset,672908,https://open.spotify.com/track/7sO5G9EABYOXQKNPNiE9NR
133,"Hopeless Romantic (feat. Swae Lee)","Wiz Khalifa",665397,https://open.spotify.com/track/7IBSffWIu7P2MC7kMwy2FM
134,"Ball For Me (feat. Nicki Minaj)","Post Malone",661728,https://open.spotify.com/track/6IaieqiCVvsNvEt6Y7yOFa
135,Connection,OneRepublic,646674,https://open.spotify.com/track/3T4UodGkfZObJ43RtA5KFU
136,Africa,Toto,642071,https://open.spotify.com/track/2374M0fQpWi3dLnB54qaLX
137,"Something Just Like This","The Chainsmokers",640062,https://open.spotify.com/track/6RUKPb4LETWmmr3iAEQktW
138,"Bed (feat. Ariana Grande)","Nicki Minaj",638635,https://open.spotify.com/track/3L4GsGLgxpHieVQH86H8bv
139,R.E.M,"Ariana Grande",638289,https://open.spotify.com/track/1xWH8zYtDeS9mW1JJG23VZ
140,"Plug Walk","Rich The Kid",637261,https://open.spotify.com/track/1ZAyjvIk9YiD76yYy0TEG6
141,"you should see me in a crown","Billie Eilish",636735,https://open.spotify.com/track/6vsV4D8BM6PioRr1UOx0n2
142,Hope,XXXTENTACION,635363,https://open.spotify.com/track/2ZRo7axmMPeSVUvDbGkJah
143,"WAKE UP","Travis Scott",635290,https://open.spotify.com/track/20MuVazoNMv6xjKPnRFOxG
144,"Blah Blah Blah","Armin van Buuren",633911,https://open.spotify.com/track/0tp6mwUt99QnfY95T30Lqj
145,"Wonderwall - Remastered",Oasis,632432,https://open.spotify.com/track/5qqabIl2vWzo9ApSC317sa
146,"Only You (with Little Mix)","Cheat Codes",629887,https://open.spotify.com/track/54l9GJGQ1UCFKe2tzt1Vxt
147,goosebumps,"Travis Scott",626980,https://open.spotify.com/track/6gBFPUFcJLzWGx4lenP6h2
148,"All The Stars (with SZA)","Kendrick Lamar",623533,https://open.spotify.com/track/3GCdLUSnKSMJhs4Tj6CV3s
149,"What Lovers Do (feat. SZA)","Maroon 5",622285,https://open.spotify.com/track/0GxQ1A5L9xnMOytbP6eKBG
150,"Walk It Talk It",Migos,621508,https://open.spotify.com/track/6n4U3TlzUGhdSFbUUhTvLP
151,"Bella - Remix",Wolfine,619828,https://open.spotify.com/track/0SaYeGhSXN0dDWstyNTQ56
152,Calypso,"Luis Fonsi",615348,https://open.spotify.com/track/4178A5NkEjcsGc64jpBO6d
153,"Thinking Out Loud","Ed Sheeran",613789,https://open.spotify.com/track/1Slwb6dOYkBlWal1PGtnNg
154,"Candy Paint","Post Malone",612505,https://open.spotify.com/track/32lItqlMi4LBhb4k0BaSaC
155,"Chica Paranormal","Paulo Londra",608997,https://open.spotify.com/track/2r77vqSZkOktTSgmAOoHsV
156,Culpables,"Manuel Turizo",608617,https://open.spotify.com/track/3RD0PGolM0mETGHaprwgMn
157,"No Quiero Amarte (feat. Zion & Lennox)","Justin Quiles",608077,https://open.spotify.com/track/5bITfqKGaPakO1l99hOMsI
158,"Drew Barrymore","Bryce Vine",604516,https://open.spotify.com/track/0OgGn1ofaj55l2PcihQQGV
159,"Feel It Still","Portugal. The Man",602197,https://open.spotify.com/track/6QgjcU0zLnzq5OrUoSZ3OK
160,Ibiza,Ozuna,600552,https://open.spotify.com/track/1h9P5WJwyvK8OB7O2YiXgp
161,"Te Amo","Piso 21",599629,https://open.spotify.com/track/2RVrdr062uLFxXwIxwdXPH
162,"Billie Jean","Michael Jackson",598156,https://open.spotify.com/track/5ChkMS8OtdzJeqyybCc9R5
163,"One Dance",Drake,597366,https://open.spotify.com/track/1zi7xx7UVEFkmKfv06H8x0
164,"Chanel (Go Get It) [feat. Gunna & Lil Baby]","Young Thug",596022,https://open.spotify.com/track/0kCBorRrKZkSztd9m0QI3r
165,Unforgettable,"French Montana",593670,https://open.spotify.com/track/3B54sVLJ402zGa6Xm4YGNe
166,"Síguelo Bailando",Ozuna,591908,https://open.spotify.com/track/5Y9fnynLlIvqtM710MHzfz
167,"Wake Me Up - Radio Edit",Avicii,587572,https://open.spotify.com/track/4h8VwCb1MTGoLKueQ1WgbD
168,"Nephew (feat. Lil Pump)",Smokepurpp,586998,https://open.spotify.com/track/0ibOcbkp2XG46Do8jcy0bL
169,Photograph,"Ed Sheeran",586629,https://open.spotify.com/track/6fxVffaTuwjgEk5h9QyRjy
170,"Whatever It Takes","Imagine Dragons",586225,https://open.spotify.com/track/6Qn5zhYkTa37e91HC1D7lb
171,Wolves,"Selena Gomez",583203,https://open.spotify.com/track/0tBbt8CrmxbjRP0pueQkyU
172,"The Return",Logic,583154,https://open.spotify.com/track/0ATmjiSoHDCHeeQ9FcvZOW
173,Silence,Marshmello,581184,https://open.spotify.com/track/7vGuf3Y35N4wmASOKLUVVU
174,"Barbie Dreams","Nicki Minaj",581101,https://open.spotify.com/track/6Poyf51k7W3NKnsGwAI90B
175,"Perfect Duet (Ed Sheeran & Beyoncé)","Ed Sheeran",579893,https://open.spotify.com/track/1bhUWB0zJMIKr9yVPrkEuI
176,Halo,Beyoncé,571896,https://open.spotify.com/track/2CvOqDpQIMw69cCzWqr5yr
177,"Freaky Friday (feat. Chris Brown)","Lil Dicky",571572,https://open.spotify.com/track/10Igtw8bSDyyFs7KIsKngZ
178,"goodnight n go","Ariana Grande",569022,https://open.spotify.com/track/14kYOiFVPb7E7NfFbqhdln
179,"Playinwitme (feat. Kehlani)",KYLE,565686,https://open.spotify.com/track/4F1yvJfQ7gJkrcgFJQDjOr
180,"Young Dumb & Broke",Khalid,564545,https://open.spotify.com/track/5Z3GHaZ6ec9bsiI5BenrbY
181,APESHIT,"The Carters",564211,https://open.spotify.com/track/0E6PsO3ymCfUh7pJQjBgkj
182,"Bohemian Rhapsody - Remastered 2011",Queen,561143,https://open.spotify.com/track/7tFiyTwD0nx5a1eklYtX2J
183,"Mr. Brightside","The Killers",561068,https://open.spotify.com/track/7oK9VyNzrYvRFo7nQEYkWN
184,"Never Be the Same","Camila Cabello",560335,https://open.spotify.com/track/4eWQlBRaTjPPUlzacqEeoQ
185,Medicina,Anitta,560294,https://open.spotify.com/track/4R5xvs5X0phd0EYWyGigju
186,"8 Letters","Why Don't We",559725,https://open.spotify.com/track/6AkFxZzBfyzV5RF7mGkASM
187,"CAN'T SAY","Travis Scott",557112,https://open.spotify.com/track/27a1mYSG5tYg7dmEjWBcmL
188,"Ya No Tiene Novio","Sebastian Yatra",555622,https://open.spotify.com/track/7uQmJ1jgNzBpATSoWKSPFu
189,"This Is America","Childish Gambino",554477,https://open.spotify.com/track/0b9oOr2ZgvyQu88wzixux9
190,"All of Me","John Legend",553349,https://open.spotify.com/track/3uhBIQ7tv8j1FME8cFGEfG
191,CAROUSEL,"Travis Scott",553120,https://open.spotify.com/track/7KZ5MMVgBVox9ycroB2UrI
192,"If You're Over Me","Years & Years",552225,https://open.spotify.com/track/1oc3jna2ablnfIKLYbKujl
193,"Let Her Go",Passenger,552200,https://open.spotify.com/track/2jyjhRf6DVbMPU5zxagN2h
194,JAPAN,"Famous Dex",549579,https://open.spotify.com/track/5PTG6rrL6EPFD9E2QMI2pl
195,"Right Now","Nick Jonas",548818,https://open.spotify.com/track/43wzy7JxMEfvCh8ZFeZKYk
196,"STOP TRYING TO BE GOD","Travis Scott",546166,https://open.spotify.com/track/1xYpVRspgaLxdJLOTQkTjg
197,"pete davidson","Ariana Grande",544158,https://open.spotify.com/track/0XOnMqLQDO89iAg7dWWwnG
198,Lust,"Lil Skies",540781,https://open.spotify.com/track/7oJrVhiTPZGBXWPwhxjy9S
199,"Let You Down",NF,539855,https://open.spotify.com/track/52okn5MNA47tk87PeZJLEL
200,"Lose Yourself - From ""8 Mile"" Soundtrack",Eminem,537968,https://open.spotify.com/track/7w9bgPAmPTtrkt2v16QWvQ
