,,,"Note that these figures are generated using a formula that protects against any artificial inflation of chart positions.",
Position,"Track Name",Artist,Streams,URL
1,"This Is America","Childish Gambino",4218689,https://open.spotify.com/track/0b9oOr2ZgvyQu88wzixux9
2,"Better Now","Post Malone",3936630,https://open.spotify.com/track/7dt6x5M1jzdTEt8oCbisTK
3,"One Kiss (with Dua Lipa)","Calvin Harris",3620770,https://open.spotify.com/track/7ef4DlsgrMEH11cDZd32M6
4,"Nice For What",Drake,3547376,https://open.spotify.com/track/1cTZMwcBJT0Ka3UJPXOeeN
5,"God's Plan",Drake,3344220,https://open.spotify.com/track/2XW4DbS6NddZxRPm5rMCeY
6,"no tears left to cry","Ariana Grande",3194120,https://open.spotify.com/track/5SxkdsY1ufZzoq9iXceLw9
7,"Psycho (feat. Ty Dolla $ign)","Post Malone",3111924,https://open.spotify.com/track/3swc6WTsr7rl9DqQKQA55C
8,FRIENDS,Marshmello,2741138,https://open.spotify.com/track/08bNPGLD8AhKpnnERrAc6G
9,X,"Nicky Jam",2629490,https://open.spotify.com/track/39N9RPD9MRb5WmoLzNzPeA
10,"I Like It","Cardi B",2404132,https://open.spotify.com/track/58q2HKrzhC3ozto2nDdN4z
11,"Te Boté - Remix","Nio Garcia",2396174,https://open.spotify.com/track/3V8UKqhEK5zBkBb6d6ub8i
12,"rockstar (feat. 21 Savage)","Post Malone",2363545,https://open.spotify.com/track/0e7ipj03S05BNilyu5bRzt
13,"The Middle",Zedd,2207834,https://open.spotify.com/track/2ARqIya5NAuvFVHSN3bL0m
14,"Freaky Friday (feat. Chris Brown)","Lil Dicky",2095318,https://open.spotify.com/track/10Igtw8bSDyyFs7KIsKngZ
15,"Love Lies (with Normani)",Khalid,1946073,https://open.spotify.com/track/45Egmo7icyopuzJN0oMEdk
16,Paranoid,"Post Malone",1900229,https://open.spotify.com/track/3fpVWegR6YOS1Yk5HSMYIq
17,"Look Alive (feat. Drake)","BlocBoy JB",1846561,https://open.spotify.com/track/4qKcDkK6siZ7Jp1Jb4m0aL
18,"Call Out My Name","The Weeknd",1826206,https://open.spotify.com/track/1gm616Plq4ScqNi7TVkZ5N
19,IDGAF,"Dua Lipa",1725311,https://open.spotify.com/track/76cy1WJvNGJTj78UqeA5zr
20,"These Days (feat. Jess Glynne, Macklemore & Dan Caplen)",Rudimental,1706605,https://open.spotify.com/track/5CLGzJsGqhCEECcpnFQA8x
21,Nevermind,"Dennis Lloyd",1686032,https://open.spotify.com/track/63SevszngYpZOwf63o61K4
22,"Back To You - From 13 Reasons Why – Season 2 Soundtrack","Selena Gomez",1614364,https://open.spotify.com/track/4hQ6UGyWQIGJmHSo0J88JW
23,SAD!,XXXTENTACION,1556188,https://open.spotify.com/track/3ee8Jmje8o58CHK66QrVC2
24,Flames,"David Guetta",1507051,https://open.spotify.com/track/33IOhptvC2Qoy2UhjiHXLV
25,Stay,"Post Malone",1488924,https://open.spotify.com/track/4H7WNRErSbONkM06blBoGc
26,"In My Blood","Shawn Mendes",1484122,https://open.spotify.com/track/79jX8RM5CgPqDKdGEKNW9K
27,"Me Niego",Reik,1469887,https://open.spotify.com/track/6jA8JUuPCGYjFcgw0AoM5T
28,OTW,Khalid,1465688,https://open.spotify.com/track/6Hgh47WXVKtXN5zGOu0hjI
29,"Spoil My Night (feat. Swae Lee)","Post Malone",1455414,https://open.spotify.com/track/5VuxWXbt7XENQCtE9TzpTv
30,"Remind Me to Forget",Kygo,1412075,https://open.spotify.com/track/6xTU6B6nFwKKTSZ9ySXS80
31,"Meant to Be (feat. Florida Georgia Line)","Bebe Rexha",1411199,https://open.spotify.com/track/7iDa6hUg2VgEL1o1HjmfBn
32,"Youth (feat. Khalid)","Shawn Mendes",1381662,https://open.spotify.com/track/3Wf2YGdYT8xVdNsQSoRKk9
33,Havana,"Camila Cabello",1373950,https://open.spotify.com/track/1rfofaqEpACxVEHIZBJe6W
34,"All The Stars (with SZA)","Kendrick Lamar",1361079,https://open.spotify.com/track/3GCdLUSnKSMJhs4Tj6CV3s
35,Mine,Bazzi,1356275,https://open.spotify.com/track/7uzmGiiJyRfuViKKK3lVmR
36,"Rich & Sad","Post Malone",1350566,https://open.spotify.com/track/2VdT56BGpdqNHUgOe1j5vc
37,"Ball For Me (feat. Nicki Minaj)","Post Malone",1332506,https://open.spotify.com/track/6IaieqiCVvsNvEt6Y7yOFa
38,"Plug Walk","Rich The Kid",1288357,https://open.spotify.com/track/6mAz8D1TmlTuef90dbNIiZ
39,"Walk It Talk It",Migos,1285958,https://open.spotify.com/track/6n4U3TlzUGhdSFbUUhTvLP
40,Youngblood,"5 Seconds of Summer",1267839,https://open.spotify.com/track/55S2PQgSMYAhgoTCcGCDfw
41,"Playinwitme (feat. Kehlani)",KYLE,1243231,https://open.spotify.com/track/43cFjTTCD9Cni4aSL0sORz
42,"Candy Paint","Post Malone",1209756,https://open.spotify.com/track/32lItqlMi4LBhb4k0BaSaC
43,"1, 2, 3 (feat. Jason Derulo & De La Ghetto)","Sofia Reyes",1195794,https://open.spotify.com/track/4QtiVmuA88tPQiCOHZuQ5b
44,"Shape of You","Ed Sheeran",1187296,https://open.spotify.com/track/7qiZfU4dY1lWllzX7mPBI3
45,Dura,"Daddy Yankee",1174290,https://open.spotify.com/track/2j2fIJGh4PMdXt9ULI5Tlc
46,"Watch (feat. Lil Uzi Vert & Kanye West)","Travis Scott",1167935,https://open.spotify.com/track/3DoBTwfr8yi2LN08SBpFkN
47,"Like I Do","David Guetta",1154781,https://open.spotify.com/track/6RnkFd8Fqqgk1Uni8RgqCQ
48,KOD,"J. Cole",1151967,https://open.spotify.com/track/7yotKA30dwTKNEGomV9ZsI
49,2002,Anne-Marie,1143787,https://open.spotify.com/track/6SFStUDQZNaGPKWOx9ZiJB
50,"Over Now","Post Malone",1143369,https://open.spotify.com/track/09IOPhEh1OMe0HD9b36FJk
51,"New Rules","Dua Lipa",1090527,https://open.spotify.com/track/2ekn2ttSfGqwhhate0LSR0
52,Toy,Netta,1031854,https://open.spotify.com/track/7vuTcvFnvlqWlWb4u60nvY
53,"Zack And Codeine","Post Malone",1016202,https://open.spotify.com/track/5lZZmityu9TAjNvSY6GLhR
54,"Síguelo Bailando",Ozuna,1012831,https://open.spotify.com/track/5Y9fnynLlIvqtM710MHzfz
55,JAPAN,"Famous Dex",1012535,https://open.spotify.com/track/5PTG6rrL6EPFD9E2QMI2pl
56,"Powerglide (feat. Juicy J) - From SR3MM","Rae Sremmurd",1011951,https://open.spotify.com/track/1BuZAIO8WZpavWVbbq3Lci
57,"Ric Flair Drip (& Metro Boomin)",Offset,1011204,https://open.spotify.com/track/7sO5G9EABYOXQKNPNiE9NR
58,"Échame La Culpa","Luis Fonsi",1008538,https://open.spotify.com/track/1zsG4eaZmkA1dvjDDsAGLK
59,Perfect,"Ed Sheeran",1008287,https://open.spotify.com/track/0tgVpDi06FyKpA1z0VMD4v
60,"Dura - Remix","Daddy Yankee",1008164,https://open.spotify.com/track/6U2NuJILEOEpW2tVCuqKHb
61,Familiar,"Liam Payne",986275,https://open.spotify.com/track/0Y4hwUppbGc8aIBmiTz30A
62,"92 Explorer","Post Malone",982413,https://open.spotify.com/track/1D2L6MefbXon28PzIk9I3r
63,"Same Bitches (feat. G-Eazy & YG)","Post Malone",978643,https://open.spotify.com/track/688QpQAwqsLdBR6lr13wK1
64,"I Fall Apart","Post Malone",975965,https://open.spotify.com/track/75ZvA4QfFiZvzhj2xkaWAh
65,"Mad Love","Sean Paul",974278,https://open.spotify.com/track/3soOPBuMK8YMdWnV7xpEyf
66,"Let Me",ZAYN,939344,https://open.spotify.com/track/7Fg342AJtNsIDdwCfX0paC
67,"Wake Me Up - Radio Edit",Avicii,933636,https://open.spotify.com/track/6g1NlCpW7fgqDnWbCCDrHl
68,"Takin' Shots","Post Malone",925478,https://open.spotify.com/track/5ffntNJnJOeFv7b7DCd0Bw
69,"El Préstamo",Maluma,918211,https://open.spotify.com/track/0QS5rZpm5zN9wV9lJgjyUE
70,"Déjala Que Vuelva (feat. Manuel Turizo)","Piso 21",916927,https://open.spotify.com/track/1j6xOGusnyXq3l6IryKF3G
71,"Four Out Of Five","Arctic Monkeys",901386,https://open.spotify.com/track/5Z5nbOXhsSbySVC7WUc6y9
72,"Girls (feat. Cardi B, Bebe Rexha & Charli XCX)","Rita Ora",892035,https://open.spotify.com/track/1YNQscOx6OqBQjxgJVhEeW
73,Bella,Wolfine,891116,https://open.spotify.com/track/3xcCix7Jv1Rp90YVmgo35D
74,"La Player (Bandolera)","Zion & Lennox",886051,https://open.spotify.com/track/0VKkyBKCXyR99navhVRqcP
75,"lovely (with Khalid)","Billie Eilish",871514,https://open.spotify.com/track/0u2P5u6lvoDfwTYjAADbn4
76,"XO TOUR Llif3","Lil Uzi Vert",869484,https://open.spotify.com/track/7GX5flRQZVHRAGd6B4TmDO
77,Somebody,"The Chainsmokers",868137,https://open.spotify.com/track/3pWcj8hxj3fsb9TDAcMpEl
78,Thunder,"Imagine Dragons",859050,https://open.spotify.com/track/26gceVsA1ybT8qsX3aYLEn
79,Believer,"Imagine Dragons",854528,https://open.spotify.com/track/7Izh7zLJGw1Nscd62Exxj4
80,"Sin Pijama","Becky G",853691,https://open.spotify.com/track/2ijef6ni2amuunRoKTlgww
81,Criminal,"Natti Natasha",851932,https://open.spotify.com/track/6Za3190Sbw39BBC77WSS1C
82,"Say Something","Justin Timberlake",846823,https://open.spotify.com/track/1LhMopPAallLeaeNutqbgS
83,Wolves,"Selena Gomez",838083,https://open.spotify.com/track/7EmGUiUaOSGDnUUQUDrOXC
84,Delicate,"Taylor Swift",823964,https://open.spotify.com/track/6NFyWDv5CjfwuzoCkw47Xf
85,"Never Be the Same","Camila Cabello",823784,https://open.spotify.com/track/4eWQlBRaTjPPUlzacqEeoQ
86,Otherside,"Post Malone",821837,https://open.spotify.com/track/4qWCFTuNnmGNdY4egtb4ZY
87,1950,"King Princess",804550,https://open.spotify.com/track/0CZ8lquoTX2Dkg7Ak2inwA
88,"Genius - with Sia, Diplo & Labrinth",Sia,792782,https://open.spotify.com/track/73F87Sqh6jQWucOOvz1WFx
89,"Te Amo","Piso 21",792773,https://open.spotify.com/track/2RVrdr062uLFxXwIxwdXPH
90,"King's Dead (with Kendrick Lamar, Future & James Blake)","Jay Rock",789794,https://open.spotify.com/track/51rXHuKN8Loc4sUlKPODgH
91,"Star Treatment","Arctic Monkeys",787364,https://open.spotify.com/track/0b93tWwuoAC0nXe1CfR30I
92,"Finesse (Remix) [feat. Cardi B]","Bruno Mars",776290,https://open.spotify.com/track/3Vo4wInECJQuz9BIBMOu8i
93,Moonlight,XXXTENTACION,775018,https://open.spotify.com/track/0JP9xo3adEtGSdUEISiszL
94,"Without You (feat. Sandro Cavazza)",Avicii,772447,https://open.spotify.com/track/6WbADFqMvR8N5u0BvtsWQE
95,Esskeetit,"Lil Pump",769208,https://open.spotify.com/track/44KKhCyI0BGS6LvVyDqJtH
96,"Feel It Still","Portugal. The Man",764532,https://open.spotify.com/track/6QgjcU0zLnzq5OrUoSZ3OK
97,Corazón,Maluma,764112,https://open.spotify.com/track/4lESS6vuruP6a79KWRaQou
98,"Too Good At Goodbyes","Sam Smith",756838,https://open.spotify.com/track/1mXVgsBdtIVeCLJnSnmtdV
99,Dembow,"Danny Ocean",755832,https://open.spotify.com/track/2EzRdhuoPyNJDlep7lnNf2
100,"I Wanna Know (feat. Bea Miller)",NOTD,755157,https://open.spotify.com/track/18W92Zm1KjLCbUIszOhpkD
101,Congratulations,"Post Malone",748405,https://open.spotify.com/track/3a1lNhkSLSkpJE4MSHpDu9
102,"Blame It On Me","Post Malone",745922,https://open.spotify.com/track/1ZemPoaj7LBj1RAQrb89EC
103,"Be Careful","Cardi B",738008,https://open.spotify.com/track/2Yl4OmDby9iitgNWZPwxkd
104,"Madura (feat. Bad Bunny)",Cosculluela,736326,https://open.spotify.com/track/0r9d60ZYPAlFHq8qnUtkXN
105,Silence,Marshmello,736144,https://open.spotify.com/track/7vGuf3Y35N4wmASOKLUVVU
106,"Pray For Me (with Kendrick Lamar)","The Weeknd",736139,https://open.spotify.com/track/4ofvoCdXq99vpMZO4Cfp8x
107,"Young Dumb & Broke",Khalid,734347,https://open.spotify.com/track/5Z3GHaZ6ec9bsiI5BenrbY
108,Chun-Li,"Nicki Minaj",733892,https://open.spotify.com/track/2gTYVoQCUh0QNUaFix01ld
109,HUMBLE.,"Kendrick Lamar",733721,https://open.spotify.com/track/7KXjTSCq5nL1LoYtL7XAwS
110,"Jocelyn Flores",XXXTENTACION,733071,https://open.spotify.com/track/7m9OqQk4RVRkw9JJdeAw96
111,Amorfoda,"Bad Bunny",728412,https://open.spotify.com/track/3ITvHA9zhZZdBJsOsAUegF
112,Happier,"Ed Sheeran",724253,https://open.spotify.com/track/2RttW7RAu5nOAfq6YFvApB
113,"Stir Fry",Migos,713475,https://open.spotify.com/track/2UVbBKQOdFAekPTRsnkzcf
114,Attention,"Charlie Puth",712874,https://open.spotify.com/track/5cF0dROlMOK5uNZtivgu50
115,Fuego,"Eleni Foureira",710442,https://open.spotify.com/track/22ppznuzVF9LKamaaqMMqu
116,"Done For Me (feat. Kehlani)","Charlie Puth",706418,https://open.spotify.com/track/1lsBTdE6MGsKeZCD6llNu7
117,Redbone,"Childish Gambino",703446,https://open.spotify.com/track/3kxfsdsCpFgN412fpnW85Y
118,"One Point Perspective","Arctic Monkeys",701774,https://open.spotify.com/track/1t67WYNfUxfOiwaz7SJ66b
119,"Lie to Me","Mikolas Josef",698732,https://open.spotify.com/track/6zBdVVksaTQeAzwfszbovz
120,Downtown,Anitta,694113,https://open.spotify.com/track/3Ga6eKrUFf12ouh9Yw3v2D
121,"Let You Down",NF,689682,https://open.spotify.com/track/6mrKP2jyIQmM0rw6fQryjr
122,"River (feat. Ed Sheeran)",Eminem,684298,https://open.spotify.com/track/5UEnHoDYpsxlfzWLZIc7LD
123,"Say You Won't Let Go","James Arthur",682469,https://open.spotify.com/track/5uCax9HTNlzGybIStD3vDh
124,Sensualidad,"Bad Bunny",680129,https://open.spotify.com/track/5hcisvFMidkMJlElTO9Qmw
125,"Sugar Wraith","Post Malone",679632,https://open.spotify.com/track/0MrRAUcB8AZiB9ue2VOBYe
126,"You Let Me Walk Alone","Michael Schulte",677328,https://open.spotify.com/track/07qlsG6DYRLBbovwca9Vbr
127,"Shoota (feat. Lil Uzi Vert)","Playboi Carti",660816,https://open.spotify.com/track/2BJSMvOGABRxokHKB0OI8i
128,"Tranquility Base Hotel & Casino","Arctic Monkeys",660788,https://open.spotify.com/track/2URDbWGmPz3vhagl25p8OC
129,"Answerphone (feat. Yxng Bane)","Banx & Ranx",653754,https://open.spotify.com/track/1HagMz5nWk1HmevNCBOxF3
130,"I'll Be There","Jess Glynne",647378,https://open.spotify.com/track/083Qf6hn6sFL6xiOHlZUyn
131,"Bella - Remix",Wolfine,646308,https://open.spotify.com/track/0SaYeGhSXN0dDWstyNTQ56
132,"This Is Me","Keala Settle",644112,https://open.spotify.com/track/2xGjteMU3E1tkEPVFBO08U
133,Everyday,Logic,643686,https://open.spotify.com/track/4EAV2cKiqKP5UPZmY6dejk
134,"Dusk Till Dawn - Radio Edit",ZAYN,637903,https://open.spotify.com/track/1j4kHkkpqZRBwE0A4CN4Yv
135,"Por Perro","Sebastian Yatra",637742,https://open.spotify.com/track/1XM5PgxjpYcF0JuE9nfUbS
136,"One Dance",Drake,636760,https://open.spotify.com/track/1xznGGDReH1oQq0xzbwXa3
137,"Rewrite The Stars","Zac Efron",636272,https://open.spotify.com/track/630sXRhIcfwr2e4RdNtjKN
138,Unforgettable,"French Montana",634193,https://open.spotify.com/track/3B54sVLJ402zGa6Xm4YGNe
139,Solita,Ozuna,629570,https://open.spotify.com/track/7rwX0O3RlxqqIjQM8evm5E
140,"Something Just Like This","The Chainsmokers",623976,https://open.spotify.com/track/6RUKPb4LETWmmr3iAEQktW
141,"How Long","Charlie Puth",622817,https://open.spotify.com/track/6wmAHw1szh5RCKSRjiXhPe
142,"Perfect Duet (Ed Sheeran & Beyoncé)","Ed Sheeran",619977,https://open.spotify.com/track/1bhUWB0zJMIKr9yVPrkEuI
143,"Lonely Together (feat. Rita Ora)",Avicii,618675,https://open.spotify.com/track/2OALaHcDdKkjYEpAr0Qzab
144,"What Lovers Do (feat. SZA)","Maroon 5",616701,https://open.spotify.com/track/3hBBKuWJfxlIlnd9QFoC8k
145,Breathe,"Jax Jones",616662,https://open.spotify.com/track/6tvQzeCPwOytDlBYCIOY0n
146,"Kevin’s Heart","J. Cole",615667,https://open.spotify.com/track/6tZ3b7ik1QDXFAZlXib0YZ
147,changes,XXXTENTACION,611908,https://open.spotify.com/track/7AFASza1mXqntmGtbxXprO
148,"Bank Account","21 Savage",608682,https://open.spotify.com/track/2fQrGHiQOvpL9UgPvtYy6G
149,"I Miss You (feat. Julia Michaels)","Clean Bandit",607400,https://open.spotify.com/track/2xmrfQpmS2iJExTlklLoAL
150,goosebumps,"Travis Scott",606145,https://open.spotify.com/track/6gBFPUFcJLzWGx4lenP6h2
151,Closer,"The Chainsmokers",600487,https://open.spotify.com/track/7BKLCZ1jbUBVqRi2FVlTVw
152,Location,Khalid,599852,https://open.spotify.com/track/152lZdxL1OR0ZMW6KquMif
153,1-800-273-8255,Logic,594442,https://open.spotify.com/track/5tz69p7tJuGPeMGwNTxYuV
154,"EL BAÑO","Enrique Iglesias",594288,https://open.spotify.com/track/2vvdTrdryjsl8DmPIMDWZU
155,Ahora,"J Balvin",592220,https://open.spotify.com/track/54OB85nuxYGfl7qRQXuz7c
156,"El Farsante - Remix",Ozuna,591423,https://open.spotify.com/track/7uYgVgRSgqluZclLS7wpp4
157,"Let Me Go (with Alesso, Florida Georgia Line & watt)","Hailee Steinfeld",590497,https://open.spotify.com/track/5AEtlRudpgdT5FtNiuly6Y
158,"Bodak Yellow","Cardi B",587992,https://open.spotify.com/track/6KBYefIoo7KydImq1uUQlL
159,"Largado As Traças - Acústico","Zé Neto & Cristiano",587720,https://open.spotify.com/track/74gguwbBvfBTurNJUWFOsC
160,"Nena Maldicion (feat. Lenny Tavarez)","Paulo Londra",584574,https://open.spotify.com/track/3TnhQSRwT3AVMdXw5JPq0x
161,"Whatever It Takes","Imagine Dragons",584522,https://open.spotify.com/track/7F3uo3304R2CTvOseU3H7u
162,ATM,"J. Cole",584034,https://open.spotify.com/track/2UciqgwVDwro0fev3MFbxJ
163,"American Sports","Arctic Monkeys",582227,https://open.spotify.com/track/2HbYLDA1SigY1ilC94ieVu
164,"PICK IT UP (feat. A$AP Rocky)","Famous Dex",581581,https://open.spotify.com/track/0dSIrRkA4PadGll16TgbnV
165,"All Girls Are The Same","Juice WRLD",578497,https://open.spotify.com/track/1dNyRyz1QBN9kO1etUs1PI
166,"Mi Gente","J Balvin",573033,https://open.spotify.com/track/2rb5MvYT7ZIxbKW5hfcHx8
167,"Guatemala - From Swaecation","Rae Sremmurd",569203,https://open.spotify.com/track/0TCnOEVeLQMXOUrpPlM7uY
168,"I Like Me Better",Lauv,569067,https://open.spotify.com/track/1wjzFQodRWrPcQ0AnYnvQ9
169,"Me Rehúso","Danny Ocean",567936,https://open.spotify.com/track/6De0lHrwBfPfrhorm9q1Xl
170,Africa,Toto,567076,https://open.spotify.com/track/2374M0fQpWi3dLnB54qaLX
171,"Despacito - Remix","Luis Fonsi",565523,https://open.spotify.com/track/5CtI0qwDJkDQGwXD1H1cLb
172,"La Cintura","Alvaro Soler",560864,https://open.spotify.com/track/19MBk3PbNFE36wqIqkMq9H
173,"To My Love - Tainy Remix","Bomba Estéreo",557977,https://open.spotify.com/track/5LciLoxa1gK70yIUeoHgRx
174,"More Than You Know","Axwell /\ Ingrosso",556658,https://open.spotify.com/track/71bBFbfn2OBK5QwUJSLS44
175,"Him & I (with Halsey)",G-Eazy,552385,https://open.spotify.com/track/5k38wzpLb15YgncyWdTZE4
176,"Só Quer Vrau","MC MM",546607,https://open.spotify.com/track/68uKHxQzoY6gd7YSKJf21J
177,"Thinking Out Loud","Ed Sheeran",541987,https://open.spotify.com/track/1Slwb6dOYkBlWal1PGtnNg
178,"Golden Trunks","Arctic Monkeys",541886,https://open.spotify.com/track/0U6Vg6RUmzADUO0Y9fVKft
179,"Sick Boy","The Chainsmokers",541505,https://open.spotify.com/track/08hm0V6cTsWDX62hW42sEv
180,"Lucid Dreams","Juice WRLD",540360,https://open.spotify.com/track/32iYwQ4OYiurnGnOfJ1aEh
181,"Audio - with Sia, Diplo & Labrinth",Sia,539234,https://open.spotify.com/track/7boPPE857KEqCIHNwFkDop
182,"That's What I Like","Bruno Mars",537061,https://open.spotify.com/track/0KKkJNfGyhkQ5aFogxQAPU
183,"Sorry Not Sorry","Demi Lovato",536926,https://open.spotify.com/track/3m660poUr1chesgkkjQM7P
184,"Levels - Radio Edit",Avicii,533665,https://open.spotify.com/track/5B03nSG8pLE48jh7kmasuL
185,Esperándote,"Manuel Turizo",529063,https://open.spotify.com/track/1nfyE13arjOuO54HH0zmqj
186,"There's Nothing Holdin' Me Back","Shawn Mendes",525731,https://open.spotify.com/track/79cuOz3SPQTuFrp8WgftAu
187,"I'm Yours","Jason Mraz",524253,https://open.spotify.com/track/3S0OXQeoh0w6AY8WQVckRW
188,"Fuck Love (feat. Trippie Redd)",XXXTENTACION,520512,https://open.spotify.com/track/7AQim7LbvFVZJE3O8TYgf2
189,"Se Preparó",Ozuna,520378,https://open.spotify.com/track/1m69ELEgE6k5ZWsap40ozt
190,Paradise,"George Ezra",517512,https://open.spotify.com/track/38zwkK6TtTjIW9tpYBfZ3D
191,Heaven,"Kane Brown",517330,https://open.spotify.com/track/1HXy5I3HTWq8OvxCn0z7G7
192,Photograph,"Ed Sheeran",516230,https://open.spotify.com/track/6fxVffaTuwjgEk5h9QyRjy
193,Betrayed,"Lil Xan",515702,https://open.spotify.com/track/4vaxvNDaLSoD36iZX515ug
194,"BUTTERFLY EFFECT","Travis Scott",512323,https://open.spotify.com/track/1yxgsra98r3qAtxqiGZPiX
195,"For You (Fifty Shades Freed) (& Rita Ora)","Liam Payne",511904,https://open.spotify.com/track/5hM6sP0Gh1jD57drszNueC
196,"Duro y Suave","Leslie Grace",510662,https://open.spotify.com/track/31M5m42C3EGlbydf9XB5to
197,Barking,Ramz,506453,https://open.spotify.com/track/7amMgNDcObIDkIXv4xcvc2
198,"Dance You Off","Benjamin Ingrosso",504372,https://open.spotify.com/track/0s3P5PImfDZYWIseR3b39D
199,"Lift Yourself","Kanye West",502586,https://open.spotify.com/track/3uYDO9dPLTVrgfwg7EYXSf
200,"Drink About",Seeb,502016,https://open.spotify.com/track/2GGGm4MLQynB3I4E4ycIYC
