,,,"Note that these figures are generated using a formula that protects against any artificial inflation of chart positions.",
Position,"Track Name",Artist,Streams,URL
1,SAD!,XXXTENTACION,5123381,https://open.spotify.com/track/3ee8Jmje8o58CHK66QrVC2
2,"Lucid Dreams","Juice WRLD",3856757,https://open.spotify.com/track/0X8DcetL926BYiPJYstJTc
3,"Girls Like You (feat. Cardi B)","Maroon 5",3816500,https://open.spotify.com/track/7fa9MBXhVfQ8P8Df9OEbD8
4,Moonlight,XXXTENTACION,3783200,https://open.spotify.com/track/0JP9xo3adEtGSdUEISiszL
5,"Better Now","Post Malone",3774987,https://open.spotify.com/track/7dt6x5M1jzdTEt8oCbisTK
6,"I Like It","Cardi B",3686016,https://open.spotify.com/track/58q2HKrzhC3ozto2nDdN4z
7,"One Kiss (with Dua Lipa)","Calvin Harris",3650319,https://open.spotify.com/track/7ef4DlsgrMEH11cDZd32M6
8,"Jocelyn Flores",XXXTENTACION,3425164,https://open.spotify.com/track/7m9OqQk4RVRkw9JJdeAw96
9,"Solo (feat. Demi Lovato)","Clean Bandit",3213059,https://open.spotify.com/track/6kPJZM97LwdG9QIsT7khp6
10,changes,XXXTENTACION,3109817,https://open.spotify.com/track/7AFASza1mXqntmGtbxXprO
11,"Back To You","Selena Gomez",3065737,https://open.spotify.com/track/514rhnksEwHUh6LxXsQ4Y9
12,"no tears left to cry","Ariana Grande",2884695,https://open.spotify.com/track/5SxkdsY1ufZzoq9iXceLw9
13,Youngblood,"5 Seconds of Summer",2873660,https://open.spotify.com/track/2iUXsYOEPhVqEBwsqP70rE
14,"Taste (feat. Offset)",Tyga,2725306,https://open.spotify.com/track/5IaHrVsrferBYDm0bDyABy
15,"Jackie Chan",Tiësto,2541781,https://open.spotify.com/track/4kWO6O1BUXcZmaxitpVUwp
16,"Te Boté - Remix","Nio Garcia",2424280,https://open.spotify.com/track/3V8UKqhEK5zBkBb6d6ub8i
17,"Ocean (feat. Khalid)","Martin Garrix",2398428,https://open.spotify.com/track/3nc420PXjTdBV5TN0gCFkS
18,"Nice For What",Drake,2367146,https://open.spotify.com/track/1cTZMwcBJT0Ka3UJPXOeeN
19,"Fuck Love (feat. Trippie Redd)",XXXTENTACION,2262842,https://open.spotify.com/track/7AQim7LbvFVZJE3O8TYgf2
20,X,"Nicky Jam",2258971,https://open.spotify.com/track/39N9RPD9MRb5WmoLzNzPeA
21,"God's Plan",Drake,2202562,https://open.spotify.com/track/6T8cJz5lAqGer9GUHGyelE
22,"Bed (feat. Ariana Grande)","Nicki Minaj",2150709,https://open.spotify.com/track/1ZEm9cJC05rawV2tptNfTS
23,"Psycho (feat. Ty Dolla $ign)","Post Malone",2061446,https://open.spotify.com/track/3swc6WTsr7rl9DqQKQA55C
24,"Born To Be Yours",Kygo,1974586,https://open.spotify.com/track/0kHyKhJMukHEPfeh8s7rdM
25,"Everybody Dies In Their Nightmares",XXXTENTACION,1922337,https://open.spotify.com/track/3GVkPk8mqxz0itaAriG1L7
26,Flames,"David Guetta",1878342,https://open.spotify.com/track/33IOhptvC2Qoy2UhjiHXLV
27,"Sin Pijama","Becky G",1877773,https://open.spotify.com/track/2ijef6ni2amuunRoKTlgww
28,"the remedy for a broken heart (why am I so in love)",XXXTENTACION,1854473,https://open.spotify.com/track/4UKCKdYiLN6IMA5ZESUTL7
29,Nevermind,"Dennis Lloyd",1814415,https://open.spotify.com/track/63SevszngYpZOwf63o61K4
30,"All Mine","Kanye West",1806274,https://open.spotify.com/track/3qnoOm4fwZPBS116f5hpgF
31,FRIENDS,Marshmello,1784198,https://open.spotify.com/track/08bNPGLD8AhKpnnERrAc6G
32,"lovely (with Khalid)","Billie Eilish",1744755,https://open.spotify.com/track/0u2P5u6lvoDfwTYjAADbn4
33,2002,Anne-Marie,1740665,https://open.spotify.com/track/6SFStUDQZNaGPKWOx9ZiJB
34,"rockstar (feat. 21 Savage)","Post Malone",1730663,https://open.spotify.com/track/0e7ipj03S05BNilyu5bRzt
35,Rise,"Jonas Blue",1705565,https://open.spotify.com/track/3u1S1OmAUhx5DRlLrXqyp3
36,"I'm Upset",Drake,1659553,https://open.spotify.com/track/54oMZ3blwWwuPN4wEoG5mk
37,"Yes Indeed","Lil Baby",1589315,https://open.spotify.com/track/6vN77lE9LK6HP2DewaN6HZ
38,"The Middle",Zedd,1554997,https://open.spotify.com/track/2ARqIya5NAuvFVHSN3bL0m
39,"Praise The Lord (Da Shine)","A$AP Rocky",1553136,https://open.spotify.com/track/7ycWLEP1GsNjVvcjawXz3z
40,"Look At Me!",XXXTENTACION,1543321,https://open.spotify.com/track/6eYxmK9fdL4hwLnXG2zY3s
41,"Look Alive (feat. Drake)","BlocBoy JB",1531609,https://open.spotify.com/track/4qKcDkK6siZ7Jp1Jb4m0aL
42,"Start Again (feat. Logic)",OneRepublic,1455985,https://open.spotify.com/track/1Nj2oBISdFDSF8eDuXcALz
43,IDGAF,"Dua Lipa",1406930,https://open.spotify.com/track/76cy1WJvNGJTj78UqeA5zr
44,"This Is America","Childish Gambino",1395702,https://open.spotify.com/track/0b9oOr2ZgvyQu88wzixux9
45,Hope,XXXTENTACION,1374868,https://open.spotify.com/track/2ZRo7axmMPeSVUvDbGkJah
46,"These Days (feat. Jess Glynne, Macklemore & Dan Caplen)",Rudimental,1372642,https://open.spotify.com/track/5CLGzJsGqhCEECcpnFQA8x
47,"Me Niego",Reik,1366404,https://open.spotify.com/track/6jA8JUuPCGYjFcgw0AoM5T
48,OTW,Khalid,1313885,https://open.spotify.com/track/6Hgh47WXVKtXN5zGOu0hjI
49,"All Girls Are The Same","Juice WRLD",1305870,https://open.spotify.com/track/3H2JThgdBxezwj1wwafQS8
50,NUMB,XXXTENTACION,1267577,https://open.spotify.com/track/01TnVDiet1DFTsyWKUKovl
51,Havana,"Camila Cabello",1250417,https://open.spotify.com/track/1rfofaqEpACxVEHIZBJe6W
52,"Love Lies (with Normani)",Khalid,1221782,https://open.spotify.com/track/45Egmo7icyopuzJN0oMEdk
53,"1, 2, 3 (feat. Jason Derulo & De La Ghetto)","Sofia Reyes",1188933,https://open.spotify.com/track/4QtiVmuA88tPQiCOHZuQ5b
54,APESHIT,"The Carters",1186777,https://open.spotify.com/track/0E6PsO3ymCfUh7pJQjBgkj
55,"La Cintura","Alvaro Soler",1183067,https://open.spotify.com/track/19MBk3PbNFE36wqIqkMq9H
56,"Shape of You","Ed Sheeran",1168373,https://open.spotify.com/track/7qiZfU4dY1lWllzX7mPBI3
57,"Dura - Remix","Daddy Yankee",1160535,https://open.spotify.com/track/6U2NuJILEOEpW2tVCuqKHb
58,"In My Blood","Shawn Mendes",1147696,https://open.spotify.com/track/21YnmkSDhUkmkkni22Svc4
59,"Meant to Be (feat. Florida Georgia Line)","Bebe Rexha",1127203,https://open.spotify.com/track/4e4fqjx0Izh4svvTef1z7e
60,Mine,Bazzi,1113835,https://open.spotify.com/track/7uzmGiiJyRfuViKKK3lVmR
61,"Playinwitme (feat. Kehlani)",KYLE,1092205,https://open.spotify.com/track/4F1yvJfQ7gJkrcgFJQDjOr
62,"La Player (Bandolera)","Zion & Lennox",1082500,https://open.spotify.com/track/0VKkyBKCXyR99navhVRqcP
63,"New Rules","Dua Lipa",1063833,https://open.spotify.com/track/2ekn2ttSfGqwhhate0LSR0
64,Somebody,"The Chainsmokers",1044304,https://open.spotify.com/track/3pWcj8hxj3fsb9TDAcMpEl
65,"Freaky Friday (feat. Chris Brown)","Lil Dicky",1034879,https://open.spotify.com/track/10Igtw8bSDyyFs7KIsKngZ
66,"New Light","John Mayer",1033608,https://open.spotify.com/track/3bH4HzoZZFq8UpZmI2AMgV
67,"Call Out My Name","The Weeknd",1022974,https://open.spotify.com/track/1gm616Plq4ScqNi7TVkZ5N
68,"Mi Cama","Karol G",1021252,https://open.spotify.com/track/7sFYVcKSb24qg0dAkqLEFj
69,"All The Stars (with SZA)","Kendrick Lamar",999391,https://open.spotify.com/track/3GCdLUSnKSMJhs4Tj6CV3s
70,Body,"Loud Luxury",998948,https://open.spotify.com/track/43V1z6QToNNWNldV4FEG6r
71,"Ball For Me (feat. Nicki Minaj)","Post Malone",983458,https://open.spotify.com/track/6IaieqiCVvsNvEt6Y7yOFa
72,"Walk It Talk It",Migos,966839,https://open.spotify.com/track/6n4U3TlzUGhdSFbUUhTvLP
73,"Síguelo Bailando",Ozuna,959387,https://open.spotify.com/track/5Y9fnynLlIvqtM710MHzfz
74,Believer,"Imagine Dragons",954958,https://open.spotify.com/track/7Izh7zLJGw1Nscd62Exxj4
75,"Madura (feat. Bad Bunny)",Cosculluela,950946,https://open.spotify.com/track/0r9d60ZYPAlFHq8qnUtkXN
76,"Plug Walk","Rich The Kid",948801,https://open.spotify.com/track/6mAz8D1TmlTuef90dbNIiZ
77,"DDU-DU DDU-DU",BLACKPINK,947772,https://open.spotify.com/track/7b8YOVV5quZcSKEijDgyWB
78,Perfect,"Ed Sheeran",946435,https://open.spotify.com/track/0tgVpDi06FyKpA1z0VMD4v
79,"Audio - with Sia, Diplo & Labrinth",Sia,946007,https://open.spotify.com/track/7boPPE857KEqCIHNwFkDop
80,"Girls (feat. Cardi B, Bebe Rexha & Charli XCX)","Rita Ora",935179,https://open.spotify.com/track/1YNQscOx6OqBQjxgJVhEeW
81,"I'll Be There","Jess Glynne",922127,https://open.spotify.com/track/083Qf6hn6sFL6xiOHlZUyn
82,"I Fall Apart","Post Malone",900508,https://open.spotify.com/track/75ZvA4QfFiZvzhj2xkaWAh
83,"High Hopes","Panic! At The Disco",897038,https://open.spotify.com/track/1rqqCSm0Qe4I9rUvWncaom
84,"Ric Flair Drip (& Metro Boomin)",Offset,897016,https://open.spotify.com/track/7sO5G9EABYOXQKNPNiE9NR
85,"Live It Up - Official Song 2018 FIFA World Cup Russia","Nicky Jam",896352,https://open.spotify.com/track/4DnHUy01jEA4b5ydC3HgsT
86,"Remind Me to Forget",Kygo,881244,https://open.spotify.com/track/6xTU6B6nFwKKTSZ9ySXS80
87,Thunder,"Imagine Dragons",873871,https://open.spotify.com/track/26gceVsA1ybT8qsX3aYLEn
88,"Por Perro","Sebastian Yatra",872063,https://open.spotify.com/track/2alIsNw1mqEShbWyO1HXZZ
89,"XO TOUR Llif3","Lil Uzi Vert",867232,https://open.spotify.com/track/7GX5flRQZVHRAGd6B4TmDO
90,Familiar,"Liam Payne",867039,https://open.spotify.com/track/0Y4hwUppbGc8aIBmiTz30A
91,"No Es Justo","J Balvin",843780,https://open.spotify.com/track/5qFeMRz4TvetPmzjre9Dq7
92,Unica,Ozuna,837168,https://open.spotify.com/track/6752EZMgXswvRBH3N2PilO
93,"El Préstamo",Maluma,832312,https://open.spotify.com/track/2XVilv6s9GETnw9PG4T9Mz
94,"FAKE LOVE",BTS,828603,https://open.spotify.com/track/3aW0ds4A4tSQDIp75FqWTo
95,Revenge,XXXTENTACION,823725,https://open.spotify.com/track/5TXDeTFVRVY7Cvt0Dw4vWW
96,Happier,"Ed Sheeran",823135,https://open.spotify.com/track/2RttW7RAu5nOAfq6YFvApB
97,"Dance To This (feat. Ariana Grande)","Troye Sivan",819447,https://open.spotify.com/track/1NbGcdgwRHZ5rbPIT9hdR3
98,Enemies,Lauv,817350,https://open.spotify.com/track/3JJYIoJ5FyY9E0DGjr7SXF
99,"the light is coming (feat. Nicki Minaj)","Ariana Grande",811609,https://open.spotify.com/track/5iZ4hcpCgFVijq5OOjBTKZ
100,JAPAN,"Famous Dex",811421,https://open.spotify.com/track/5PTG6rrL6EPFD9E2QMI2pl
101,"I'm a Mess","Bebe Rexha",808145,https://open.spotify.com/track/04ZTP5KsCypmtCmQg5tH9R
102,Yikes,"Kanye West",807149,https://open.spotify.com/track/2r4JRwcbIeuAzWjH4YXlLs
103,"Bella - Remix",Wolfine,803145,https://open.spotify.com/track/0SaYeGhSXN0dDWstyNTQ56
104,"Bigger Than You (feat. Drake & Quavo)","2 Chainz",795659,https://open.spotify.com/track/5S1IUPueD0xE0vj4zU3nSf
105,"Youth feat. Khalid","Shawn Mendes",786326,https://open.spotify.com/track/5SwEgzUFDHwpWHKrbnP32Z
106,"Too Good At Goodbyes","Sam Smith",786081,https://open.spotify.com/track/1mXVgsBdtIVeCLJnSnmtdV
107,"Candy Paint","Post Malone",779825,https://open.spotify.com/track/32lItqlMi4LBhb4k0BaSaC
108,"Powerglide (feat. Juicy J) - From SR3MM","Rae Sremmurd",769819,https://open.spotify.com/track/1BuZAIO8WZpavWVbbq3Lci
109,Reborn,"KIDS SEE GHOSTS",768411,https://open.spotify.com/track/4RVbK6cV0VqWdpCDcx3hiT
110,"Roll In Peace (feat. XXXTENTACION)","Kodak Black",762385,https://open.spotify.com/track/40oKW22ZNNkEdZLJTScaQI
111,"Like To Be You feat. Julia Michaels","Shawn Mendes",762041,https://open.spotify.com/track/5QskYLFPX9y7pLU0VEMNbr
112,Sober,"Demi Lovato",757751,https://open.spotify.com/track/0STK94RxUulYqWzwFlyAb5
113,Dura,"Daddy Yankee",741958,https://open.spotify.com/track/2j2fIJGh4PMdXt9ULI5Tlc
114,"Échame La Culpa","Luis Fonsi",737460,https://open.spotify.com/track/1zsG4eaZmkA1dvjDDsAGLK
115,"Te Amo","Piso 21",732274,https://open.spotify.com/track/2RVrdr062uLFxXwIxwdXPH
116,"Boo'd Up","Ella Mai",731086,https://open.spotify.com/track/0At2qAoaVjIwWNAqrscXli
117,"Better Not (feat. Wafia)","Louis The Child",729358,https://open.spotify.com/track/447yWcDPg1ddgcHBLGpJC0
118,"Mad Love","Sean Paul",727271,https://open.spotify.com/track/3soOPBuMK8YMdWnV7xpEyf
119,"If You're Over Me","Years & Years",727210,https://open.spotify.com/track/01k24g94i1JvkFLQmVEdCd
120,"Carry On",XXXTENTACION,724419,https://open.spotify.com/track/2yZax79pOrYuyIFVW2cZY2
121,"ocean eyes","Billie Eilish",724363,https://open.spotify.com/track/7hDVYcQq6MxkdJGweuCtl9
122,Paranoid,"Post Malone",720672,https://open.spotify.com/track/3fpVWegR6YOS1Yk5HSMYIq
123,Simple,"Florida Georgia Line",717658,https://open.spotify.com/track/4P92FrvmYQSAfOpp4cpFEi
124,"Done For Me (feat. Kehlani)","Charlie Puth",713934,https://open.spotify.com/track/1lsBTdE6MGsKeZCD6llNu7
125,Ambiente,"J Balvin",713725,https://open.spotify.com/track/6VrBWh90BiwWmwKtvwWFcq
126,HUMBLE.,"Kendrick Lamar",709911,https://open.spotify.com/track/7KXjTSCq5nL1LoYtL7XAwS
127,Congratulations,"Post Malone",706111,https://open.spotify.com/track/3a1lNhkSLSkpJE4MSHpDu9
128,Esskeetit,"Lil Pump",701270,https://open.spotify.com/track/44KKhCyI0BGS6LvVyDqJtH
129,"Like I Do","David Guetta",699800,https://open.spotify.com/track/6RnkFd8Fqqgk1Uni8RgqCQ
130,Dembow,"Danny Ocean",688945,https://open.spotify.com/track/2EzRdhuoPyNJDlep7lnNf2
131,"Say Amen (Saturday Night)","Panic! At The Disco",687730,https://open.spotify.com/track/76vMKwFtdDDCLcM6zXybjB
132,"Déjala Que Vuelva (feat. Manuel Turizo)","Piso 21",687525,https://open.spotify.com/track/1j6xOGusnyXq3l6IryKF3G
133,Wolves,"Selena Gomez",683488,https://open.spotify.com/track/7EmGUiUaOSGDnUUQUDrOXC
134,"Wake Me Up - Radio Edit",Avicii,683384,https://open.spotify.com/track/6g1NlCpW7fgqDnWbCCDrHl
135,"Feel It Still","Portugal. The Man",680557,https://open.spotify.com/track/6QgjcU0zLnzq5OrUoSZ3OK
136,TATI,6ix9ine,675886,https://open.spotify.com/track/6kp0inxIexxSiDJfWqq0ZL
137,"Spoil My Night (feat. Swae Lee)","Post Malone",672440,https://open.spotify.com/track/5VuxWXbt7XENQCtE9TzpTv
138,Clandestino,Shakira,671628,https://open.spotify.com/track/7DrluKkTviBwCc8AV3VGmf
139,"Perfect Duet (Ed Sheeran & Beyoncé)","Ed Sheeran",663937,https://open.spotify.com/track/1bhUWB0zJMIKr9yVPrkEuI
140,"Never Be the Same","Camila Cabello",657225,https://open.spotify.com/track/4eWQlBRaTjPPUlzacqEeoQ
141,"Say You Won't Let Go","James Arthur",654229,https://open.spotify.com/track/5uCax9HTNlzGybIStD3vDh
142,Silence,Marshmello,648752,https://open.spotify.com/track/7vGuf3Y35N4wmASOKLUVVU
143,Stay,"Post Malone",645740,https://open.spotify.com/track/4H7WNRErSbONkM06blBoGc
144,"I'm Yours","Jason Mraz",643077,https://open.spotify.com/track/3S0OXQeoh0w6AY8WQVckRW
145,"I Like Me Better",Lauv,640844,https://open.spotify.com/track/2P91MQbaiQOfbiz9VqhqKQ
146,Closer,"The Chainsmokers",640820,https://open.spotify.com/track/7BKLCZ1jbUBVqRi2FVlTVw
147,"One Dance",Drake,637636,https://open.spotify.com/track/1xznGGDReH1oQq0xzbwXa3
148,"Growing Pains","Alessia Cara",637578,https://open.spotify.com/track/003eoIwxETJujVWmNFMoZy
149,"Jump (with Trippie Redd)","Julia Michaels",631395,https://open.spotify.com/track/2OvV4NjEBRE9v8Oo7QeUCq
150,"Young Dumb & Broke",Khalid,625050,https://open.spotify.com/track/5Z3GHaZ6ec9bsiI5BenrbY
151,"Sorry Not Sorry","Demi Lovato",623698,https://open.spotify.com/track/3m660poUr1chesgkkjQM7P
152,"Rich & Sad","Post Malone",621943,https://open.spotify.com/track/2VdT56BGpdqNHUgOe1j5vc
153,"Something Just Like This","The Chainsmokers",619538,https://open.spotify.com/track/6RUKPb4LETWmmr3iAEQktW
154,"A l'Ammoniaque",PNL,618351,https://open.spotify.com/track/6aH3QgooXRmx8k8jzrSm3V
155,"Hey Look Ma, I Made It","Panic! At The Disco",616071,https://open.spotify.com/track/22oEJW6r2rMb9z4IntfyEa
156,"Without You (feat. Sandro Cavazza)",Avicii,611239,https://open.spotify.com/track/6WbADFqMvR8N5u0BvtsWQE
157,goosebumps,"Travis Scott",606821,https://open.spotify.com/track/6gBFPUFcJLzWGx4lenP6h2
158,Shotgun,"George Ezra",605238,https://open.spotify.com/track/4ofwffwvvnbSkrMSCKQDaC
159,"Finesse (Remix) [feat. Cardi B]","Bruno Mars",604983,https://open.spotify.com/track/3Vo4wInECJQuz9BIBMOu8i
160,"Let Me",ZAYN,598437,https://open.spotify.com/track/7Fg342AJtNsIDdwCfX0paC
161,Unforgettable,"French Montana",598104,https://open.spotify.com/track/3B54sVLJ402zGa6Xm4YGNe
162,"What Lovers Do (feat. SZA)","Maroon 5",597524,https://open.spotify.com/track/0GxQ1A5L9xnMOytbP6eKBG
163,Halo,Beyoncé,595408,https://open.spotify.com/track/2CvOqDpQIMw69cCzWqr5yr
164,Criminal,"Natti Natasha",594810,https://open.spotify.com/track/6Za3190Sbw39BBC77WSS1C
165,"I Wanna Know (feat. Bea Miller)",NOTD,591824,https://open.spotify.com/track/18W92Zm1KjLCbUIszOhpkD
166,1950,"King Princess",589126,https://open.spotify.com/track/0CZ8lquoTX2Dkg7Ak2inwA
167,"Duro y Suave","Leslie Grace",589099,https://open.spotify.com/track/31M5m42C3EGlbydf9XB5to
168,"Champion (feat. Travis Scott)",NAV,587617,https://open.spotify.com/track/6nO3tr47nr2P7f3hXb8JIo
169,"Bank Account","21 Savage",587378,https://open.spotify.com/track/2fQrGHiQOvpL9UgPvtYy6G
170,"Let You Down",NF,585225,https://open.spotify.com/track/6mrKP2jyIQmM0rw6fQryjr
171,"Roaring 20s","Panic! At The Disco",585220,https://open.spotify.com/track/0wdV94AXGRphrbkDWLNzVC
172,"Let Me Down Slowly","Alec Benjamin",584548,https://open.spotify.com/track/2uaiyLKnYvazyfR0Ky3Kbk
173,1-800-273-8255,Logic,582387,https://open.spotify.com/track/5tz69p7tJuGPeMGwNTxYuV
174,Betrayed,"Lil Xan",581811,https://open.spotify.com/track/4vaxvNDaLSoD36iZX515ug
175,"Depression & Obsession",XXXTENTACION,581550,https://open.spotify.com/track/2H3wWrnO758y0fPH7Ilerg
176,Delicate,"Taylor Swift",580745,https://open.spotify.com/track/7CneiDesUKFJO3Ix01dnfr
177,Africa,Toto,578373,https://open.spotify.com/track/2374M0fQpWi3dLnB54qaLX
178,"Whatever It Takes","Imagine Dragons",577934,https://open.spotify.com/track/7F3uo3304R2CTvOseU3H7u
179,Legends,"Juice WRLD",572536,https://open.spotify.com/track/1Knctxx9vGZxpZfF66BIEa
180,"I Don't Wanna Do This Anymore",XXXTENTACION,569931,https://open.spotify.com/track/5de9Ho64dovuQI8Uhn5gPD
181,Location,Khalid,568637,https://open.spotify.com/track/152lZdxL1OR0ZMW6KquMif
182,"Mi Gente","J Balvin",566131,https://open.spotify.com/track/7COfe3P7KgfwDwIRB8LIDw
183,"King's Dead (with Kendrick Lamar, Future & James Blake)","Jay Rock",563798,https://open.spotify.com/track/51rXHuKN8Loc4sUlKPODgH
184,"More Than You Know","Axwell /\ Ingrosso",561292,https://open.spotify.com/track/71bBFbfn2OBK5QwUJSLS44
185,"PICK IT UP (feat. A$AP Rocky)","Famous Dex",559288,https://open.spotify.com/track/0dSIrRkA4PadGll16TgbnV
186,KOD,"J. Cole",558167,https://open.spotify.com/track/7yotKA30dwTKNEGomV9ZsI
187,"Leave a Light On","Tom Walker",557024,https://open.spotify.com/track/6lOWoTqVnAWXchddtTH31W
188,"Ao Vivo E A Cores","Matheus & Kauan",556940,https://open.spotify.com/track/2Ab1wPTEqulaCGoBak1gUo
189,"Thinking Out Loud","Ed Sheeran",556827,https://open.spotify.com/track/1Slwb6dOYkBlWal1PGtnNg
190,Solita,Ozuna,555486,https://open.spotify.com/track/7rwX0O3RlxqqIjQM8evm5E
191,"Let Me Live (feat. Anne-Marie & Mr Eazi)",Rudimental,554186,https://open.spotify.com/track/3D1rlKmZdpYUeMtRRLNawc
192,Nervous,"Shawn Mendes",553369,https://open.spotify.com/track/0Dq49j3dELbttQVUJbtn0c
193,"Shoota (feat. Lil Uzi Vert)","Playboi Carti",552992,https://open.spotify.com/track/2BJSMvOGABRxokHKB0OI8i
194,"Ghost Town","Kanye West",550999,https://open.spotify.com/track/6Bg7MznA9X0dIhlAsLyBYj
195,Photograph,"Ed Sheeran",549587,https://open.spotify.com/track/6fxVffaTuwjgEk5h9QyRjy
196,"I Know You (feat. Yung Pinch)","Lil Skies",549183,https://open.spotify.com/track/5Cg98kiDYtCEHmjcKD0CJD
197,"Dusk Till Dawn - Radio Edit",ZAYN,548332,https://open.spotify.com/track/1j4kHkkpqZRBwE0A4CN4Yv
198,"This Is Me","Keala Settle",547896,https://open.spotify.com/track/2xGjteMU3E1tkEPVFBO08U
199,Corazón,Maluma,546679,https://open.spotify.com/track/5cepAtqnEQ6yVG6088zMMu
200,"That's What I Like","Bruno Mars",543688,https://open.spotify.com/track/0KKkJNfGyhkQ5aFogxQAPU
