,,,"Note that these figures are generated using a formula that protects against any artificial inflation of chart positions.",
Position,"Track Name",Artist,Streams,URL
1,"Nice For What",Drake,5340441,https://open.spotify.com/track/1cTZMwcBJT0Ka3UJPXOeeN
2,"no tears left to cry","Ariana Grande",5157293,https://open.spotify.com/track/5SxkdsY1ufZzoq9iXceLw9
3,"God's Plan",Drake,4536091,https://open.spotify.com/track/2XW4DbS6NddZxRPm5rMCeY
4,"One Kiss (with Dua Lipa)","Calvin Harris",4336216,https://open.spotify.com/track/7ef4DlsgrMEH11cDZd32M6
5,"Psycho (feat. Ty Dolla $ign)","Post Malone",3651700,https://open.spotify.com/track/65NwOZqoXny4JxqAPlfxRF
6,"Call Out My Name","The Weeknd",3486384,https://open.spotify.com/track/1gm616Plq4ScqNi7TVkZ5N
7,FRIENDS,Marshmello,3458393,https://open.spotify.com/track/08bNPGLD8AhKpnnERrAc6G
8,"I Like It","Cardi B",3405650,https://open.spotify.com/track/58q2HKrzhC3ozto2nDdN4z
9,X,"Nicky Jam",3344942,https://open.spotify.com/track/39N9RPD9MRb5WmoLzNzPeA
10,"Freaky Friday (feat. Chris Brown)","Lil Dicky",3043986,https://open.spotify.com/track/10Igtw8bSDyyFs7KIsKngZ
11,KOD,"J. Cole",3039642,https://open.spotify.com/track/7yotKA30dwTKNEGomV9ZsI
12,"The Middle",Zedd,2895808,https://open.spotify.com/track/2ARqIya5NAuvFVHSN3bL0m
13,"Love Lies (with Normani)",Khalid,2745194,https://open.spotify.com/track/45Egmo7icyopuzJN0oMEdk
14,SAD!,XXXTENTACION,2407122,https://open.spotify.com/track/3ee8Jmje8o58CHK66QrVC2
15,"Wake Me Up - Radio Edit",Avicii,2378539,https://open.spotify.com/track/6g1NlCpW7fgqDnWbCCDrHl
16,"Look Alive (feat. Drake)","BlocBoy JB",2340935,https://open.spotify.com/track/4qKcDkK6siZ7Jp1Jb4m0aL
17,ATM,"J. Cole",2335399,https://open.spotify.com/track/2UciqgwVDwro0fev3MFbxJ
18,IDGAF,"Dua Lipa",2327044,https://open.spotify.com/track/76cy1WJvNGJTj78UqeA5zr
19,"These Days (feat. Jess Glynne, Macklemore & Dan Caplen)",Rudimental,2301876,https://open.spotify.com/track/5CLGzJsGqhCEECcpnFQA8x
20,"Kevin’s Heart","J. Cole",2297193,https://open.spotify.com/track/6tZ3b7ik1QDXFAZlXib0YZ
21,Nevermind,"Dennis Lloyd",2167084,https://open.spotify.com/track/63SevszngYpZOwf63o61K4
22,Mine,Bazzi,2149162,https://open.spotify.com/track/7uzmGiiJyRfuViKKK3lVmR
23,"All The Stars (with SZA)","Kendrick Lamar",2092328,https://open.spotify.com/track/3GCdLUSnKSMJhs4Tj6CV3s
24,Motiv8,"J. Cole",2029243,https://open.spotify.com/track/1AT4xjNarTswd0UZ5FlmKF
25,"In My Blood","Shawn Mendes",1987295,https://open.spotify.com/track/79jX8RM5CgPqDKdGEKNW9K
26,"Walk It Talk It",Migos,1934056,https://open.spotify.com/track/6n4U3TlzUGhdSFbUUhTvLP
27,"Like I Do","David Guetta",1929722,https://open.spotify.com/track/6RnkFd8Fqqgk1Uni8RgqCQ
28,rockstar,"Post Malone",1909312,https://open.spotify.com/track/2U7Hu2RaNQNRi7izoJyZaX
29,"Without You (feat. Sandro Cavazza)",Avicii,1904681,https://open.spotify.com/track/6WbADFqMvR8N5u0BvtsWQE
30,"1985 - Intro to “The Fall Off”","J. Cole",1869830,https://open.spotify.com/track/7EulRO07ZgchxqKUHb8Pvc
31,Dura,"Daddy Yankee",1857685,https://open.spotify.com/track/2j2fIJGh4PMdXt9ULI5Tlc
32,"Plug Walk","Rich The Kid",1839799,https://open.spotify.com/track/6mAz8D1TmlTuef90dbNIiZ
33,"Meant to Be (feat. Florida Georgia Line)","Bebe Rexha",1821019,https://open.spotify.com/track/7iDa6hUg2VgEL1o1HjmfBn
34,OTW,Khalid,1801326,https://open.spotify.com/track/6Hgh47WXVKtXN5zGOu0hjI
35,Photograph,"J. Cole",1770121,https://open.spotify.com/track/0bhnUFDQFCEHCBlsQfHnj5
36,"Me Niego",Reik,1726500,https://open.spotify.com/track/6jA8JUuPCGYjFcgw0AoM5T
37,"Remind Me to Forget",Kygo,1695920,https://open.spotify.com/track/6xTU6B6nFwKKTSZ9ySXS80
38,Havana,"Camila Cabello",1691397,https://open.spotify.com/track/1rfofaqEpACxVEHIZBJe6W
39,"Let Me",ZAYN,1606495,https://open.spotify.com/track/7Fg342AJtNsIDdwCfX0paC
40,"1, 2, 3 (feat. Jason Derulo & De La Ghetto)","Sofia Reyes",1601059,https://open.spotify.com/track/4QtiVmuA88tPQiCOHZuQ5b
41,"Be Careful","Cardi B",1572256,https://open.spotify.com/track/2Yl4OmDby9iitgNWZPwxkd
42,JAPAN,"Famous Dex",1563444,https://open.spotify.com/track/5PTG6rrL6EPFD9E2QMI2pl
43,"Playinwitme (feat. Kehlani)",KYLE,1562304,https://open.spotify.com/track/43cFjTTCD9Cni4aSL0sORz
44,"Waiting For Love",Avicii,1545287,https://open.spotify.com/track/6nsLzJfvp5OLd4mgqUJkpq
45,"Levels - Radio Edit",Avicii,1536592,https://open.spotify.com/track/5B03nSG8pLE48jh7kmasuL
46,Flames,"David Guetta",1520111,https://open.spotify.com/track/33IOhptvC2Qoy2UhjiHXLV
47,"Mad Love","Sean Paul",1509071,https://open.spotify.com/track/3soOPBuMK8YMdWnV7xpEyf
48,"Te Boté - Remix","Nio Garcia",1458389,https://open.spotify.com/track/3V8UKqhEK5zBkBb6d6ub8i
49,Delicate,"Taylor Swift",1444661,https://open.spotify.com/track/6NFyWDv5CjfwuzoCkw47Xf
50,"Say Something","Justin Timberlake",1442343,https://open.spotify.com/track/1LhMopPAallLeaeNutqbgS
51,Familiar,"Liam Payne",1437821,https://open.spotify.com/track/0Y4hwUppbGc8aIBmiTz30A
52,"Lonely Together (feat. Rita Ora)",Avicii,1434943,https://open.spotify.com/track/2OALaHcDdKkjYEpAr0Qzab
53,"I Wanna Know (feat. Bea Miller)",NOTD,1398209,https://open.spotify.com/track/18W92Zm1KjLCbUIszOhpkD
54,"New Rules","Dua Lipa",1374106,https://open.spotify.com/track/2ekn2ttSfGqwhhate0LSR0
55,BRACKETS,"J. Cole",1370876,https://open.spotify.com/track/5sWbwccBcyHsg5LEKWGZo9
56,"Powerglide (feat. Juicy J)","Rae Sremmurd",1365421,https://open.spotify.com/track/2yUbCEiaolfSMluDo9RMmG
57,"Ric Flair Drip (& Metro Boomin)",Offset,1350400,https://open.spotify.com/track/7sO5G9EABYOXQKNPNiE9NR
58,Esskeetit,"Lil Pump",1345865,https://open.spotify.com/track/44KKhCyI0BGS6LvVyDqJtH
59,"The Cut Off (feat. kiLL edward)","J. Cole",1338912,https://open.spotify.com/track/3rFF7kSm5qBOOPs6ljFgPp
60,"The Nights",Avicii,1329572,https://open.spotify.com/track/0ct6r3EGTcMLPtrXHDvVjc
61,2002,Anne-Marie,1303240,https://open.spotify.com/track/4Pbg79cTBu4vgSphoyNq3j
62,"Shape of You","Ed Sheeran",1298389,https://open.spotify.com/track/7qiZfU4dY1lWllzX7mPBI3
63,Bella,Wolfine,1272992,https://open.spotify.com/track/3xcCix7Jv1Rp90YVmgo35D
64,"Échame La Culpa","Luis Fonsi",1244120,https://open.spotify.com/track/1zsG4eaZmkA1dvjDDsAGLK
65,Everyday,Logic,1232120,https://open.spotify.com/track/4EAV2cKiqKP5UPZmY6dejk
66,"I Fall Apart","Post Malone",1226766,https://open.spotify.com/track/75ZvA4QfFiZvzhj2xkaWAh
67,"Déjala Que Vuelva (feat. Manuel Turizo)","Piso 21",1217270,https://open.spotify.com/track/33bnxcjePIkcmNjEFTJX0l
68,"Hey Brother",Avicii,1208931,https://open.spotify.com/track/3zKST4nk4QJE77oLjUZ0Ng
69,Perfect,"Ed Sheeran",1202046,https://open.spotify.com/track/0tgVpDi06FyKpA1z0VMD4v
70,1950,"King Princess",1199937,https://open.spotify.com/track/0CZ8lquoTX2Dkg7Ak2inwA
71,Moonlight,XXXTENTACION,1187079,https://open.spotify.com/track/0JP9xo3adEtGSdUEISiszL
72,"Never Be the Same","Camila Cabello",1185616,https://open.spotify.com/track/4eWQlBRaTjPPUlzacqEeoQ
73,"Window Pain - Outro","J. Cole",1176344,https://open.spotify.com/track/5Lgqu1th1KqlG97OF2gWGe
74,Chun-Li,"Nicki Minaj",1163472,https://open.spotify.com/track/2gTYVoQCUh0QNUaFix01ld
75,"Síguelo Bailando",Ozuna,1147358,https://open.spotify.com/track/5Y9fnynLlIvqtM710MHzfz
76,Youngblood,"5 Seconds of Summer",1135889,https://open.spotify.com/track/55S2PQgSMYAhgoTCcGCDfw
77,"FRIENDS (feat. kiLL edward)","J. Cole",1126404,https://open.spotify.com/track/6onwlDmIVKE8bBgyBRSuS0
78,Wolves,"Selena Gomez",1091259,https://open.spotify.com/track/7EmGUiUaOSGDnUUQUDrOXC
79,"Wasted Times","The Weeknd",1060995,https://open.spotify.com/track/72TyiiduRmczEbDIEtKQdR
80,"El Préstamo",Maluma,1058916,https://open.spotify.com/track/0QS5rZpm5zN9wV9lJgjyUE
81,"Once an Addict - Interlude","J. Cole",1034431,https://open.spotify.com/track/0Px86mRlxdB3YqpK6KXWlr
82,Thunder,"Imagine Dragons",1020487,https://open.spotify.com/track/26gceVsA1ybT8qsX3aYLEn
83,"King's Dead (with Kendrick Lamar, Future & James Blake)","Jay Rock",1014242,https://open.spotify.com/track/51rXHuKN8Loc4sUlKPODgH
84,Criminal,"Natti Natasha",1009153,https://open.spotify.com/track/6Za3190Sbw39BBC77WSS1C
85,"Feel It Still","Portugal. The Man",1006747,https://open.spotify.com/track/6QgjcU0zLnzq5OrUoSZ3OK
86,"Let Me Go (with Alesso, Florida Georgia Line & watt)","Hailee Steinfeld",994486,https://open.spotify.com/track/5AEtlRudpgdT5FtNiuly6Y
87,Believer,"Imagine Dragons",971780,https://open.spotify.com/track/7Izh7zLJGw1Nscd62Exxj4
88,"Finesse (Remix) [feat. Cardi B]","Bruno Mars",967178,https://open.spotify.com/track/3Vo4wInECJQuz9BIBMOu8i
89,"River (feat. Ed Sheeran)",Eminem,966891,https://open.spotify.com/track/5UEnHoDYpsxlfzWLZIc7LD
90,Somebody,"The Chainsmokers",966178,https://open.spotify.com/track/3pWcj8hxj3fsb9TDAcMpEl
91,"XO TOUR Llif3","Lil Uzi Vert",964988,https://open.spotify.com/track/7GX5flRQZVHRAGd6B4TmDO
92,"Too Good At Goodbyes","Sam Smith",957462,https://open.spotify.com/track/1mXVgsBdtIVeCLJnSnmtdV
93,"Pray For Me (with Kendrick Lamar)","The Weeknd",955718,https://open.spotify.com/track/4ofvoCdXq99vpMZO4Cfp8x
94,"Sick Boy","The Chainsmokers",924381,https://open.spotify.com/track/08hm0V6cTsWDX62hW42sEv
95,"Stir Fry",Migos,923471,https://open.spotify.com/track/2UVbBKQOdFAekPTRsnkzcf
96,"La Player (Bandolera)","Zion & Lennox",916063,https://open.spotify.com/track/0VKkyBKCXyR99navhVRqcP
97,Corazón,Maluma,908663,https://open.spotify.com/track/4lESS6vuruP6a79KWRaQou
98,Dembow,"Danny Ocean",908616,https://open.spotify.com/track/2EzRdhuoPyNJDlep7lnNf2
99,Downtown,Anitta,908024,https://open.spotify.com/track/3Ga6eKrUFf12ouh9Yw3v2D
100,Silence,Marshmello,907741,https://open.spotify.com/track/7vGuf3Y35N4wmASOKLUVVU
101,Congratulations,"Post Malone",907159,https://open.spotify.com/track/3a1lNhkSLSkpJE4MSHpDu9
102,"Let You Down",NF,902047,https://open.spotify.com/track/6mrKP2jyIQmM0rw6fQryjr
103,Amorfoda,"Bad Bunny",901838,https://open.spotify.com/track/3ITvHA9zhZZdBJsOsAUegF
104,"Jocelyn Flores",XXXTENTACION,885720,https://open.spotify.com/track/7m9OqQk4RVRkw9JJdeAw96
105,HUMBLE.,"Kendrick Lamar",878569,https://open.spotify.com/track/7KXjTSCq5nL1LoYtL7XAwS
106,"Te Amo","Piso 21",863026,https://open.spotify.com/track/2RVrdr062uLFxXwIxwdXPH
107,1942,G-Eazy,837880,https://open.spotify.com/track/794QVQtFNy7hvtjQP1keQd
108,"Bodak Yellow","Cardi B",832151,https://open.spotify.com/track/6KBYefIoo7KydImq1uUQlL
109,"Young Dumb & Broke",Khalid,818287,https://open.spotify.com/track/5Z3GHaZ6ec9bsiI5BenrbY
110,"Chasing Fire",Lauv,804065,https://open.spotify.com/track/1xy4apMFecGGkgBeaHFZ2M
111,"Answerphone (feat. Yxng Bane)","Banx & Ranx",801251,https://open.spotify.com/track/1HagMz5nWk1HmevNCBOxF3
112,Sensualidad,"Bad Bunny",801034,https://open.spotify.com/track/5hcisvFMidkMJlElTO9Qmw
113,Breathe,"Jax Jones",797256,https://open.spotify.com/track/6tvQzeCPwOytDlBYCIOY0n
114,Unforgettable,"French Montana",792192,https://open.spotify.com/track/3B54sVLJ402zGa6Xm4YGNe
115,changes,XXXTENTACION,787669,https://open.spotify.com/track/7AFASza1mXqntmGtbxXprO
116,"What Lovers Do (feat. SZA)","Maroon 5",781327,https://open.spotify.com/track/3hBBKuWJfxlIlnd9QFoC8k
117,"EL BAÑO","Enrique Iglesias",769202,https://open.spotify.com/track/2vvdTrdryjsl8DmPIMDWZU
118,"Bartier Cardi (feat. 21 Savage)","Cardi B",763527,https://open.spotify.com/track/0dIoGTQXDh1wVnhIiSyYEa
119,"Try Me","The Weeknd",762697,https://open.spotify.com/track/2poOAWEj1CStqTVPgIHZ8s
120,"Him & I (with Halsey)",G-Eazy,762583,https://open.spotify.com/track/5k38wzpLb15YgncyWdTZE4
121,Beautiful,Bazzi,762050,https://open.spotify.com/track/5TVirkSwFEXF1nLJEebe2I
122,"Say You Won't Let Go","James Arthur",761732,https://open.spotify.com/track/5uCax9HTNlzGybIStD3vDh
123,"Bum Bum Tam Tam","MC Fioti",759969,https://open.spotify.com/track/4zWO4gvuFtw6EJZC5FFGlr
124,"I Miss You (feat. Julia Michaels)","Clean Bandit",752674,https://open.spotify.com/track/2xmrfQpmS2iJExTlklLoAL
125,"Candy Paint","Post Malone",752283,https://open.spotify.com/track/42CeaId2XNlxugDvyqHfDf
126,"Drink About",Seeb,751248,https://open.spotify.com/track/2GGGm4MLQynB3I4E4ycIYC
127,"For You (Fifty Shades Freed) (& Rita Ora)","Liam Payne",746896,https://open.spotify.com/track/5hM6sP0Gh1jD57drszNueC
128,"This Is Me","Keala Settle",744486,https://open.spotify.com/track/2xGjteMU3E1tkEPVFBO08U
129,"Rewrite The Stars","Zac Efron",742673,https://open.spotify.com/track/630sXRhIcfwr2e4RdNtjKN
130,Ahora,"J Balvin",742261,https://open.spotify.com/track/54OB85nuxYGfl7qRQXuz7c
131,"Perfect Duet (Ed Sheeran & Beyoncé)","Ed Sheeran",737785,https://open.spotify.com/track/1bhUWB0zJMIKr9yVPrkEuI
132,1-800-273-8255,Logic,728591,https://open.spotify.com/track/5tz69p7tJuGPeMGwNTxYuV
133,"PICK IT UP (feat. A$AP Rocky)","Famous Dex",726003,https://open.spotify.com/track/0dSIrRkA4PadGll16TgbnV
134,"Something Just Like This","The Chainsmokers",724696,https://open.spotify.com/track/6RUKPb4LETWmmr3iAEQktW
135,"One Dance",Drake,721410,https://open.spotify.com/track/1xznGGDReH1oQq0xzbwXa3
136,"Dusk Till Dawn - Radio Edit",ZAYN,716419,https://open.spotify.com/track/1j4kHkkpqZRBwE0A4CN4Yv
137,GOTTI,6ix9ine,714895,https://open.spotify.com/track/27oFpFktCq9JIXjJQRuv7a
138,Solita,Ozuna,714378,https://open.spotify.com/track/7rwX0O3RlxqqIjQM8evm5E
139,"El Farsante - Remix",Ozuna,713779,https://open.spotify.com/track/7uYgVgRSgqluZclLS7wpp4
140,"Madura (feat. Bad Bunny)",Cosculluela,706964,https://open.spotify.com/track/0r9d60ZYPAlFHq8qnUtkXN
141,Paradise,"George Ezra",705849,https://open.spotify.com/track/38zwkK6TtTjIW9tpYBfZ3D
142,"Whatever It Takes","Imagine Dragons",699116,https://open.spotify.com/track/7F3uo3304R2CTvOseU3H7u
143,"Sorry Not Sorry","Demi Lovato",698532,https://open.spotify.com/track/3m660poUr1chesgkkjQM7P
144,goosebumps,"Travis Scott",698526,https://open.spotify.com/track/6gBFPUFcJLzWGx4lenP6h2
145,Intro,"J. Cole",698360,https://open.spotify.com/track/2AfWCBwGGCsZtvVnGF3QYE
146,"Drip (feat. Migos)","Cardi B",697811,https://open.spotify.com/track/2qcG0nZ6S3zZV0UrkY5nFo
147,Location,Khalid,696203,https://open.spotify.com/track/152lZdxL1OR0ZMW6KquMif
148,"More Than You Know","Axwell /\ Ingrosso",694115,https://open.spotify.com/track/71bBFbfn2OBK5QwUJSLS44
149,"You Are The Reason","Calum Scott",692419,https://open.spotify.com/track/2VgJDTfkuwlm7WIHnvtRCQ
150,"lovely (with Khalid)","Billie Eilish",690503,https://open.spotify.com/track/0u2P5u6lvoDfwTYjAADbn4
151,"I Like Me Better",Lauv,689334,https://open.spotify.com/track/1wjzFQodRWrPcQ0AnYnvQ9
152,"I Do (feat. SZA)","Cardi B",689323,https://open.spotify.com/track/1f5PNhkNgUpvDEeZfcIlO1
153,Attention,"Charlie Puth",688204,https://open.spotify.com/track/4iLqG9SeJSnt0cSPICSjxv
154,Esperándote,"Manuel Turizo",686010,https://open.spotify.com/track/1nfyE13arjOuO54HH0zmqj
155,"Me Rehúso","Danny Ocean",685047,https://open.spotify.com/track/6De0lHrwBfPfrhorm9q1Xl
156,"Bank Account","21 Savage",678860,https://open.spotify.com/track/2fQrGHiQOvpL9UgPvtYy6G
157,Closer,"The Chainsmokers",678019,https://open.spotify.com/track/7BKLCZ1jbUBVqRi2FVlTVw
158,"Barbie Tingz","Nicki Minaj",668524,https://open.spotify.com/track/2qsQ8eVDPmobZpvDxQCVQu
159,"A$AP Forever","A$AP Rocky",666100,https://open.spotify.com/track/1YmF9PvLhIISIANoMLIYGq
160,"Guatemala (feat. Slim Jxmmi) - From Swaecation","Rae Sremmurd",662527,https://open.spotify.com/track/6sTDhYVVXU3HSDuG7mBLRU
161,"Red Roses (feat. Landon Cube)","Lil Skies",659504,https://open.spotify.com/track/3ZhTT6yjZwpPph5MIJ53XY
162,"Home With You","Madison Beer",654015,https://open.spotify.com/track/11GGSyTB8cS9TgONHBOhEX
163,"Fuck Love (feat. Trippie Redd)",XXXTENTACION,652152,https://open.spotify.com/track/7AQim7LbvFVZJE3O8TYgf2
164,"Plain Jane","A$AP Ferg",642214,https://open.spotify.com/track/4dVpf9jZjcORqGTLUaeYj9
165,Alien,"Sabrina Carpenter",631353,https://open.spotify.com/track/0RUTnY2B3s05fZuCHsNaUP
166,Heaven,"Julia Michaels",629033,https://open.spotify.com/track/4QfNOZN7vrQCQKK1ZJ3XPb
167,Anywhere,"Rita Ora",628108,https://open.spotify.com/track/7EI6Iki24tBHAMxtb4xQN2
168,"Lost In Japan","Shawn Mendes",627777,https://open.spotify.com/track/7wvYmO5QscgIDDT0eNwbYX
169,Betrayed,"Lil Xan",622324,https://open.spotify.com/track/4vaxvNDaLSoD36iZX515ug
170,"Sin Pijama","Becky G",620600,https://open.spotify.com/track/2ijef6ni2amuunRoKTlgww
171,"New Freezer (feat. Kendrick Lamar)","Rich The Kid",618860,https://open.spotify.com/track/0eHCArTPhwUxatY7cEXRiK
172,Photograph,"Ed Sheeran",618363,https://open.spotify.com/track/6fxVffaTuwjgEk5h9QyRjy
173,"All Falls Down","Alan Walker",618269,https://open.spotify.com/track/5yFSF6qQA1rcLsQRnBsZgb
174,"BUTTERFLY EFFECT","Travis Scott",618171,https://open.spotify.com/track/1yxgsra98r3qAtxqiGZPiX
175,"Mi Gente","J Balvin",617431,https://open.spotify.com/track/2rb5MvYT7ZIxbKW5hfcHx8
176,"Thinking Out Loud","Ed Sheeran",616675,https://open.spotify.com/track/1Slwb6dOYkBlWal1PGtnNg
177,Barking,Ramz,615820,https://open.spotify.com/track/7amMgNDcObIDkIXv4xcvc2
178,"Capital Letters","Hailee Steinfeld",614165,https://open.spotify.com/track/3towKHKVOXCCcL1fHv6xFO
179,"Se Preparó",Ozuna,609188,https://open.spotify.com/track/1m69ELEgE6k5ZWsap40ozt
180,Tequila,"Dan + Shay",608260,https://open.spotify.com/track/7Il2yWQmsqKgSkLQvHTPUI
181,"To My Love - Tainy Remix","Bomba Estéreo",603698,https://open.spotify.com/track/5LciLoxa1gK70yIUeoHgRx
182,"No Limit",G-Eazy,600333,https://open.spotify.com/track/2DQ1ITjI0YoLFzuADN1ZBW
183,"LOVE. FEAT. ZACARI.","Kendrick Lamar",600302,https://open.spotify.com/track/6PGoSes0D9eUDeeAafB2As
184,"Symphony (feat. Zara Larsson)","Clean Bandit",595759,https://open.spotify.com/track/1x5sYLZiu9r5E43kMlt9f8
185,"Nowadays (feat. Landon Cube)","Lil Skies",594345,https://open.spotify.com/track/2u7mxWSeoqTXndK5e08jMp
186,"How Long","Charlie Puth",593536,https://open.spotify.com/track/32DGGj6KlNuBr6WaqRxpxi
187,Lullaby,Sigala,593107,https://open.spotify.com/track/5xzCzOAOfRi4DOttSzvznR
188,"I'm Yours","Jason Mraz",592928,https://open.spotify.com/track/3S0OXQeoh0w6AY8WQVckRW
189,"Despacito - Remix","Luis Fonsi",591545,https://open.spotify.com/track/5CtI0qwDJkDQGwXD1H1cLb
190,"Tip Toe (feat. French Montana)","Jason Derulo",590899,https://open.spotify.com/track/2z4pcBLQXF2BXKFvd0BuB6
191,"There's Nothing Holdin' Me Back","Shawn Mendes",589397,https://open.spotify.com/track/79cuOz3SPQTuFrp8WgftAu
192,"No Role Modelz","J. Cole",588903,https://open.spotify.com/track/62vpWI1CHwFy7tMIcSStl8
193,"Marry Me","Thomas Rhett",581513,https://open.spotify.com/track/0OWZFobGSIW9GrSlQ9C5pc
194,"Wonderwall - Remastered",Oasis,579175,https://open.spotify.com/track/5qqabIl2vWzo9ApSC317sa
195,Machika,"J Balvin",578759,https://open.spotify.com/track/6MNGxu8MprKGkchUchkJsy
196,"That's What I Like","Bruno Mars",576706,https://open.spotify.com/track/0KKkJNfGyhkQ5aFogxQAPU
197,Starboy,"The Weeknd",574193,https://open.spotify.com/track/5aAx2yezTd8zXrkmtKl66Z
198,Passionfruit,Drake,572370,https://open.spotify.com/track/5mCPDVBb16L4XQwDdbRUpz
199,"El Clavo","Prince Royce",571699,https://open.spotify.com/track/0LKErfBZ5FbBiLB4OcZRbL
200,"Bounce Out With That","YBN Nahmir",569616,https://open.spotify.com/track/5lZsh9Qf7CbHI9Fcc7Zcsq
