,,,"Note that these figures are generated using a formula that protects against any artificial inflation of chart positions.",
Position,"Track Name",Artist,Streams,URL
1,"Better Now","Post Malone",4522825,https://open.spotify.com/track/7dt6x5M1jzdTEt8oCbisTK
2,"This Is America","Childish Gambino",3926168,https://open.spotify.com/track/0b9oOr2ZgvyQu88wzixux9
3,"One Kiss (with Dua Lipa)","Calvin Harris",3915589,https://open.spotify.com/track/7ef4DlsgrMEH11cDZd32M6
4,"Nice For What",Drake,3786349,https://open.spotify.com/track/1cTZMwcBJT0Ka3UJPXOeeN
5,"no tears left to cry","Ariana Grande",3383431,https://open.spotify.com/track/5SxkdsY1ufZzoq9iXceLw9
6,"God's Plan",Drake,3282309,https://open.spotify.com/track/2XW4DbS6NddZxRPm5rMCeY
7,"Psycho (feat. Ty Dolla $ign)","Post Malone",2946737,https://open.spotify.com/track/3swc6WTsr7rl9DqQKQA55C
8,FRIENDS,Marshmello,2704275,https://open.spotify.com/track/08bNPGLD8AhKpnnERrAc6G
9,"I Like It","Cardi B",2698765,https://open.spotify.com/track/58q2HKrzhC3ozto2nDdN4z
10,X,"Nicky Jam",2691525,https://open.spotify.com/track/39N9RPD9MRb5WmoLzNzPeA
11,"Te Boté - Remix","Nio Garcia",2667172,https://open.spotify.com/track/3V8UKqhEK5zBkBb6d6ub8i
12,"Back To You","Selena Gomez",2556961,https://open.spotify.com/track/514rhnksEwHUh6LxXsQ4Y9
13,"Yes Indeed","Lil Baby",2346261,https://open.spotify.com/track/6vN77lE9LK6HP2DewaN6HZ
14,"Love Lies (with Normani)",Khalid,2333109,https://open.spotify.com/track/45Egmo7icyopuzJN0oMEdk
15,"The Middle",Zedd,2323099,https://open.spotify.com/track/2ARqIya5NAuvFVHSN3bL0m
16,"rockstar (feat. 21 Savage)","Post Malone",2264895,https://open.spotify.com/track/0e7ipj03S05BNilyu5bRzt
17,Nevermind,"Dennis Lloyd",2087840,https://open.spotify.com/track/63SevszngYpZOwf63o61K4
18,"FAKE LOVE",BTS,2051974,https://open.spotify.com/track/3aW0ds4A4tSQDIp75FqWTo
19,"Freaky Friday (feat. Chris Brown)","Lil Dicky",2004082,https://open.spotify.com/track/10Igtw8bSDyyFs7KIsKngZ
20,"Look Alive (feat. Drake)","BlocBoy JB",1983931,https://open.spotify.com/track/4qKcDkK6siZ7Jp1Jb4m0aL
21,"Call Out My Name","The Weeknd",1948848,https://open.spotify.com/track/1gm616Plq4ScqNi7TVkZ5N
22,IDGAF,"Dua Lipa",1920264,https://open.spotify.com/track/76cy1WJvNGJTj78UqeA5zr
23,Flames,"David Guetta",1917255,https://open.spotify.com/track/33IOhptvC2Qoy2UhjiHXLV
24,"These Days (feat. Jess Glynne, Macklemore & Dan Caplen)",Rudimental,1844271,https://open.spotify.com/track/5CLGzJsGqhCEECcpnFQA8x
25,Youngblood,"5 Seconds of Summer",1813595,https://open.spotify.com/track/55S2PQgSMYAhgoTCcGCDfw
26,Paranoid,"Post Malone",1791117,https://open.spotify.com/track/3fpVWegR6YOS1Yk5HSMYIq
27,OTW,Khalid,1779017,https://open.spotify.com/track/6Hgh47WXVKtXN5zGOu0hjI
28,"Playinwitme (feat. Kehlani)",KYLE,1762521,https://open.spotify.com/track/4F1yvJfQ7gJkrcgFJQDjOr
29,"In My Blood","Shawn Mendes",1691070,https://open.spotify.com/track/79jX8RM5CgPqDKdGEKNW9K
30,"Remind Me to Forget",Kygo,1678676,https://open.spotify.com/track/6xTU6B6nFwKKTSZ9ySXS80
31,"Solo (feat. Demi Lovato)","Clean Bandit",1656476,https://open.spotify.com/track/6kPJZM97LwdG9QIsT7khp6
32,"Me Niego",Reik,1611109,https://open.spotify.com/track/6jA8JUuPCGYjFcgw0AoM5T
33,"Meant to Be (feat. Florida Georgia Line)","Bebe Rexha",1589283,https://open.spotify.com/track/7iDa6hUg2VgEL1o1HjmfBn
34,SAD!,XXXTENTACION,1562524,https://open.spotify.com/track/3ee8Jmje8o58CHK66QrVC2
35,"Youth (feat. Khalid)","Shawn Mendes",1555911,https://open.spotify.com/track/3Wf2YGdYT8xVdNsQSoRKk9
36,"Walk It Talk It",Migos,1524513,https://open.spotify.com/track/6n4U3TlzUGhdSFbUUhTvLP
37,2002,Anne-Marie,1522348,https://open.spotify.com/track/6SFStUDQZNaGPKWOx9ZiJB
38,"All The Stars (with SZA)","Kendrick Lamar",1485469,https://open.spotify.com/track/3GCdLUSnKSMJhs4Tj6CV3s
39,"Ball For Me (feat. Nicki Minaj)","Post Malone",1479742,https://open.spotify.com/track/6IaieqiCVvsNvEt6Y7yOFa
40,"lovely (with Khalid)","Billie Eilish",1439136,https://open.spotify.com/track/0u2P5u6lvoDfwTYjAADbn4
41,"Lucid Dreams","Juice WRLD",1436202,https://open.spotify.com/track/32iYwQ4OYiurnGnOfJ1aEh
42,Havana,"Camila Cabello",1427924,https://open.spotify.com/track/1rfofaqEpACxVEHIZBJe6W
43,Mine,Bazzi,1425557,https://open.spotify.com/track/7uzmGiiJyRfuViKKK3lVmR
44,"Spoil My Night (feat. Swae Lee)","Post Malone",1406677,https://open.spotify.com/track/5VuxWXbt7XENQCtE9TzpTv
45,"Plug Walk","Rich The Kid",1406019,https://open.spotify.com/track/6mAz8D1TmlTuef90dbNIiZ
46,Stay,"Post Malone",1376882,https://open.spotify.com/track/4H7WNRErSbONkM06blBoGc
47,"1, 2, 3 (feat. Jason Derulo & De La Ghetto)","Sofia Reyes",1354421,https://open.spotify.com/track/4QtiVmuA88tPQiCOHZuQ5b
48,"Shape of You","Ed Sheeran",1304345,https://open.spotify.com/track/7qiZfU4dY1lWllzX7mPBI3
49,"Like I Do","David Guetta",1291929,https://open.spotify.com/track/6RnkFd8Fqqgk1Uni8RgqCQ
50,"Sin Pijama","Becky G",1258647,https://open.spotify.com/track/2ijef6ni2amuunRoKTlgww
51,"New Rules","Dua Lipa",1249049,https://open.spotify.com/track/2ekn2ttSfGqwhhate0LSR0
52,"Sangria Wine","Pharrell Williams",1224491,https://open.spotify.com/track/6XlSyYFTU1nodeWwwzVgTV
53,"Powerglide (feat. Juicy J) - From SR3MM","Rae Sremmurd",1197172,https://open.spotify.com/track/1BuZAIO8WZpavWVbbq3Lci
54,"Rich & Sad","Post Malone",1178460,https://open.spotify.com/track/2VdT56BGpdqNHUgOe1j5vc
55,"Ric Flair Drip (& Metro Boomin)",Offset,1165206,https://open.spotify.com/track/7sO5G9EABYOXQKNPNiE9NR
56,"Watch (feat. Lil Uzi Vert & Kanye West)","Travis Scott",1157097,https://open.spotify.com/track/3DoBTwfr8yi2LN08SBpFkN
57,"Dura - Remix","Daddy Yankee",1155703,https://open.spotify.com/track/6U2NuJILEOEpW2tVCuqKHb
58,Somebody,"The Chainsmokers",1147441,https://open.spotify.com/track/3pWcj8hxj3fsb9TDAcMpEl
59,Dura,"Daddy Yankee",1127442,https://open.spotify.com/track/2j2fIJGh4PMdXt9ULI5Tlc
60,"Candy Paint","Post Malone",1099970,https://open.spotify.com/track/32lItqlMi4LBhb4k0BaSaC
61,KOD,"J. Cole",1099231,https://open.spotify.com/track/7yotKA30dwTKNEGomV9ZsI
62,"El Préstamo",Maluma,1079183,https://open.spotify.com/track/2XVilv6s9GETnw9PG4T9Mz
63,Perfect,"Ed Sheeran",1068701,https://open.spotify.com/track/0tgVpDi06FyKpA1z0VMD4v
64,Familiar,"Liam Payne",1064476,https://open.spotify.com/track/0Y4hwUppbGc8aIBmiTz30A
65,"Síguelo Bailando",Ozuna,1060665,https://open.spotify.com/track/5Y9fnynLlIvqtM710MHzfz
66,"I Fall Apart","Post Malone",1059697,https://open.spotify.com/track/75ZvA4QfFiZvzhj2xkaWAh
67,JAPAN,"Famous Dex",1051734,https://open.spotify.com/track/5PTG6rrL6EPFD9E2QMI2pl
68,"Girls (feat. Cardi B, Bebe Rexha & Charli XCX)","Rita Ora",1025825,https://open.spotify.com/track/1YNQscOx6OqBQjxgJVhEeW
69,"La Player (Bandolera)","Zion & Lennox",1023931,https://open.spotify.com/track/0VKkyBKCXyR99navhVRqcP
70,"Échame La Culpa","Luis Fonsi",1014438,https://open.spotify.com/track/1zsG4eaZmkA1dvjDDsAGLK
71,"Over Now","Post Malone",1012760,https://open.spotify.com/track/09IOPhEh1OMe0HD9b36FJk
72,"Done For Me (feat. Kehlani)","Charlie Puth",1010563,https://open.spotify.com/track/1lsBTdE6MGsKeZCD6llNu7
73,"Let Me",ZAYN,999734,https://open.spotify.com/track/7Fg342AJtNsIDdwCfX0paC
74,"Mad Love","Sean Paul",973610,https://open.spotify.com/track/3soOPBuMK8YMdWnV7xpEyf
75,"The Truth Untold",BTS,942081,https://open.spotify.com/track/48XfojJC87VKLlUotYV0Gm
76,"XO TOUR Llif3","Lil Uzi Vert",924130,https://open.spotify.com/track/7GX5flRQZVHRAGd6B4TmDO
77,"Jackie Chan",Tiësto,922684,https://open.spotify.com/track/4kWO6O1BUXcZmaxitpVUwp
78,Believer,"Imagine Dragons",921262,https://open.spotify.com/track/7Izh7zLJGw1Nscd62Exxj4
79,"Déjala Que Vuelva (feat. Manuel Turizo)","Piso 21",914740,https://open.spotify.com/track/1j6xOGusnyXq3l6IryKF3G
80,"92 Explorer","Post Malone",913879,https://open.spotify.com/track/1D2L6MefbXon28PzIk9I3r
81,Thunder,"Imagine Dragons",900523,https://open.spotify.com/track/26gceVsA1ybT8qsX3aYLEn
82,1950,"King Princess",899589,https://open.spotify.com/track/0CZ8lquoTX2Dkg7Ak2inwA
83,"Zack And Codeine","Post Malone",898597,https://open.spotify.com/track/5lZZmityu9TAjNvSY6GLhR
84,"Te Amo","Piso 21",892545,https://open.spotify.com/track/2RVrdr062uLFxXwIxwdXPH
85,"Bella - Remix",Wolfine,887972,https://open.spotify.com/track/0SaYeGhSXN0dDWstyNTQ56
86,"Never Be the Same","Camila Cabello",887060,https://open.spotify.com/track/4eWQlBRaTjPPUlzacqEeoQ
87,"Shoota (feat. Lil Uzi Vert)","Playboi Carti",884644,https://open.spotify.com/track/2BJSMvOGABRxokHKB0OI8i
88,Happier,"Ed Sheeran",884223,https://open.spotify.com/track/2RttW7RAu5nOAfq6YFvApB
89,"Same Bitches (feat. G-Eazy & YG)","Post Malone",879070,https://open.spotify.com/track/688QpQAwqsLdBR6lr13wK1
90,"Wake Me Up - Radio Edit",Avicii,877217,https://open.spotify.com/track/6g1NlCpW7fgqDnWbCCDrHl
91,"I Wanna Know (feat. Bea Miller)",NOTD,876756,https://open.spotify.com/track/18W92Zm1KjLCbUIszOhpkD
92,"Madura (feat. Bad Bunny)",Cosculluela,875666,https://open.spotify.com/track/0r9d60ZYPAlFHq8qnUtkXN
93,"Say Something","Justin Timberlake",871550,https://open.spotify.com/track/1LhMopPAallLeaeNutqbgS
94,Wolves,"Selena Gomez",868767,https://open.spotify.com/track/7EmGUiUaOSGDnUUQUDrOXC
95,"I'll Be There","Jess Glynne",856891,https://open.spotify.com/track/083Qf6hn6sFL6xiOHlZUyn
96,Chun-Li,"Nicki Minaj",849147,https://open.spotify.com/track/2gTYVoQCUh0QNUaFix01ld
97,"All Girls Are The Same","Juice WRLD",835613,https://open.spotify.com/track/1dNyRyz1QBN9kO1etUs1PI
98,"Takin' Shots","Post Malone",827931,https://open.spotify.com/track/5ffntNJnJOeFv7b7DCd0Bw
99,"Por Perro","Sebastian Yatra",827765,https://open.spotify.com/track/2alIsNw1mqEShbWyO1HXZZ
100,"Too Good At Goodbyes","Sam Smith",827628,https://open.spotify.com/track/1mXVgsBdtIVeCLJnSnmtdV
101,HUMBLE.,"Kendrick Lamar",826006,https://open.spotify.com/track/7KXjTSCq5nL1LoYtL7XAwS
102,"Genius - with Sia, Diplo & Labrinth",Sia,821529,https://open.spotify.com/track/73F87Sqh6jQWucOOvz1WFx
103,"Be Careful","Cardi B",821262,https://open.spotify.com/track/2Yl4OmDby9iitgNWZPwxkd
104,Corazón,Maluma,818224,https://open.spotify.com/track/5cepAtqnEQ6yVG6088zMMu
105,Delicate,"Taylor Swift",814879,https://open.spotify.com/track/6NFyWDv5CjfwuzoCkw47Xf
106,Criminal,"Natti Natasha",812630,https://open.spotify.com/track/6Za3190Sbw39BBC77WSS1C
107,"Feel It Still","Portugal. The Man",808249,https://open.spotify.com/track/6QgjcU0zLnzq5OrUoSZ3OK
108,Dembow,"Danny Ocean",808214,https://open.spotify.com/track/2EzRdhuoPyNJDlep7lnNf2
109,Congratulations,"Post Malone",801254,https://open.spotify.com/track/3a1lNhkSLSkpJE4MSHpDu9
110,"Jocelyn Flores",XXXTENTACION,797626,https://open.spotify.com/track/7m9OqQk4RVRkw9JJdeAw96
111,"King's Dead (with Kendrick Lamar, Future & James Blake)","Jay Rock",797455,https://open.spotify.com/track/51rXHuKN8Loc4sUlKPODgH
112,Silence,Marshmello,786871,https://open.spotify.com/track/7vGuf3Y35N4wmASOKLUVVU
113,"Airplane pt.2",BTS,777952,https://open.spotify.com/track/1trFxVLL8WKhYap543e74l
114,Esskeetit,"Lil Pump",777817,https://open.spotify.com/track/44KKhCyI0BGS6LvVyDqJtH
115,"Pray For Me (with Kendrick Lamar)","The Weeknd",774043,https://open.spotify.com/track/4ofvoCdXq99vpMZO4Cfp8x
116,"Welcome to the Party (with French Montana & Lil Pump, feat. Zhavia Ward) - from Deadpool 2",Diplo,772876,https://open.spotify.com/track/5mqzhMuUpvnMfwNz6iepmO
117,"Without You (feat. Sandro Cavazza)",Avicii,766789,https://open.spotify.com/track/6WbADFqMvR8N5u0BvtsWQE
118,"Young Dumb & Broke",Khalid,766262,https://open.spotify.com/track/5Z3GHaZ6ec9bsiI5BenrbY
119,Moonlight,XXXTENTACION,765493,https://open.spotify.com/track/0JP9xo3adEtGSdUEISiszL
120,"Finesse (Remix) [feat. Cardi B]","Bruno Mars",759572,https://open.spotify.com/track/3Vo4wInECJQuz9BIBMOu8i
121,"Say You Won't Let Go","James Arthur",747426,https://open.spotify.com/track/5uCax9HTNlzGybIStD3vDh
122,Downtown,Anitta,722473,https://open.spotify.com/track/3Ga6eKrUFf12ouh9Yw3v2D
123,Otherside,"Post Malone",719537,https://open.spotify.com/track/4qWCFTuNnmGNdY4egtb4ZY
124,Amorfoda,"Bad Bunny",709170,https://open.spotify.com/track/3ITvHA9zhZZdBJsOsAUegF
125,"Taste (feat. Offset)",Tyga,708546,https://open.spotify.com/track/5IaHrVsrferBYDm0bDyABy
126,"Let You Down",NF,708345,https://open.spotify.com/track/6mrKP2jyIQmM0rw6fQryjr
127,"River (feat. Ed Sheeran)",Eminem,702679,https://open.spotify.com/track/5UEnHoDYpsxlfzWLZIc7LD
128,Anpanman,BTS,702307,https://open.spotify.com/track/4lRwa7PKcGIuJMwtPIYKdy
129,"Stir Fry",Migos,691557,https://open.spotify.com/track/2UVbBKQOdFAekPTRsnkzcf
130,"Dusk Till Dawn - Radio Edit",ZAYN,689028,https://open.spotify.com/track/1j4kHkkpqZRBwE0A4CN4Yv
131,Paradise,BTS,688977,https://open.spotify.com/track/01dmH2IPkrLNWIMPNXlreE
132,Attention,"Charlie Puth",686595,https://open.spotify.com/track/5cF0dROlMOK5uNZtivgu50
133,"Rewrite The Stars","Zac Efron",684761,https://open.spotify.com/track/630sXRhIcfwr2e4RdNtjKN
134,Unforgettable,"French Montana",684388,https://open.spotify.com/track/3B54sVLJ402zGa6Xm4YGNe
135,"Something Just Like This","The Chainsmokers",681713,https://open.spotify.com/track/6RUKPb4LETWmmr3iAEQktW
136,"Magic Shop",BTS,681133,https://open.spotify.com/track/22ryCgQttpV7oCrn7llGRu
137,"One Dance",Drake,680273,https://open.spotify.com/track/1xznGGDReH1oQq0xzbwXa3
138,"Love Maze",BTS,679439,https://open.spotify.com/track/645YBsxhFPSOKxGep3uHLv
139,"Perfect Duet (Ed Sheeran & Beyoncé)","Ed Sheeran",678316,https://open.spotify.com/track/1bhUWB0zJMIKr9yVPrkEuI
140,"What Lovers Do (feat. SZA)","Maroon 5",676140,https://open.spotify.com/track/3hBBKuWJfxlIlnd9QFoC8k
141,"This Is Me","Keala Settle",675254,https://open.spotify.com/track/2xGjteMU3E1tkEPVFBO08U
142,Bella,Wolfine,674876,https://open.spotify.com/track/3xcCix7Jv1Rp90YVmgo35D
143,Sensualidad,"Bad Bunny",672139,https://open.spotify.com/track/5hcisvFMidkMJlElTO9Qmw
144,"Lonely Together (feat. Rita Ora)",Avicii,669196,https://open.spotify.com/track/2OALaHcDdKkjYEpAr0Qzab
145,"La Cintura","Alvaro Soler",668032,https://open.spotify.com/track/19MBk3PbNFE36wqIqkMq9H
146,"Answerphone (feat. Yxng Bane)","Banx & Ranx",667225,https://open.spotify.com/track/1HagMz5nWk1HmevNCBOxF3
147,Everyday,Logic,662252,https://open.spotify.com/track/4EAV2cKiqKP5UPZmY6dejk
148,goosebumps,"Travis Scott",657946,https://open.spotify.com/track/6gBFPUFcJLzWGx4lenP6h2
149,"I Miss You (feat. Julia Michaels)","Clean Bandit",655757,https://open.spotify.com/track/2xmrfQpmS2iJExTlklLoAL
150,changes,XXXTENTACION,655166,https://open.spotify.com/track/7AFASza1mXqntmGtbxXprO
151,"Whatever It Takes","Imagine Dragons",653295,https://open.spotify.com/track/7F3uo3304R2CTvOseU3H7u
152,"The Night We Met","Lord Huron",653212,https://open.spotify.com/track/24MGEzm6xAO1nFgVVp37YI
153,"PICK IT UP (feat. A$AP Rocky)","Famous Dex",653096,https://open.spotify.com/track/0dSIrRkA4PadGll16TgbnV
154,Location,Khalid,651667,https://open.spotify.com/track/152lZdxL1OR0ZMW6KquMif
155,"Blame It On Me","Post Malone",649253,https://open.spotify.com/track/1ZemPoaj7LBj1RAQrb89EC
156,"Where Were You In The Morning?","Shawn Mendes",648011,https://open.spotify.com/track/5cuRYDNIcSu5noyXQpULKg
157,134340,BTS,647564,https://open.spotify.com/track/38td8VabuKlQt72Q2VnhbO
158,Solita,Ozuna,643246,https://open.spotify.com/track/7rwX0O3RlxqqIjQM8evm5E
159,"I Like Me Better",Lauv,643167,https://open.spotify.com/track/1wjzFQodRWrPcQ0AnYnvQ9
160,Breathe,"Jax Jones",641842,https://open.spotify.com/track/6tvQzeCPwOytDlBYCIOY0n
161,Redbone,"Childish Gambino",638478,https://open.spotify.com/track/3kxfsdsCpFgN412fpnW85Y
162,Closer,"The Chainsmokers",638458,https://open.spotify.com/track/7BKLCZ1jbUBVqRi2FVlTVw
163,"Let Me Go (with Alesso, Florida Georgia Line & watt)","Hailee Steinfeld",634346,https://open.spotify.com/track/5AEtlRudpgdT5FtNiuly6Y
164,1-800-273-8255,Logic,633097,https://open.spotify.com/track/5tz69p7tJuGPeMGwNTxYuV
165,Ahora,"J Balvin",631507,https://open.spotify.com/track/54OB85nuxYGfl7qRQXuz7c
166,1942,G-Eazy,630472,https://open.spotify.com/track/794QVQtFNy7hvtjQP1keQd
167,"Intro: Singularity",BTS,626220,https://open.spotify.com/track/6ePyl2ns4b7MVYhjsj32ZK
168,"More Than You Know","Axwell /\ Ingrosso",623725,https://open.spotify.com/track/71bBFbfn2OBK5QwUJSLS44
169,"Sugar Wraith","Post Malone",620159,https://open.spotify.com/track/0MrRAUcB8AZiB9ue2VOBYe
170,"El Farsante - Remix",Ozuna,618496,https://open.spotify.com/track/7uYgVgRSgqluZclLS7wpp4
171,"So What",BTS,613629,https://open.spotify.com/track/4CvId64YZSB0RfRdfzPIQU
172,"Sorry Not Sorry","Demi Lovato",603787,https://open.spotify.com/track/3m660poUr1chesgkkjQM7P
173,"Thinking Out Loud","Ed Sheeran",602714,https://open.spotify.com/track/1Slwb6dOYkBlWal1PGtnNg
174,"Bank Account","21 Savage",602683,https://open.spotify.com/track/2fQrGHiQOvpL9UgPvtYy6G
175,"No Hay Nadie Más","Sebastian Yatra",602655,https://open.spotify.com/track/3IPJg1sdqLj12kFIndaonN
176,"Mi Gente","J Balvin",602371,https://open.spotify.com/track/2rb5MvYT7ZIxbKW5hfcHx8
177,Africa,Toto,601251,https://open.spotify.com/track/2374M0fQpWi3dLnB54qaLX
178,"EL BAÑO","Enrique Iglesias",600500,https://open.spotify.com/track/2vvdTrdryjsl8DmPIMDWZU
179,"Bodak Yellow","Cardi B",600490,https://open.spotify.com/track/6KBYefIoo7KydImq1uUQlL
180,"I'm Yours","Jason Mraz",600071,https://open.spotify.com/track/3S0OXQeoh0w6AY8WQVckRW
181,"Wonderwall - Remastered",Oasis,599032,https://open.spotify.com/track/5qqabIl2vWzo9ApSC317sa
182,"Start Again (feat. Logic)",OneRepublic,597711,https://open.spotify.com/track/1Nj2oBISdFDSF8eDuXcALz
183,"How Long","Charlie Puth",596761,https://open.spotify.com/track/6wmAHw1szh5RCKSRjiXhPe
184,"Drink About",Seeb,596672,https://open.spotify.com/track/2GGGm4MLQynB3I4E4ycIYC
185,"Me Rehúso","Danny Ocean",592081,https://open.spotify.com/track/6De0lHrwBfPfrhorm9q1Xl
186,Photograph,"Ed Sheeran",589732,https://open.spotify.com/track/6fxVffaTuwjgEk5h9QyRjy
187,"Duro y Suave","Leslie Grace",587775,https://open.spotify.com/track/31M5m42C3EGlbydf9XB5to
188,"There's Nothing Holdin' Me Back","Shawn Mendes",582469,https://open.spotify.com/track/79cuOz3SPQTuFrp8WgftAu
189,"Guatemala - From Swaecation","Rae Sremmurd",581006,https://open.spotify.com/track/0TCnOEVeLQMXOUrpPlM7uY
190,"Him & I (with Halsey)",G-Eazy,578782,https://open.spotify.com/track/5k38wzpLb15YgncyWdTZE4
191,"Champion (feat. Travis Scott)",NAV,578501,https://open.spotify.com/track/6nO3tr47nr2P7f3hXb8JIo
192,"Nena Maldicion (feat. Lenny Tavarez)","Paulo Londra",577220,https://open.spotify.com/track/3TnhQSRwT3AVMdXw5JPq0x
193,"Red Roses (feat. Landon Cube)","Lil Skies",572165,https://open.spotify.com/track/3ZhTT6yjZwpPph5MIJ53XY
194,Anywhere,"Rita Ora",571427,https://open.spotify.com/track/7EI6Iki24tBHAMxtb4xQN2
195,"Fuck Love (feat. Trippie Redd)",XXXTENTACION,570637,https://open.spotify.com/track/7AQim7LbvFVZJE3O8TYgf2
196,"If You're Over Me","Years & Years",567052,https://open.spotify.com/track/01k24g94i1JvkFLQmVEdCd
197,"Despacito - Remix","Luis Fonsi",561900,https://open.spotify.com/track/5CtI0qwDJkDQGwXD1H1cLb
198,"Audio - with Sia, Diplo & Labrinth",Sia,559559,https://open.spotify.com/track/7boPPE857KEqCIHNwFkDop
199,Betrayed,"Lil Xan",559168,https://open.spotify.com/track/4vaxvNDaLSoD36iZX515ug
200,"To My Love - Tainy Remix","Bomba Estéreo",558940,https://open.spotify.com/track/5LciLoxa1gK70yIUeoHgRx
