,,,"Note that these figures are generated using a formula that protects against any artificial inflation of chart positions.",
Position,"Track Name",Artist,Streams,URL
1,"In My Feelings",Drake,4789182,https://open.spotify.com/track/2G7V7zsVDxg1yRsu7Ew9RJ
2,"Girls Like You (feat. Cardi B)","Maroon 5",3403701,https://open.spotify.com/track/7fa9MBXhVfQ8P8Df9OEbD8
3,"Eastside (with Halsey & Khalid)","benny blanco",3248990,https://open.spotify.com/track/0d2iYfpKoM0QCKvcLCkBao
4,"SICKO MODE","Travis Scott",3198402,https://open.spotify.com/track/2xLMifQCjDGFmkHkpNLD9h
5,"FEFE (feat. Nicki Minaj & Murda Beatz)",6ix9ine,3142047,https://open.spotify.com/track/2E124GmJRnBJuXbTb4cPUB
6,"Lucid Dreams","Juice WRLD",3111081,https://open.spotify.com/track/0s3nnoMeVWz3989MkNQiRf
7,"No Brainer","DJ Khaled",3071368,https://open.spotify.com/track/5WvAo7DNuPRmk4APhdPzi8
8,"God is a woman","Ariana Grande",3046912,https://open.spotify.com/track/5OCJzvD7sykQEKHH7qAC3C
9,"In My Mind",Dynoro,2906019,https://open.spotify.com/track/0E9ZjEAyAwOXZ7wJC0PD33
10,breathin,"Ariana Grande",2831525,https://open.spotify.com/track/4OafepJy2teCjYJbvFE60J
11,"I Like It","Cardi B",2678649,https://open.spotify.com/track/58q2HKrzhC3ozto2nDdN4z
12,"Taste (feat. Offset)",Tyga,2606025,https://open.spotify.com/track/5IaHrVsrferBYDm0bDyABy
13,"Promises (with Sam Smith)","Calvin Harris",2589070,https://open.spotify.com/track/5N5k9nd479b1xpDZ4usjrg
14,SAD!,XXXTENTACION,2407686,https://open.spotify.com/track/3ee8Jmje8o58CHK66QrVC2
15,"Solo (feat. Demi Lovato)","Clean Bandit",2406136,https://open.spotify.com/track/6kPJZM97LwdG9QIsT7khp6
16,Happier,Marshmello,2397354,https://open.spotify.com/track/2dpaYNEQHiRxtZbfNsse99
17,Rise,"Jonas Blue",2306662,https://open.spotify.com/track/3u1S1OmAUhx5DRlLrXqyp3
18,"Better Now","Post Malone",2276091,https://open.spotify.com/track/7dt6x5M1jzdTEt8oCbisTK
19,"Body (feat. brando)","Loud Luxury",2230136,https://open.spotify.com/track/7K7MUBCnzgBAvMVW2RTWNs
20,"Vaina Loca",Ozuna,2227995,https://open.spotify.com/track/48zFZh27QU5qsrBjn4C2FA
21,"Jackie Chan",Tiësto,2213104,https://open.spotify.com/track/4kWO6O1BUXcZmaxitpVUwp
22,Youngblood,"5 Seconds of Summer",2178110,https://open.spotify.com/track/2iUXsYOEPhVqEBwsqP70rE
23,"Be Alright","Dean Lewis",2072416,https://open.spotify.com/track/3EPXxR3ImUwfayaurPi3cm
24,"One Kiss (with Dua Lipa)","Calvin Harris",1949507,https://open.spotify.com/track/7ef4DlsgrMEH11cDZd32M6
25,"Te Boté - Remix","Nio Garcia",1911494,https://open.spotify.com/track/3V8UKqhEK5zBkBb6d6ub8i
26,Moonlight,XXXTENTACION,1854689,https://open.spotify.com/track/0JP9xo3adEtGSdUEISiszL
27,"no tears left to cry","Ariana Grande",1829560,https://open.spotify.com/track/2qT1uLXPVPzGgFOx4jtEuo
28,Nonstop,Drake,1819573,https://open.spotify.com/track/0TlLq3lA83rQOYtrqBqSct
29,"Happy Now",Zedd,1804548,https://open.spotify.com/track/4keoy2fqgwGnbWlm3ZVZFa
30,"Beautiful (feat. Camila Cabello)",Bazzi,1706286,https://open.spotify.com/track/4VUwkH455At9kENOfzTqmF
31,STARGAZING,"Travis Scott",1623904,https://open.spotify.com/track/7wBJfHzpfI3032CSD7CE2m
32,"God's Plan",Drake,1617043,https://open.spotify.com/track/6DCZcSspjsKoFjzjrWoCdn
33,"Sin Pijama","Becky G",1614746,https://open.spotify.com/track/2ijef6ni2amuunRoKTlgww
34,"No Es Justo","J Balvin",1535229,https://open.spotify.com/track/5qFeMRz4TvetPmzjre9Dq7
35,Shotgun,"George Ezra",1494108,https://open.spotify.com/track/4ofwffwvvnbSkrMSCKQDaC
36,2002,Anne-Marie,1482843,https://open.spotify.com/track/2BgEsaKNfHUdlh97KmvFyo
37,"rockstar (feat. 21 Savage)","Post Malone",1452663,https://open.spotify.com/track/0e7ipj03S05BNilyu5bRzt
38,"Jocelyn Flores",XXXTENTACION,1448288,https://open.spotify.com/track/7m9OqQk4RVRkw9JJdeAw96
39,Nevermind,"Dennis Lloyd",1419514,https://open.spotify.com/track/63SevszngYpZOwf63o61K4
40,"Psycho (feat. Ty Dolla $ign)","Post Malone",1381183,https://open.spotify.com/track/3swc6WTsr7rl9DqQKQA55C
41,changes,XXXTENTACION,1354844,https://open.spotify.com/track/7AFASza1mXqntmGtbxXprO
42,Clandestino,Shakira,1328839,https://open.spotify.com/track/7DrluKkTviBwCc8AV3VGmf
43,"Praise The Lord (Da Shine)","A$AP Rocky",1309170,https://open.spotify.com/track/7ycWLEP1GsNjVvcjawXz3z
44,"Born To Be Yours",Kygo,1277847,https://open.spotify.com/track/0kHyKhJMukHEPfeh8s7rdM
45,"Back To You - From 13 Reasons Why – Season 2 Soundtrack","Selena Gomez",1273111,https://open.spotify.com/track/4hQ6UGyWQIGJmHSo0J88JW
46,"Nice For What",Drake,1256236,https://open.spotify.com/track/3CA9pLiwRIGtUBiMjbZmRw
47,"Ocean (feat. Khalid)","Martin Garrix",1233837,https://open.spotify.com/track/3nc420PXjTdBV5TN0gCFkS
48,everytime,"Ariana Grande",1224089,https://open.spotify.com/track/0WdR2AyLW1Drd3OUdwezM0
49,Natural,"Imagine Dragons",1216692,https://open.spotify.com/track/4zIO3ilp5HvTeK3HJHxhMP
50,"Whenever (feat. Conor Maynard)","Kris Kross Amsterdam",1203394,https://open.spotify.com/track/3DGar7krWlmrXRFHBcQF6z
51,"High Hopes","Panic! At The Disco",1200547,https://open.spotify.com/track/1rqqCSm0Qe4I9rUvWncaom
52,"I'm a Mess","Bebe Rexha",1169279,https://open.spotify.com/track/04ZTP5KsCypmtCmQg5tH9R
53,"Shape of You","Ed Sheeran",1167664,https://open.spotify.com/track/7qiZfU4dY1lWllzX7mPBI3
54,"Don't Leave Me Alone (feat. Anne-Marie)","David Guetta",1149060,https://open.spotify.com/track/2lYTJK94hb0fd1LQtb6Dhk
55,"Yes Indeed","Lil Baby",1120260,https://open.spotify.com/track/6vN77lE9LK6HP2DewaN6HZ
56,IDOL,BTS,1119763,https://open.spotify.com/track/2AIWoHr9DF6y4KALCBKWQS
57,"Fuck Love (feat. Trippie Redd)",XXXTENTACION,1092269,https://open.spotify.com/track/7AQim7LbvFVZJE3O8TYgf2
58,SWISH,Tyga,1060672,https://open.spotify.com/track/55GiOwtxNajXVbpjjIzMnD
59,IDGAF,"Dua Lipa",1031251,https://open.spotify.com/track/76cy1WJvNGJTj78UqeA5zr
60,"The Middle",Zedd,1013621,https://open.spotify.com/track/09IStsImFySgyp0pIQdqAc
61,sweetener,"Ariana Grande",1009264,https://open.spotify.com/track/70khXICDeTTxgYtw3EysKH
62,Havana,"Camila Cabello",1000560,https://open.spotify.com/track/1rfofaqEpACxVEHIZBJe6W
63,"Cuando Te Besé","Becky G",995926,https://open.spotify.com/track/2XXMDz7SPZ4mSFN1PXfHUy
64,Believer,"Imagine Dragons",989308,https://open.spotify.com/track/0pqnGHJpmpxLKifKRmU6WP
65,"Don’t Matter To Me (with Michael Jackson)",Drake,988032,https://open.spotify.com/track/6G8kHiVZ1jW7vHMPVRNZU0
66,"lovely (with Khalid)","Billie Eilish",984336,https://open.spotify.com/track/0u2P5u6lvoDfwTYjAADbn4
67,Darkside,"Alan Walker",983804,https://open.spotify.com/track/1snWlbcbgQpJfknoI30DWG
68,Unica,Ozuna,969758,https://open.spotify.com/track/33b2wX9d0kxqxhi7lcsC1A
69,"No Me Acuerdo",Thalía,969700,https://open.spotify.com/track/00EPIEnX1JFjff8sC6bccd
70,FRIENDS,Marshmello,956979,https://open.spotify.com/track/08bNPGLD8AhKpnnERrAc6G
71,"Me Niego",Reik,952033,https://open.spotify.com/track/6jA8JUuPCGYjFcgw0AoM5T
72,"Wasted (feat. Lil Uzi Vert)","Juice WRLD",951774,https://open.spotify.com/track/3obgSF06ki98lYNLNq5vCB
73,"Thunderclouds with Sia, Diplo & Labrinth",Sia,943787,https://open.spotify.com/track/5a8RPWgKSmcGBGcffmIrUi
74,Asesina,Brytiago,938799,https://open.spotify.com/track/6rbhaJsE4uLzpPf8WYSHDK
75,"Look Alive (feat. Drake)","BlocBoy JB",930332,https://open.spotify.com/track/4qKcDkK6siZ7Jp1Jb4m0aL
76,"Mala Mía",Maluma,929715,https://open.spotify.com/track/62o8KoI44JfN7aYxgTnPvh
77,"All Girls Are The Same","Juice WRLD",927031,https://open.spotify.com/track/0XySogm94T51XF5F2jumXm
78,X,"Nicky Jam",918900,https://open.spotify.com/track/39N9RPD9MRb5WmoLzNzPeA
79,"X - Remix","Nicky Jam",913953,https://open.spotify.com/track/6JjPBQfI2Y8nIjnm65X6Pw
80,YOSEMITE,"Travis Scott",900130,https://open.spotify.com/track/7lAK3oHbfEnvUQWosrMMpR
81,"New Rules","Dua Lipa",900092,https://open.spotify.com/track/2ekn2ttSfGqwhhate0LSR0
82,"La Player (Bandolera)","Zion & Lennox",896649,https://open.spotify.com/track/0VKkyBKCXyR99navhVRqcP
83,IDOL,BTS,891211,https://open.spotify.com/track/03iCbZaM4OkRR4We6wIzvx
84,"Lean Wit Me","Juice WRLD",888619,https://open.spotify.com/track/29tc0GbW0pTSBZSCZF3NWk
85,"I Like Me Better",Lauv,887000,https://open.spotify.com/track/2P91MQbaiQOfbiz9VqhqKQ
86,Thunder,"Imagine Dragons",875755,https://open.spotify.com/track/1zB4vmk8tFRmM9UULNzbLB
87,"High On Life (feat. Bonn)","Martin Garrix",874206,https://open.spotify.com/track/4ut5G4rgB1ClpMTMfjoIuy
88,"I Fall Apart","Post Malone",871122,https://open.spotify.com/track/75ZvA4QfFiZvzhj2xkaWAh
89,Perfect,"Ed Sheeran",869516,https://open.spotify.com/track/0tgVpDi06FyKpA1z0VMD4v
90,"Everybody Dies In Their Nightmares",XXXTENTACION,862666,https://open.spotify.com/track/3GVkPk8mqxz0itaAriG1L7
91,"Side Effects (feat. Emily Warren)","The Chainsmokers",856848,https://open.spotify.com/track/5yNEdBlZMxpcVtGKz5NFk5
92,"Taking A Walk","Trippie Redd",846555,https://open.spotify.com/track/4mHgYpuGHu99Mw69E83CP2
93,"These Days (feat. Jess Glynne, Macklemore & Dan Caplen)",Rudimental,840254,https://open.spotify.com/track/5CLGzJsGqhCEECcpnFQA8x
94,"1, 2, 3 (feat. Jason Derulo & De La Ghetto)","Sofia Reyes",838590,https://open.spotify.com/track/4QtiVmuA88tPQiCOHZuQ5b
95,"Love Lies (with Normani)",Khalid,831032,https://open.spotify.com/track/45Egmo7icyopuzJN0oMEdk
96,"BIG BANK (feat. 2 Chainz, Big Sean, Nicki Minaj)",YG,826203,https://open.spotify.com/track/0ZNrc4kNeQYD9koZ3KvCsy
97,"Por Perro","Sebastian Yatra",807949,https://open.spotify.com/track/2alIsNw1mqEShbWyO1HXZZ
98,Flames,"David Guetta",795065,https://open.spotify.com/track/33IOhptvC2Qoy2UhjiHXLV
99,"Tie Me Down (with Elley Duhé)",Gryffin,791357,https://open.spotify.com/track/4QVS8YCpK71R4FsxSMCjhP
100,"Look At Me!",XXXTENTACION,785581,https://open.spotify.com/track/6eYxmK9fdL4hwLnXG2zY3s
101,"Mo Bamba","Sheck Wes",776746,https://open.spotify.com/track/3QybPutx0Tjk472bBKjNWn
102,"XO TOUR Llif3","Lil Uzi Vert",775845,https://open.spotify.com/track/7GX5flRQZVHRAGd6B4TmDO
103,"Meant to Be (feat. Florida Georgia Line)","Bebe Rexha",768473,https://open.spotify.com/track/4e4fqjx0Izh4svvTef1z7e
104,"Me Dijeron",Ozuna,757969,https://open.spotify.com/track/17UUYZ290omPaJY4wKeyHh
105,"W O R K I N M E",Quavo,753886,https://open.spotify.com/track/33tNYw9oMtSkGe27NpgS64
106,Mine,Bazzi,750733,https://open.spotify.com/track/7uzmGiiJyRfuViKKK3lVmR
107,"Estamos Bien","Bad Bunny",745460,https://open.spotify.com/track/7glCSQqV5o6NU88Cn4zPZn
108,"Madura (feat. Bad Bunny)",Cosculluela,742818,https://open.spotify.com/track/0r9d60ZYPAlFHq8qnUtkXN
109,"Dura - Remix","Daddy Yankee",739300,https://open.spotify.com/track/6U2NuJILEOEpW2tVCuqKHb
110,"Mi Cama - Remix","Karol G",732407,https://open.spotify.com/track/38QmUDpkoYlNbMKvpvAsrE
111,"Too Good At Goodbyes","Sam Smith",725404,https://open.spotify.com/track/1mXVgsBdtIVeCLJnSnmtdV
112,"BUTTERFLY EFFECT","Travis Scott",723565,https://open.spotify.com/track/6xcJyGpfZbuuiequtnlKt4
113,Happier,"Ed Sheeran",721013,https://open.spotify.com/track/2RttW7RAu5nOAfq6YFvApB
114,Hipócrita,"Anuel Aa",714568,https://open.spotify.com/track/6XBjCetHKdO5L9cwMDVffw
115,"In My Blood","Shawn Mendes",713418,https://open.spotify.com/track/2QZ7WLBE8h2y1Y5Fb8RYbH
116,"Quiere Beber","Anuel Aa",709613,https://open.spotify.com/track/3rPAD722s5FFNnwjC91t7Z
117,"I'm Upset",Drake,702625,https://open.spotify.com/track/3qN5qMTKyEEmiTZD38BNTT
118,"the remedy for a broken heart (why am I so in love)",XXXTENTACION,702300,https://open.spotify.com/track/4UKCKdYiLN6IMA5ZESUTL7
119,"Toda - Remix","Alex Rose",701728,https://open.spotify.com/track/7nD2JPaxIKUdxd2UWgnaGL
120,R.E.M,"Ariana Grande",696495,https://open.spotify.com/track/1xWH8zYtDeS9mW1JJG23VZ
121,OTW,Khalid,690098,https://open.spotify.com/track/6Hgh47WXVKtXN5zGOu0hjI
122,"I'm Yours","Jason Mraz",686356,https://open.spotify.com/track/3S0OXQeoh0w6AY8WQVckRW
123,"Say You Won't Let Go","James Arthur",673697,https://open.spotify.com/track/5uCax9HTNlzGybIStD3vDh
124,"Goodbye (feat. Nicki Minaj & Willy William)","Jason Derulo",673148,https://open.spotify.com/track/5Xn4IyTtW6FUGIUyWjbUHG
125,"La Cintura","Alvaro Soler",671280,https://open.spotify.com/track/19MBk3PbNFE36wqIqkMq9H
126,Closer,"The Chainsmokers",668319,https://open.spotify.com/track/7BKLCZ1jbUBVqRi2FVlTVw
127,Congratulations,"Post Malone",662459,https://open.spotify.com/track/3a1lNhkSLSkpJE4MSHpDu9
128,Euphoria,BTS,660818,https://open.spotify.com/track/3p6hnejEQYXkiTO1lAzVc0
129,Connection,OneRepublic,653468,https://open.spotify.com/track/3T4UodGkfZObJ43RtA5KFU
130,"Call Out My Name","The Weeknd",653055,https://open.spotify.com/track/1gm616Plq4ScqNi7TVkZ5N
131,"Mob Ties",Drake,652983,https://open.spotify.com/track/7rC5Pl8rQSX4myONQHYPBK
132,"goodnight n go","Ariana Grande",646540,https://open.spotify.com/track/14kYOiFVPb7E7NfFbqhdln
133,"WAKE UP","Travis Scott",646460,https://open.spotify.com/track/20MuVazoNMv6xjKPnRFOxG
134,"Barbie Dreams","Nicki Minaj",643123,https://open.spotify.com/track/6Poyf51k7W3NKnsGwAI90B
135,Ibiza,Ozuna,641784,https://open.spotify.com/track/1h9P5WJwyvK8OB7O2YiXgp
136,"Ball For Me (feat. Nicki Minaj)","Post Malone",641078,https://open.spotify.com/track/6IaieqiCVvsNvEt6Y7yOFa
137,"Bed (feat. Ariana Grande)","Nicki Minaj",639506,https://open.spotify.com/track/3L4GsGLgxpHieVQH86H8bv
138,"Remind Me to Forget",Kygo,637053,https://open.spotify.com/track/6xTU6B6nFwKKTSZ9ySXS80
139,HUMBLE.,"Kendrick Lamar",629485,https://open.spotify.com/track/7KXjTSCq5nL1LoYtL7XAwS
140,"Ric Flair Drip (& Metro Boomin)",Offset,626486,https://open.spotify.com/track/7sO5G9EABYOXQKNPNiE9NR
141,Risiko,"Bonez MC",623929,https://open.spotify.com/track/6pLKMPAUlBCjHjylj2Nbd9
142,"Something Just Like This","The Chainsmokers",623044,https://open.spotify.com/track/6RUKPb4LETWmmr3iAEQktW
143,"you should see me in a crown","Billie Eilish",622757,https://open.spotify.com/track/6vsV4D8BM6PioRr1UOx0n2
144,Celoso,"Lele Pons",620996,https://open.spotify.com/track/33zcmmElV1YbRZe57biUjg
145,"pete davidson","Ariana Grande",615460,https://open.spotify.com/track/0XOnMqLQDO89iAg7dWWwnG
146,Hope,XXXTENTACION,613783,https://open.spotify.com/track/2ZRo7axmMPeSVUvDbGkJah
147,Aura,Ozuna,613648,https://open.spotify.com/track/1AVu7Kc2MRrLfOG1RCEf07
148,"Te Amo","Piso 21",610357,https://open.spotify.com/track/2RVrdr062uLFxXwIxwdXPH
149,"Chanel (Go Get It) [feat. Gunna & Lil Baby]","Young Thug",606208,https://open.spotify.com/track/0kCBorRrKZkSztd9m0QI3r
150,"Plug Walk","Rich The Kid",605489,https://open.spotify.com/track/1ZAyjvIk9YiD76yYy0TEG6
151,"Bella - Remix",Wolfine,603277,https://open.spotify.com/track/0SaYeGhSXN0dDWstyNTQ56
152,goosebumps,"Travis Scott",601124,https://open.spotify.com/track/6gBFPUFcJLzWGx4lenP6h2
153,"Blah Blah Blah","Armin van Buuren",600234,https://open.spotify.com/track/0tp6mwUt99QnfY95T30Lqj
154,"Hopeless Romantic (feat. Swae Lee)","Wiz Khalifa",599477,https://open.spotify.com/track/7IBSffWIu7P2MC7kMwy2FM
155,Calypso,"Luis Fonsi",599302,https://open.spotify.com/track/4178A5NkEjcsGc64jpBO6d
156,"Only You (with Little Mix)","Cheat Codes",599121,https://open.spotify.com/track/54l9GJGQ1UCFKe2tzt1Vxt
157,"What Lovers Do (feat. SZA)","Maroon 5",598012,https://open.spotify.com/track/0GxQ1A5L9xnMOytbP6eKBG
158,Africa,Toto,597576,https://open.spotify.com/track/2374M0fQpWi3dLnB54qaLX
159,"I'm Fine",BTS,597337,https://open.spotify.com/track/0EQMrxdeiBhry9JCxskko3
160,"All The Stars (with SZA)","Kendrick Lamar",596335,https://open.spotify.com/track/3GCdLUSnKSMJhs4Tj6CV3s
161,"Walk It Talk It",Migos,593693,https://open.spotify.com/track/6n4U3TlzUGhdSFbUUhTvLP
162,"Wonderwall - Remastered",Oasis,592285,https://open.spotify.com/track/5qqabIl2vWzo9ApSC317sa
163,"Síguelo Bailando",Ozuna,591175,https://open.spotify.com/track/5Y9fnynLlIvqtM710MHzfz
164,"Feel It Still","Portugal. The Man",587685,https://open.spotify.com/track/6QgjcU0zLnzq5OrUoSZ3OK
165,"Candy Paint","Post Malone",585944,https://open.spotify.com/track/32lItqlMi4LBhb4k0BaSaC
166,"Drew Barrymore","Bryce Vine",579847,https://open.spotify.com/track/0OgGn1ofaj55l2PcihQQGV
167,"Chica Paranormal","Paulo Londra",579248,https://open.spotify.com/track/2r77vqSZkOktTSgmAOoHsV
168,CAROUSEL,"Travis Scott",578331,https://open.spotify.com/track/7KZ5MMVgBVox9ycroB2UrI
169,"Thinking Out Loud","Ed Sheeran",578112,https://open.spotify.com/track/1Slwb6dOYkBlWal1PGtnNg
170,"No Quiero Amarte (feat. Zion & Lennox)","Justin Quiles",577722,https://open.spotify.com/track/5bITfqKGaPakO1l99hOMsI
171,"FAKE LOVE",BTS,574905,https://open.spotify.com/track/3aW0ds4A4tSQDIp75FqWTo
172,"STOP TRYING TO BE GOD","Travis Scott",573791,https://open.spotify.com/track/1xYpVRspgaLxdJLOTQkTjg
173,"One Dance",Drake,572684,https://open.spotify.com/track/1zi7xx7UVEFkmKfv06H8x0
174,"CAN'T SAY","Travis Scott",572216,https://open.spotify.com/track/27a1mYSG5tYg7dmEjWBcmL
175,"Perfect Duet (Ed Sheeran & Beyoncé)","Ed Sheeran",570258,https://open.spotify.com/track/1bhUWB0zJMIKr9yVPrkEuI
176,Culpables,"Manuel Turizo",568815,https://open.spotify.com/track/3RD0PGolM0mETGHaprwgMn
177,"Wake Me Up - Radio Edit",Avicii,565753,https://open.spotify.com/track/4h8VwCb1MTGoLKueQ1WgbD
178,Silence,Marshmello,556309,https://open.spotify.com/track/7vGuf3Y35N4wmASOKLUVVU
179,Photograph,"Ed Sheeran",554343,https://open.spotify.com/track/6fxVffaTuwjgEk5h9QyRjy
180,Wolves,"Selena Gomez",554233,https://open.spotify.com/track/0tBbt8CrmxbjRP0pueQkyU
181,"Melodien (feat. Juju)","Capital Bra",553151,https://open.spotify.com/track/5d35jcJj7WjDQBOHCHPY6t
182,APESHIT,"The Carters",553014,https://open.spotify.com/track/0E6PsO3ymCfUh7pJQjBgkj
183,"Whatever It Takes","Imagine Dragons",552008,https://open.spotify.com/track/6Qn5zhYkTa37e91HC1D7lb
184,"Freaky Friday (feat. Chris Brown)","Lil Dicky",551324,https://open.spotify.com/track/10Igtw8bSDyyFs7KIsKngZ
185,"Nephew (feat. Lil Pump)",Smokepurpp,551059,https://open.spotify.com/track/0ibOcbkp2XG46Do8jcy0bL
186,Halo,Beyoncé,549759,https://open.spotify.com/track/2CvOqDpQIMw69cCzWqr5yr
187,"Never Be the Same","Camila Cabello",549527,https://open.spotify.com/track/4eWQlBRaTjPPUlzacqEeoQ
188,"Young Dumb & Broke",Khalid,544603,https://open.spotify.com/track/5Z3GHaZ6ec9bsiI5BenrbY
189,"All of Me","John Legend",541747,https://open.spotify.com/track/3uhBIQ7tv8j1FME8cFGEfG
190,"500 PS","Bonez MC",541264,https://open.spotify.com/track/641R77CBy4bOLGRcA9sgHy
191,Unforgettable,"French Montana",539762,https://open.spotify.com/track/3B54sVLJ402zGa6Xm4YGNe
192,"This Is America","Childish Gambino",536972,https://open.spotify.com/track/0b9oOr2ZgvyQu88wzixux9
193,"Let Her Go",Passenger,536585,https://open.spotify.com/track/2jyjhRf6DVbMPU5zxagN2h
194,"DDU-DU DDU-DU - KR Ver.",BLACKPINK,533527,https://open.spotify.com/track/2CWnuF7ht55Ajyeg4WPvWu
195,"Trivia 轉 : Seesaw",BTS,531861,https://open.spotify.com/track/1ZPpGPko8oULTmi34rozMh
196,"Playinwitme (feat. Kehlani)",KYLE,529429,https://open.spotify.com/track/4F1yvJfQ7gJkrcgFJQDjOr
197,"If You're Over Me","Years & Years",525980,https://open.spotify.com/track/1oc3jna2ablnfIKLYbKujl
198,"8 Letters","Why Don't We",524862,https://open.spotify.com/track/6AkFxZzBfyzV5RF7mGkASM
199,"the light is coming (feat. Nicki Minaj)","Ariana Grande",524760,https://open.spotify.com/track/0sdbFOyfgAhAhWq8DpzkaW
200,"Mr. Brightside","The Killers",524359,https://open.spotify.com/track/7oK9VyNzrYvRFo7nQEYkWN
