,,,"Note that these figures are generated using a formula that protects against any artificial inflation of chart positions.",
Position,"Track Name",Artist,Streams,URL
1,"Better Now","Post Malone",4170532,https://open.spotify.com/track/7dt6x5M1jzdTEt8oCbisTK
2,"One Kiss (with Dua Lipa)","Calvin Harris",3911650,https://open.spotify.com/track/7ef4DlsgrMEH11cDZd32M6
3,"I Like It","Cardi B",3779130,https://open.spotify.com/track/58q2HKrzhC3ozto2nDdN4z
4,"Girls Like You (feat. Cardi B)","Maroon 5",3507689,https://open.spotify.com/track/7fa9MBXhVfQ8P8Df9OEbD8
5,"Lucid Dreams","Juice WRLD",3388491,https://open.spotify.com/track/0X8DcetL926BYiPJYstJTc
6,Youngblood,"5 Seconds of Summer",3266921,https://open.spotify.com/track/2iUXsYOEPhVqEBwsqP70rE
7,"Back To You","Selena Gomez",3082971,https://open.spotify.com/track/514rhnksEwHUh6LxXsQ4Y9
8,"no tears left to cry","Ariana Grande",3036812,https://open.spotify.com/track/5SxkdsY1ufZzoq9iXceLw9
9,"Solo (feat. Demi Lovato)","Clean Bandit",2919185,https://open.spotify.com/track/6kPJZM97LwdG9QIsT7khp6
10,"Te Boté - Remix","Nio Garcia",2864792,https://open.spotify.com/track/3V8UKqhEK5zBkBb6d6ub8i
11,"Nice For What",Drake,2833929,https://open.spotify.com/track/1cTZMwcBJT0Ka3UJPXOeeN
12,X,"Nicky Jam",2743250,https://open.spotify.com/track/39N9RPD9MRb5WmoLzNzPeA
13,"God's Plan",Drake,2573277,https://open.spotify.com/track/6T8cJz5lAqGer9GUHGyelE
14,"All Mine","Kanye West",2346036,https://open.spotify.com/track/3qnoOm4fwZPBS116f5hpgF
15,"Taste (feat. Offset)",Tyga,2310861,https://open.spotify.com/track/5IaHrVsrferBYDm0bDyABy
16,"Psycho (feat. Ty Dolla $ign)","Post Malone",2260787,https://open.spotify.com/track/3swc6WTsr7rl9DqQKQA55C
17,FRIENDS,Marshmello,2054632,https://open.spotify.com/track/08bNPGLD8AhKpnnERrAc6G
18,"Jackie Chan",Tiësto,2036601,https://open.spotify.com/track/4kWO6O1BUXcZmaxitpVUwp
19,Flames,"David Guetta",1999490,https://open.spotify.com/track/33IOhptvC2Qoy2UhjiHXLV
20,"I'm Upset",Drake,1929316,https://open.spotify.com/track/54oMZ3blwWwuPN4wEoG5mk
21,"Yes Indeed","Lil Baby",1915419,https://open.spotify.com/track/6vN77lE9LK6HP2DewaN6HZ
22,Nevermind,"Dennis Lloyd",1896456,https://open.spotify.com/track/63SevszngYpZOwf63o61K4
23,"rockstar (feat. 21 Savage)","Post Malone",1884733,https://open.spotify.com/track/0e7ipj03S05BNilyu5bRzt
24,"Sin Pijama","Becky G",1839147,https://open.spotify.com/track/2ijef6ni2amuunRoKTlgww
25,"lovely (with Khalid)","Billie Eilish",1810575,https://open.spotify.com/track/0u2P5u6lvoDfwTYjAADbn4
26,"Ocean (feat. Khalid)","Martin Garrix",1734160,https://open.spotify.com/track/3nc420PXjTdBV5TN0gCFkS
27,"Praise The Lord (Da Shine)","A$AP Rocky",1714843,https://open.spotify.com/track/7ycWLEP1GsNjVvcjawXz3z
28,"Bed (feat. Ariana Grande)","Nicki Minaj",1705261,https://open.spotify.com/track/1ZEm9cJC05rawV2tptNfTS
29,2002,Anne-Marie,1696562,https://open.spotify.com/track/6SFStUDQZNaGPKWOx9ZiJB
30,"This Is America","Childish Gambino",1682960,https://open.spotify.com/track/0b9oOr2ZgvyQu88wzixux9
31,"The Middle",Zedd,1669705,https://open.spotify.com/track/2ARqIya5NAuvFVHSN3bL0m
32,"Love Lies (with Normani)",Khalid,1615822,https://open.spotify.com/track/45Egmo7icyopuzJN0oMEdk
33,"Look Alive (feat. Drake)","BlocBoy JB",1604960,https://open.spotify.com/track/4qKcDkK6siZ7Jp1Jb4m0aL
34,"Me Niego",Reik,1586880,https://open.spotify.com/track/6jA8JUuPCGYjFcgw0AoM5T
35,IDGAF,"Dua Lipa",1493853,https://open.spotify.com/track/76cy1WJvNGJTj78UqeA5zr
36,"These Days (feat. Jess Glynne, Macklemore & Dan Caplen)",Rudimental,1487788,https://open.spotify.com/track/5CLGzJsGqhCEECcpnFQA8x
37,"Playinwitme (feat. Kehlani)",KYLE,1394259,https://open.spotify.com/track/4F1yvJfQ7gJkrcgFJQDjOr
38,Havana,"Camila Cabello",1355079,https://open.spotify.com/track/1rfofaqEpACxVEHIZBJe6W
39,"Dura - Remix","Daddy Yankee",1346999,https://open.spotify.com/track/6U2NuJILEOEpW2tVCuqKHb
40,Reborn,"KIDS SEE GHOSTS",1345928,https://open.spotify.com/track/4RVbK6cV0VqWdpCDcx3hiT
41,"1, 2, 3 (feat. Jason Derulo & De La Ghetto)","Sofia Reyes",1345735,https://open.spotify.com/track/4QtiVmuA88tPQiCOHZuQ5b
42,"In My Blood","Shawn Mendes",1336615,https://open.spotify.com/track/21YnmkSDhUkmkkni22Svc4
43,"Freaky Friday (feat. Chris Brown)","Lil Dicky",1336158,https://open.spotify.com/track/10Igtw8bSDyyFs7KIsKngZ
44,"DDU-DU DDU-DU",BLACKPINK,1317999,https://open.spotify.com/track/7b8YOVV5quZcSKEijDgyWB
45,SAD!,XXXTENTACION,1303574,https://open.spotify.com/track/3ee8Jmje8o58CHK66QrVC2
46,OTW,Khalid,1297269,https://open.spotify.com/track/6Hgh47WXVKtXN5zGOu0hjI
47,"La Player (Bandolera)","Zion & Lennox",1265369,https://open.spotify.com/track/0VKkyBKCXyR99navhVRqcP
48,"Meant to Be (feat. Florida Georgia Line)","Bebe Rexha",1222413,https://open.spotify.com/track/7iDa6hUg2VgEL1o1HjmfBn
49,"Call Out My Name","The Weeknd",1220677,https://open.spotify.com/track/1gm616Plq4ScqNi7TVkZ5N
50,"Shape of You","Ed Sheeran",1216397,https://open.spotify.com/track/7qiZfU4dY1lWllzX7mPBI3
51,"La Cintura","Alvaro Soler",1213837,https://open.spotify.com/track/19MBk3PbNFE36wqIqkMq9H
52,"Born To Be Yours",Kygo,1204067,https://open.spotify.com/track/0kHyKhJMukHEPfeh8s7rdM
53,Yikes,"Kanye West",1198173,https://open.spotify.com/track/2r4JRwcbIeuAzWjH4YXlLs
54,"Remind Me to Forget",Kygo,1183165,https://open.spotify.com/track/6xTU6B6nFwKKTSZ9ySXS80
55,"Bigger Than You (feat. Drake & Quavo)","2 Chainz",1177960,https://open.spotify.com/track/5S1IUPueD0xE0vj4zU3nSf
56,Mine,Bazzi,1141503,https://open.spotify.com/track/7uzmGiiJyRfuViKKK3lVmR
57,"Síguelo Bailando",Ozuna,1114803,https://open.spotify.com/track/5Y9fnynLlIvqtM710MHzfz
58,"All Girls Are The Same","Juice WRLD",1112380,https://open.spotify.com/track/3H2JThgdBxezwj1wwafQS8
59,"Plug Walk","Rich The Kid",1089178,https://open.spotify.com/track/6mAz8D1TmlTuef90dbNIiZ
60,"New Rules","Dua Lipa",1087661,https://open.spotify.com/track/2ekn2ttSfGqwhhate0LSR0
61,"Madura (feat. Bad Bunny)",Cosculluela,1083740,https://open.spotify.com/track/0r9d60ZYPAlFHq8qnUtkXN
62,"Walk It Talk It",Migos,1071876,https://open.spotify.com/track/6n4U3TlzUGhdSFbUUhTvLP
63,Somebody,"The Chainsmokers",1065383,https://open.spotify.com/track/3pWcj8hxj3fsb9TDAcMpEl
64,"Ball For Me (feat. Nicki Minaj)","Post Malone",1049859,https://open.spotify.com/track/6IaieqiCVvsNvEt6Y7yOFa
65,"Mi Cama","Karol G",1045536,https://open.spotify.com/track/7sFYVcKSb24qg0dAkqLEFj
66,"Not For Radio",Nas,1037720,https://open.spotify.com/track/5FYu8uBB6E11mepU601601
67,"Youth feat. Khalid","Shawn Mendes",1019530,https://open.spotify.com/track/5SwEgzUFDHwpWHKrbnP32Z
68,"Cops Shot The Kid",Nas,1017949,https://open.spotify.com/track/1vi9adPJiD4d22ybGp25hy
69,Rise,"Jonas Blue",1004225,https://open.spotify.com/track/3u1S1OmAUhx5DRlLrXqyp3
70,"El Préstamo",Maluma,996125,https://open.spotify.com/track/2XVilv6s9GETnw9PG4T9Mz
71,"Ric Flair Drip (& Metro Boomin)",Offset,995384,https://open.spotify.com/track/7sO5G9EABYOXQKNPNiE9NR
72,"Dance To This (feat. Ariana Grande)","Troye Sivan",982322,https://open.spotify.com/track/1NbGcdgwRHZ5rbPIT9hdR3
73,"All The Stars (with SZA)","Kendrick Lamar",979769,https://open.spotify.com/track/3GCdLUSnKSMJhs4Tj6CV3s
74,"Like I Do","David Guetta",970053,https://open.spotify.com/track/6RnkFd8Fqqgk1Uni8RgqCQ
75,"Start Again (feat. Logic)",OneRepublic,968350,https://open.spotify.com/track/1Nj2oBISdFDSF8eDuXcALz
76,"I'll Be There","Jess Glynne",967357,https://open.spotify.com/track/083Qf6hn6sFL6xiOHlZUyn
77,"New Light","John Mayer",965391,https://open.spotify.com/track/3bH4HzoZZFq8UpZmI2AMgV
78,Perfect,"Ed Sheeran",958682,https://open.spotify.com/track/0tgVpDi06FyKpA1z0VMD4v
79,"Por Perro","Sebastian Yatra",938233,https://open.spotify.com/track/2alIsNw1mqEShbWyO1HXZZ
80,"Live It Up - Official Song 2018 FIFA World Cup Russia","Nicky Jam",937802,https://open.spotify.com/track/4DnHUy01jEA4b5ydC3HgsT
81,Believer,"Imagine Dragons",935464,https://open.spotify.com/track/7Izh7zLJGw1Nscd62Exxj4
82,Familiar,"Liam Payne",932972,https://open.spotify.com/track/0Y4hwUppbGc8aIBmiTz30A
83,Dura,"Daddy Yankee",931894,https://open.spotify.com/track/2j2fIJGh4PMdXt9ULI5Tlc
84,"Échame La Culpa","Luis Fonsi",929258,https://open.spotify.com/track/1zsG4eaZmkA1dvjDDsAGLK
85,"I Fall Apart","Post Malone",923542,https://open.spotify.com/track/75ZvA4QfFiZvzhj2xkaWAh
86,"Girls (feat. Cardi B, Bebe Rexha & Charli XCX)","Rita Ora",920212,https://open.spotify.com/track/1YNQscOx6OqBQjxgJVhEeW
87,"FAKE LOVE",BTS,914257,https://open.spotify.com/track/3aW0ds4A4tSQDIp75FqWTo
88,Unica,Ozuna,910779,https://open.spotify.com/track/6752EZMgXswvRBH3N2PilO
89,"Audio - with Sia, Diplo & Labrinth",Sia,897063,https://open.spotify.com/track/7boPPE857KEqCIHNwFkDop
90,"Ghost Town","Kanye West",895009,https://open.spotify.com/track/6Bg7MznA9X0dIhlAsLyBYj
91,Thunder,"Imagine Dragons",890523,https://open.spotify.com/track/26gceVsA1ybT8qsX3aYLEn
92,"Bella - Remix",Wolfine,888336,https://open.spotify.com/track/0SaYeGhSXN0dDWstyNTQ56
93,Nervous,"Shawn Mendes",873416,https://open.spotify.com/track/0Dq49j3dELbttQVUJbtn0c
94,"Powerglide (feat. Juicy J) - From SR3MM","Rae Sremmurd",867773,https://open.spotify.com/track/1BuZAIO8WZpavWVbbq3Lci
95,"Candy Paint","Post Malone",858354,https://open.spotify.com/track/32lItqlMi4LBhb4k0BaSaC
96,"Te Amo","Piso 21",835635,https://open.spotify.com/track/2RVrdr062uLFxXwIxwdXPH
97,Body,"Loud Luxury",834273,https://open.spotify.com/track/43V1z6QToNNWNldV4FEG6r
98,Paranoid,"Post Malone",831872,https://open.spotify.com/track/3fpVWegR6YOS1Yk5HSMYIq
99,"XO TOUR Llif3","Lil Uzi Vert",810700,https://open.spotify.com/track/7GX5flRQZVHRAGd6B4TmDO
100,Ambiente,"J Balvin",801312,https://open.spotify.com/track/6VrBWh90BiwWmwKtvwWFcq
101,"Déjala Que Vuelva (feat. Manuel Turizo)","Piso 21",797508,https://open.spotify.com/track/1j6xOGusnyXq3l6IryKF3G
102,Clandestino,Shakira,792579,https://open.spotify.com/track/7DrluKkTviBwCc8AV3VGmf
103,Happier,"Ed Sheeran",788421,https://open.spotify.com/track/2RttW7RAu5nOAfq6YFvApB
104,JAPAN,"Famous Dex",787887,https://open.spotify.com/track/5PTG6rrL6EPFD9E2QMI2pl
105,Dembow,"Danny Ocean",783516,https://open.spotify.com/track/2EzRdhuoPyNJDlep7lnNf2
106,"Spoil My Night (feat. Swae Lee)","Post Malone",780924,https://open.spotify.com/track/5VuxWXbt7XENQCtE9TzpTv
107,"White Label",Nas,780923,https://open.spotify.com/track/5JoUwqXt9IPLbiJ6pXwarL
108,1950,"King Princess",777728,https://open.spotify.com/track/0CZ8lquoTX2Dkg7Ak2inwA
109,"Wake Me Up - Radio Edit",Avicii,774650,https://open.spotify.com/track/6g1NlCpW7fgqDnWbCCDrHl
110,"Mad Love","Sean Paul",773682,https://open.spotify.com/track/3soOPBuMK8YMdWnV7xpEyf
111,Congratulations,"Post Malone",735013,https://open.spotify.com/track/3a1lNhkSLSkpJE4MSHpDu9
112,"4th Dimension","KIDS SEE GHOSTS",733586,https://open.spotify.com/track/6JyEh4kl9DLwmSAoNDRn5b
113,HUMBLE.,"Kendrick Lamar",726391,https://open.spotify.com/track/7KXjTSCq5nL1LoYtL7XAwS
114,Wolves,"Selena Gomez",721738,https://open.spotify.com/track/7EmGUiUaOSGDnUUQUDrOXC
115,"Forever Young",BLACKPINK,720224,https://open.spotify.com/track/2naEVOadudtXHwtZNfjMDM
116,"Too Good At Goodbyes","Sam Smith",719483,https://open.spotify.com/track/1mXVgsBdtIVeCLJnSnmtdV
117,"Growing Pains","Alessia Cara",714837,https://open.spotify.com/track/003eoIwxETJujVWmNFMoZy
118,Criminal,"Natti Natasha",714505,https://open.spotify.com/track/6Za3190Sbw39BBC77WSS1C
119,"Adam and Eve",Nas,706988,https://open.spotify.com/track/0BSPhsCKfwENstErymcD80
120,"Without You (feat. Sandro Cavazza)",Avicii,705895,https://open.spotify.com/track/6WbADFqMvR8N5u0BvtsWQE
121,"Never Be the Same","Camila Cabello",700533,https://open.spotify.com/track/4eWQlBRaTjPPUlzacqEeoQ
122,everything,Nas,697548,https://open.spotify.com/track/3XaNHbNa9Chz9plhRpcaof
123,Bonjour,Nas,693102,https://open.spotify.com/track/6w9lmWBgqzPQHNQo5KaORN
124,"Feel It Still","Portugal. The Man",690786,https://open.spotify.com/track/6QgjcU0zLnzq5OrUoSZ3OK
125,Stay,"Post Malone",690700,https://open.spotify.com/track/4H7WNRErSbONkM06blBoGc
126,Esskeetit,"Lil Pump",689239,https://open.spotify.com/track/44KKhCyI0BGS6LvVyDqJtH
127,Africa,Toto,688841,https://open.spotify.com/track/2374M0fQpWi3dLnB54qaLX
128,"Feel The Love","KIDS SEE GHOSTS",688338,https://open.spotify.com/track/3aUFrxO1B8EW63QchEl3wX
129,"Rich & Sad","Post Malone",684478,https://open.spotify.com/track/2VdT56BGpdqNHUgOe1j5vc
130,"Champion (feat. Travis Scott)",NAV,682974,https://open.spotify.com/track/6nO3tr47nr2P7f3hXb8JIo
131,Corazón,Maluma,674492,https://open.spotify.com/track/5cepAtqnEQ6yVG6088zMMu
132,"Finesse (Remix) [feat. Cardi B]","Bruno Mars",669026,https://open.spotify.com/track/3Vo4wInECJQuz9BIBMOu8i
133,"Ao Vivo E A Cores","Matheus & Kauan",665251,https://open.spotify.com/track/2Ab1wPTEqulaCGoBak1gUo
134,Silence,Marshmello,663402,https://open.spotify.com/track/7vGuf3Y35N4wmASOKLUVVU
135,"Jocelyn Flores",XXXTENTACION,661984,https://open.spotify.com/track/7m9OqQk4RVRkw9JJdeAw96
136,"Done For Me (feat. Kehlani)","Charlie Puth",657964,https://open.spotify.com/track/1lsBTdE6MGsKeZCD6llNu7
137,"What Lovers Do (feat. SZA)","Maroon 5",653925,https://open.spotify.com/track/3hBBKuWJfxlIlnd9QFoC8k
138,"Duro y Suave","Leslie Grace",649102,https://open.spotify.com/track/31M5m42C3EGlbydf9XB5to
139,"One Dance",Drake,643603,https://open.spotify.com/track/1xznGGDReH1oQq0xzbwXa3
140,Closer,"The Chainsmokers",632451,https://open.spotify.com/track/7BKLCZ1jbUBVqRi2FVlTVw
141,"Mi Gente","J Balvin",631254,https://open.spotify.com/track/7COfe3P7KgfwDwIRB8LIDw
142,Solita,Ozuna,631097,https://open.spotify.com/track/7rwX0O3RlxqqIjQM8evm5E
143,"Young Dumb & Broke",Khalid,629494,https://open.spotify.com/track/5Z3GHaZ6ec9bsiI5BenrbY
144,"Perfect Duet (Ed Sheeran & Beyoncé)","Ed Sheeran",627403,https://open.spotify.com/track/1bhUWB0zJMIKr9yVPrkEuI
145,"Welcome to the Party (with French Montana & Lil Pump, feat. Zhavia Ward) - from Deadpool 2",Diplo,627394,https://open.spotify.com/track/5mqzhMuUpvnMfwNz6iepmO
146,"More Than You Know","Axwell /\ Ingrosso",625932,https://open.spotify.com/track/71bBFbfn2OBK5QwUJSLS44
147,"King's Dead (with Kendrick Lamar, Future & James Blake)","Jay Rock",624664,https://open.spotify.com/track/51rXHuKN8Loc4sUlKPODgH
148,Moonlight,XXXTENTACION,623605,https://open.spotify.com/track/0JP9xo3adEtGSdUEISiszL
149,TATI,6ix9ine,620945,https://open.spotify.com/track/6kp0inxIexxSiDJfWqq0ZL
150,Downtown,Anitta,619165,https://open.spotify.com/track/3Ga6eKrUFf12ouh9Yw3v2D
151,"Shoota (feat. Lil Uzi Vert)","Playboi Carti",619089,https://open.spotify.com/track/2BJSMvOGABRxokHKB0OI8i
152,"Say You Won't Let Go","James Arthur",618575,https://open.spotify.com/track/5uCax9HTNlzGybIStD3vDh
153,"Let Me",ZAYN,617752,https://open.spotify.com/track/7Fg342AJtNsIDdwCfX0paC
154,Unforgettable,"French Montana",617217,https://open.spotify.com/track/3B54sVLJ402zGa6Xm4YGNe
155,"Something Just Like This","The Chainsmokers",614979,https://open.spotify.com/track/6RUKPb4LETWmmr3iAEQktW
156,"I Like Me Better",Lauv,614441,https://open.spotify.com/track/2P91MQbaiQOfbiz9VqhqKQ
157,goosebumps,"Travis Scott",612390,https://open.spotify.com/track/6gBFPUFcJLzWGx4lenP6h2
158,Chun-Li,"Nicki Minaj",610830,https://open.spotify.com/track/2gTYVoQCUh0QNUaFix01ld
159,Smog,Damso,610572,https://open.spotify.com/track/1h1wmYG39fp6ZTgwlJ3Cv3
160,Valentine,"5 Seconds of Summer",610211,https://open.spotify.com/track/19hh7DkfRBrpRGYfKlw7jb
161,"Jogo do Amor","MC Bruninho",603598,https://open.spotify.com/track/3MxbRHE1u74SoMNR9iURIZ
162,KOD,"J. Cole",602785,https://open.spotify.com/track/7yotKA30dwTKNEGomV9ZsI
163,Simple,"Florida Georgia Line",601756,https://open.spotify.com/track/4P92FrvmYQSAfOpp4cpFEi
164,"Despacito - Remix","Luis Fonsi",599402,https://open.spotify.com/track/5CtI0qwDJkDQGwXD1H1cLb
165,"Jump (with Trippie Redd)","Julia Michaels",598282,https://open.spotify.com/track/2OvV4NjEBRE9v8Oo7QeUCq
166,"I'm Yours","Jason Mraz",596929,https://open.spotify.com/track/3S0OXQeoh0w6AY8WQVckRW
167,"Nena Maldicion (feat. Lenny Tavarez)","Paulo Londra",596567,https://open.spotify.com/track/3TnhQSRwT3AVMdXw5JPq0x
168,"Better Not (feat. Wafia)","Louis The Child",594136,https://open.spotify.com/track/447yWcDPg1ddgcHBLGpJC0
169,Delicate,"Taylor Swift",592935,https://open.spotify.com/track/7CneiDesUKFJO3Ix01dnfr
170,"Propaganda - Ao Vivo","Jorge & Mateus",591895,https://open.spotify.com/track/74n5d5M21JnC4WJ6gdkggK
171,"Whatever It Takes","Imagine Dragons",591168,https://open.spotify.com/track/7F3uo3304R2CTvOseU3H7u
172,"Rich Sex (feat. Lil Wayne)","Nicki Minaj",588740,https://open.spotify.com/track/7kph8uPhOXHMfKzPJvIeah
173,"Wonderwall - Remastered",Oasis,584154,https://open.spotify.com/track/5qqabIl2vWzo9ApSC317sa
174,"To My Love - Tainy Remix","Bomba Estéreo",581991,https://open.spotify.com/track/5LciLoxa1gK70yIUeoHgRx
175,"Watch (feat. Lil Uzi Vert & Kanye West)","Travis Scott",581561,https://open.spotify.com/track/3DoBTwfr8yi2LN08SBpFkN
176,"Me Rehúso","Danny Ocean",581328,https://open.spotify.com/track/6De0lHrwBfPfrhorm9q1Xl
177,"I Wanna Know (feat. Bea Miller)",NOTD,580016,https://open.spotify.com/track/18W92Zm1KjLCbUIszOhpkD
178,"Bodak Yellow","Cardi B",578805,https://open.spotify.com/track/6KBYefIoo7KydImq1uUQlL
179,"Sorry Not Sorry","Demi Lovato",578544,https://open.spotify.com/track/3m660poUr1chesgkkjQM7P
180,"Let You Down",NF,578416,https://open.spotify.com/track/6mrKP2jyIQmM0rw6fQryjr
181,"This Is Me","Keala Settle",578323,https://open.spotify.com/track/2xGjteMU3E1tkEPVFBO08U
182,"Over Now","Post Malone",576253,https://open.spotify.com/track/09IOPhEh1OMe0HD9b36FJk
183,Sensualidad,"Bad Bunny",576240,https://open.spotify.com/track/5hcisvFMidkMJlElTO9Qmw
184,"Say Something","Justin Timberlake",576178,https://open.spotify.com/track/1LhMopPAallLeaeNutqbgS
185,"92 Explorer","Post Malone",573478,https://open.spotify.com/track/1D2L6MefbXon28PzIk9I3r
186,"El Farsante - Remix",Ozuna,572983,https://open.spotify.com/track/7uYgVgRSgqluZclLS7wpp4
187,Ahora,"J Balvin",571997,https://open.spotify.com/track/2yBWnRKj0Zx7AF1kufajvW
188,"Amor Falso","Aldair Playboy",568471,https://open.spotify.com/track/00zzSEe82JTtz68XlARnh7
189,"Violent Crimes","Kanye West",568288,https://open.spotify.com/track/2VYb3Fb5iK5Y8HGZ8oEEkp
190,"Stir Fry",Migos,566869,https://open.spotify.com/track/2UVbBKQOdFAekPTRsnkzcf
191,"Be Careful","Cardi B",566096,https://open.spotify.com/track/2Yl4OmDby9iitgNWZPwxkd
192,"Bank Account","21 Savage",565373,https://open.spotify.com/track/2fQrGHiQOvpL9UgPvtYy6G
193,"Thinking Out Loud","Ed Sheeran",564873,https://open.spotify.com/track/1Slwb6dOYkBlWal1PGtnNg
194,"Boo'd Up","Ella Mai",564852,https://open.spotify.com/track/0At2qAoaVjIwWNAqrscXli
195,"Answerphone (feat. Yxng Bane)","Banx & Ranx",562712,https://open.spotify.com/track/1HagMz5nWk1HmevNCBOxF3
196,"River (feat. Ed Sheeran)",Eminem,561306,https://open.spotify.com/track/5UEnHoDYpsxlfzWLZIc7LD
197,"Leave a Light On","Tom Walker",560806,https://open.spotify.com/track/6lOWoTqVnAWXchddtTH31W
198,"Dusk Till Dawn - Radio Edit",ZAYN,560592,https://open.spotify.com/track/1j4kHkkpqZRBwE0A4CN4Yv
199,"No Es Justo","J Balvin",560498,https://open.spotify.com/track/5qFeMRz4TvetPmzjre9Dq7
200,"Want You Back","5 Seconds of Summer",560131,https://open.spotify.com/track/2vHfabj6nFebekTYODqntl
