,,,"Note that these figures are generated using a formula that protects against any artificial inflation of chart positions.",
Position,"Track Name",Artist,Streams,URL
1,"One Kiss (with Dua Lipa)","Calvin Harris",3786705,https://open.spotify.com/track/7ef4DlsgrMEH11cDZd32M6
2,"Better Now","Post Malone",3696711,https://open.spotify.com/track/7dt6x5M1jzdTEt8oCbisTK
3,"Nice For What",Drake,3367611,https://open.spotify.com/track/1cTZMwcBJT0Ka3UJPXOeeN
4,"God's Plan",Drake,3074287,https://open.spotify.com/track/2XW4DbS6NddZxRPm5rMCeY
5,"no tears left to cry","Ariana Grande",2889642,https://open.spotify.com/track/5SxkdsY1ufZzoq9iXceLw9
6,"This Is America","Childish Gambino",2775982,https://open.spotify.com/track/0b9oOr2ZgvyQu88wzixux9
7,X,"Nicky Jam",2665537,https://open.spotify.com/track/39N9RPD9MRb5WmoLzNzPeA
8,"Te Boté - Remix","Nio Garcia",2650303,https://open.spotify.com/track/3V8UKqhEK5zBkBb6d6ub8i
9,FRIENDS,Marshmello,2391419,https://open.spotify.com/track/08bNPGLD8AhKpnnERrAc6G
10,"Psycho (feat. Ty Dolla $ign)","Post Malone",2387919,https://open.spotify.com/track/3swc6WTsr7rl9DqQKQA55C
11,"I Like It","Cardi B",2359881,https://open.spotify.com/track/58q2HKrzhC3ozto2nDdN4z
12,"Yes Indeed","Lil Baby",2188299,https://open.spotify.com/track/6vN77lE9LK6HP2DewaN6HZ
13,"In My Blood","Shawn Mendes",2150746,https://open.spotify.com/track/21YnmkSDhUkmkkni22Svc4
14,"Back To You","Selena Gomez",2145062,https://open.spotify.com/track/514rhnksEwHUh6LxXsQ4Y9
15,"rockstar (feat. 21 Savage)","Post Malone",1957414,https://open.spotify.com/track/0e7ipj03S05BNilyu5bRzt
16,"Love Lies (with Normani)",Khalid,1903970,https://open.spotify.com/track/45Egmo7icyopuzJN0oMEdk
17,"The Middle",Zedd,1884432,https://open.spotify.com/track/2ARqIya5NAuvFVHSN3bL0m
18,"Lucid Dreams","Juice WRLD",1834977,https://open.spotify.com/track/0X8DcetL926BYiPJYstJTc
19,"Youth feat. Khalid","Shawn Mendes",1802452,https://open.spotify.com/track/5SwEgzUFDHwpWHKrbnP32Z
20,Nevermind,"Dennis Lloyd",1775550,https://open.spotify.com/track/63SevszngYpZOwf63o61K4
21,"Look Alive (feat. Drake)","BlocBoy JB",1751146,https://open.spotify.com/track/4qKcDkK6siZ7Jp1Jb4m0aL
22,Youngblood,"5 Seconds of Summer",1744380,https://open.spotify.com/track/55S2PQgSMYAhgoTCcGCDfw
23,"Freaky Friday (feat. Chris Brown)","Lil Dicky",1737156,https://open.spotify.com/track/10Igtw8bSDyyFs7KIsKngZ
24,IDGAF,"Dua Lipa",1710510,https://open.spotify.com/track/76cy1WJvNGJTj78UqeA5zr
25,Flames,"David Guetta",1691639,https://open.spotify.com/track/33IOhptvC2Qoy2UhjiHXLV
26,"Praise The Lord (Da Shine)","A$AP Rocky",1602901,https://open.spotify.com/track/7ycWLEP1GsNjVvcjawXz3z
27,"These Days (feat. Jess Glynne, Macklemore & Dan Caplen)",Rudimental,1574268,https://open.spotify.com/track/5CLGzJsGqhCEECcpnFQA8x
28,"Me Niego",Reik,1495968,https://open.spotify.com/track/6jA8JUuPCGYjFcgw0AoM5T
29,"Call Out My Name","The Weeknd",1491756,https://open.spotify.com/track/1gm616Plq4ScqNi7TVkZ5N
30,Nervous,"Shawn Mendes",1456607,https://open.spotify.com/track/0Dq49j3dELbttQVUJbtn0c
31,OTW,Khalid,1420603,https://open.spotify.com/track/6Hgh47WXVKtXN5zGOu0hjI
32,"Solo (feat. Demi Lovato)","Clean Bandit",1417053,https://open.spotify.com/track/6kPJZM97LwdG9QIsT7khp6
33,"Playinwitme (feat. Kehlani)",KYLE,1410976,https://open.spotify.com/track/4F1yvJfQ7gJkrcgFJQDjOr
34,"Meant to Be (feat. Florida Georgia Line)","Bebe Rexha",1369085,https://open.spotify.com/track/7iDa6hUg2VgEL1o1HjmfBn
35,"FAKE LOVE",BTS,1349707,https://open.spotify.com/track/3aW0ds4A4tSQDIp75FqWTo
36,Havana,"Camila Cabello",1345325,https://open.spotify.com/track/1rfofaqEpACxVEHIZBJe6W
37,"lovely (with Khalid)","Billie Eilish",1335276,https://open.spotify.com/track/0u2P5u6lvoDfwTYjAADbn4
38,SAD!,XXXTENTACION,1326747,https://open.spotify.com/track/3ee8Jmje8o58CHK66QrVC2
39,2002,Anne-Marie,1323136,https://open.spotify.com/track/6SFStUDQZNaGPKWOx9ZiJB
40,"Sin Pijama","Becky G",1320603,https://open.spotify.com/track/2ijef6ni2amuunRoKTlgww
41,"Remind Me to Forget",Kygo,1308654,https://open.spotify.com/track/6xTU6B6nFwKKTSZ9ySXS80
42,Paranoid,"Post Malone",1299844,https://open.spotify.com/track/3fpVWegR6YOS1Yk5HSMYIq
43,"I'm Upset",Drake,1275924,https://open.spotify.com/track/54oMZ3blwWwuPN4wEoG5mk
44,"1, 2, 3 (feat. Jason Derulo & De La Ghetto)","Sofia Reyes",1246725,https://open.spotify.com/track/4QtiVmuA88tPQiCOHZuQ5b
45,"Walk It Talk It",Migos,1237323,https://open.spotify.com/track/6n4U3TlzUGhdSFbUUhTvLP
46,"All The Stars (with SZA)","Kendrick Lamar",1208477,https://open.spotify.com/track/3GCdLUSnKSMJhs4Tj6CV3s
47,"Shape of You","Ed Sheeran",1198316,https://open.spotify.com/track/7qiZfU4dY1lWllzX7mPBI3
48,"Dura - Remix","Daddy Yankee",1159809,https://open.spotify.com/track/6U2NuJILEOEpW2tVCuqKHb
49,"New Rules","Dua Lipa",1150722,https://open.spotify.com/track/2ekn2ttSfGqwhhate0LSR0
50,Mine,Bazzi,1134487,https://open.spotify.com/track/7uzmGiiJyRfuViKKK3lVmR
51,"Ball For Me (feat. Nicki Minaj)","Post Malone",1113406,https://open.spotify.com/track/6IaieqiCVvsNvEt6Y7yOFa
52,"Plug Walk","Rich The Kid",1112401,https://open.spotify.com/track/6mAz8D1TmlTuef90dbNIiZ
53,"Síguelo Bailando",Ozuna,1046750,https://open.spotify.com/track/5Y9fnynLlIvqtM710MHzfz
54,Dura,"Daddy Yankee",1038610,https://open.spotify.com/track/2j2fIJGh4PMdXt9ULI5Tlc
55,"Ric Flair Drip (& Metro Boomin)",Offset,1027719,https://open.spotify.com/track/7sO5G9EABYOXQKNPNiE9NR
56,"El Préstamo",Maluma,1017877,https://open.spotify.com/track/2XVilv6s9GETnw9PG4T9Mz
57,"Where Were You In The Morning?","Shawn Mendes",1012058,https://open.spotify.com/track/51wrmElSLxFzc0vSQPeTxs
58,"Like I Do","David Guetta",1002747,https://open.spotify.com/track/6RnkFd8Fqqgk1Uni8RgqCQ
59,Somebody,"The Chainsmokers",999262,https://open.spotify.com/track/3pWcj8hxj3fsb9TDAcMpEl
60,"Powerglide (feat. Juicy J) - From SR3MM","Rae Sremmurd",988124,https://open.spotify.com/track/1BuZAIO8WZpavWVbbq3Lci
61,"La Player (Bandolera)","Zion & Lennox",982006,https://open.spotify.com/track/0VKkyBKCXyR99navhVRqcP
62,"Spoil My Night (feat. Swae Lee)","Post Malone",965037,https://open.spotify.com/track/5VuxWXbt7XENQCtE9TzpTv
63,Perfect,"Ed Sheeran",961783,https://open.spotify.com/track/0tgVpDi06FyKpA1z0VMD4v
64,"Lost In Japan","Shawn Mendes",959655,https://open.spotify.com/track/6WBTeFDEfAJbaSUUc1V1xQ
65,Stay,"Post Malone",946306,https://open.spotify.com/track/4H7WNRErSbONkM06blBoGc
66,Familiar,"Liam Payne",924281,https://open.spotify.com/track/0Y4hwUppbGc8aIBmiTz30A
67,"I Fall Apart","Post Malone",901424,https://open.spotify.com/track/75ZvA4QfFiZvzhj2xkaWAh
68,"Échame La Culpa","Luis Fonsi",901251,https://open.spotify.com/track/1zsG4eaZmkA1dvjDDsAGLK
69,"Jackie Chan",Tiësto,880662,https://open.spotify.com/track/4kWO6O1BUXcZmaxitpVUwp
70,"Candy Paint","Post Malone",874966,https://open.spotify.com/track/32lItqlMi4LBhb4k0BaSaC
71,"Taste (feat. Offset)",Tyga,870920,https://open.spotify.com/track/5IaHrVsrferBYDm0bDyABy
72,"Welcome to the Party (with French Montana & Lil Pump, feat. Zhavia Ward) - from Deadpool 2",Diplo,869044,https://open.spotify.com/track/5mqzhMuUpvnMfwNz6iepmO
73,"All Girls Are The Same","Juice WRLD",862241,https://open.spotify.com/track/3H2JThgdBxezwj1wwafQS8
74,JAPAN,"Famous Dex",861525,https://open.spotify.com/track/5PTG6rrL6EPFD9E2QMI2pl
75,"Bella - Remix",Wolfine,858783,https://open.spotify.com/track/0SaYeGhSXN0dDWstyNTQ56
76,"Te Amo","Piso 21",857699,https://open.spotify.com/track/2RVrdr062uLFxXwIxwdXPH
77,"Rich & Sad","Post Malone",851452,https://open.spotify.com/track/2VdT56BGpdqNHUgOe1j5vc
78,Believer,"Imagine Dragons",844023,https://open.spotify.com/track/7Izh7zLJGw1Nscd62Exxj4
79,Thunder,"Imagine Dragons",839007,https://open.spotify.com/track/26gceVsA1ybT8qsX3aYLEn
80,"Madura (feat. Bad Bunny)",Cosculluela,833443,https://open.spotify.com/track/0r9d60ZYPAlFHq8qnUtkXN
81,"Déjala Que Vuelva (feat. Manuel Turizo)","Piso 21",831128,https://open.spotify.com/track/1j6xOGusnyXq3l6IryKF3G
82,"XO TOUR Llif3","Lil Uzi Vert",830663,https://open.spotify.com/track/7GX5flRQZVHRAGd6B4TmDO
83,"Mad Love","Sean Paul",816672,https://open.spotify.com/track/3soOPBuMK8YMdWnV7xpEyf
84,"Like To Be You feat. Julia Michaels","Shawn Mendes",796512,https://open.spotify.com/track/5QskYLFPX9y7pLU0VEMNbr
85,"Done For Me (feat. Kehlani)","Charlie Puth",790577,https://open.spotify.com/track/1lsBTdE6MGsKeZCD6llNu7
86,"Fallin' All In You","Shawn Mendes",786161,https://open.spotify.com/track/5I8oEqbk2ZBmQfXCrZbUFb
87,Criminal,"Natti Natasha",783129,https://open.spotify.com/track/6Za3190Sbw39BBC77WSS1C
88,KOD,"J. Cole",781436,https://open.spotify.com/track/7yotKA30dwTKNEGomV9ZsI
89,"A$AP Forever REMIX","A$AP Rocky",778221,https://open.spotify.com/track/3oHkMCVJyOcjg5FhfLc2Rq
90,Happier,"Ed Sheeran",770605,https://open.spotify.com/track/2RttW7RAu5nOAfq6YFvApB
91,"Wake Me Up - Radio Edit",Avicii,769586,https://open.spotify.com/track/6g1NlCpW7fgqDnWbCCDrHl
92,"Por Perro","Sebastian Yatra",767667,https://open.spotify.com/track/2alIsNw1mqEShbWyO1HXZZ
93,Wolves,"Selena Gomez",766215,https://open.spotify.com/track/7EmGUiUaOSGDnUUQUDrOXC
94,"Girls (feat. Cardi B, Bebe Rexha & Charli XCX)","Rita Ora",760173,https://open.spotify.com/track/1YNQscOx6OqBQjxgJVhEeW
95,"La Cintura","Alvaro Soler",754293,https://open.spotify.com/track/19MBk3PbNFE36wqIqkMq9H
96,"Never Be the Same","Camila Cabello",751426,https://open.spotify.com/track/4eWQlBRaTjPPUlzacqEeoQ
97,"Mi Gente","J Balvin",750967,https://open.spotify.com/track/7COfe3P7KgfwDwIRB8LIDw
98,"Let Me",ZAYN,746905,https://open.spotify.com/track/7Fg342AJtNsIDdwCfX0paC
99,"Say Something","Justin Timberlake",743332,https://open.spotify.com/track/1LhMopPAallLeaeNutqbgS
100,1950,"King Princess",741721,https://open.spotify.com/track/0CZ8lquoTX2Dkg7Ak2inwA
101,"Sangria Wine","Pharrell Williams",741057,https://open.spotify.com/track/6XlSyYFTU1nodeWwwzVgTV
102,"Watch (feat. Lil Uzi Vert & Kanye West)","Travis Scott",737876,https://open.spotify.com/track/3DoBTwfr8yi2LN08SBpFkN
103,"Without You (feat. Sandro Cavazza)",Avicii,727534,https://open.spotify.com/track/6WbADFqMvR8N5u0BvtsWQE
104,Dembow,"Danny Ocean",726200,https://open.spotify.com/track/2EzRdhuoPyNJDlep7lnNf2
105,"Feel It Still","Portugal. The Man",722471,https://open.spotify.com/track/6QgjcU0zLnzq5OrUoSZ3OK
106,"I'll Be There","Jess Glynne",722077,https://open.spotify.com/track/083Qf6hn6sFL6xiOHlZUyn
107,Ambiente,"J Balvin",718854,https://open.spotify.com/track/6VrBWh90BiwWmwKtvwWFcq
108,Silence,Marshmello,715910,https://open.spotify.com/track/7vGuf3Y35N4wmASOKLUVVU
109,Esskeetit,"Lil Pump",714853,https://open.spotify.com/track/44KKhCyI0BGS6LvVyDqJtH
110,HUMBLE.,"Kendrick Lamar",713257,https://open.spotify.com/track/7KXjTSCq5nL1LoYtL7XAwS
111,"Too Good At Goodbyes","Sam Smith",711192,https://open.spotify.com/track/1mXVgsBdtIVeCLJnSnmtdV
112,Congratulations,"Post Malone",711152,https://open.spotify.com/track/3a1lNhkSLSkpJE4MSHpDu9
113,Corazón,Maluma,710452,https://open.spotify.com/track/5cepAtqnEQ6yVG6088zMMu
114,Chun-Li,"Nicki Minaj",710376,https://open.spotify.com/track/2gTYVoQCUh0QNUaFix01ld
115,Ahora,"J Balvin",706231,https://open.spotify.com/track/2yBWnRKj0Zx7AF1kufajvW
116,"One Night Stand","Capital Bra",702062,https://open.spotify.com/track/4gALhhysObk59C3fxeTLwh
117,"Over Now","Post Malone",699795,https://open.spotify.com/track/09IOPhEh1OMe0HD9b36FJk
118,"Jocelyn Flores",XXXTENTACION,696529,https://open.spotify.com/track/7m9OqQk4RVRkw9JJdeAw96
119,"King's Dead (with Kendrick Lamar, Future & James Blake)","Jay Rock",683958,https://open.spotify.com/track/51rXHuKN8Loc4sUlKPODgH
120,"Fukk Sleep","A$AP Rocky",680509,https://open.spotify.com/track/1AqemxWsT0iGg5Lvkm16Bt
121,"Shoota (feat. Lil Uzi Vert)","Playboi Carti",677274,https://open.spotify.com/track/2BJSMvOGABRxokHKB0OI8i
122,"Because I Had You","Shawn Mendes",674307,https://open.spotify.com/track/7hlhojpax9zg2FNdBLY5ox
123,"Finesse (Remix) [feat. Cardi B]","Bruno Mars",673939,https://open.spotify.com/track/3Vo4wInECJQuz9BIBMOu8i
124,Mutual,"Shawn Mendes",673180,https://open.spotify.com/track/0rrfXLr1p1yxsUy7LrKoYT
125,"Particular Taste","Shawn Mendes",672414,https://open.spotify.com/track/1mmAqhLcvPrknbslMiDlyU
126,"Young Dumb & Broke",Khalid,672161,https://open.spotify.com/track/5Z3GHaZ6ec9bsiI5BenrbY
127,"Be Careful","Cardi B",665049,https://open.spotify.com/track/2Yl4OmDby9iitgNWZPwxkd
128,"One Dance",Drake,664282,https://open.spotify.com/track/1xznGGDReH1oQq0xzbwXa3
129,Bella,Wolfine,658832,https://open.spotify.com/track/3xcCix7Jv1Rp90YVmgo35D
130,"92 Explorer","Post Malone",658813,https://open.spotify.com/track/1D2L6MefbXon28PzIk9I3r
131,Downtown,Anitta,658757,https://open.spotify.com/track/3Ga6eKrUFf12ouh9Yw3v2D
132,"Say You Won't Let Go","James Arthur",657800,https://open.spotify.com/track/5uCax9HTNlzGybIStD3vDh
133,Why,"Shawn Mendes",655362,https://open.spotify.com/track/1KXFoiT2n4QXRsFvhWNI4I
134,Moonlight,XXXTENTACION,652564,https://open.spotify.com/track/0JP9xo3adEtGSdUEISiszL
135,"Perfectly Wrong","Shawn Mendes",644365,https://open.spotify.com/track/0UTHr20nqVFMoji8xYE9yl
136,Sensualidad,"Bad Bunny",641240,https://open.spotify.com/track/5hcisvFMidkMJlElTO9Qmw
137,"Zack And Codeine","Post Malone",639655,https://open.spotify.com/track/5lZZmityu9TAjNvSY6GLhR
138,"I Wanna Know (feat. Bea Miller)",NOTD,636945,https://open.spotify.com/track/18W92Zm1KjLCbUIszOhpkD
139,"Pray For Me (with Kendrick Lamar)","The Weeknd",635758,https://open.spotify.com/track/4ofvoCdXq99vpMZO4Cfp8x
140,Amorfoda,"Bad Bunny",635158,https://open.spotify.com/track/3ITvHA9zhZZdBJsOsAUegF
141,"Answerphone (feat. Yxng Bane)","Banx & Ranx",631605,https://open.spotify.com/track/1HagMz5nWk1HmevNCBOxF3
142,Africa,Toto,627845,https://open.spotify.com/track/2374M0fQpWi3dLnB54qaLX
143,"Let You Down",NF,626215,https://open.spotify.com/track/6mrKP2jyIQmM0rw6fQryjr
144,"Same Bitches (feat. G-Eazy & YG)","Post Malone",624853,https://open.spotify.com/track/688QpQAwqsLdBR6lr13wK1
145,"Stir Fry",Migos,621359,https://open.spotify.com/track/2UVbBKQOdFAekPTRsnkzcf
146,"Rewrite The Stars","Zac Efron",620486,https://open.spotify.com/track/630sXRhIcfwr2e4RdNtjKN
147,Delicate,"Taylor Swift",618331,https://open.spotify.com/track/7CneiDesUKFJO3Ix01dnfr
148,Queen,"Shawn Mendes",616393,https://open.spotify.com/track/17FyWGvqby379Q92sn23jW
149,"River (feat. Ed Sheeran)",Eminem,615705,https://open.spotify.com/track/5UEnHoDYpsxlfzWLZIc7LD
150,Unforgettable,"French Montana",612002,https://open.spotify.com/track/3B54sVLJ402zGa6Xm4YGNe
151,"Airplane pt.2",BTS,610025,https://open.spotify.com/track/1trFxVLL8WKhYap543e74l
152,Solita,Ozuna,609902,https://open.spotify.com/track/7rwX0O3RlxqqIjQM8evm5E
153,"If You Know You Know","Pusha T",607480,https://open.spotify.com/track/6bGwKHXHNLmTy6yt147FPh
154,"PICK IT UP (feat. A$AP Rocky)","Famous Dex",602626,https://open.spotify.com/track/0dSIrRkA4PadGll16TgbnV
155,goosebumps,"Travis Scott",602215,https://open.spotify.com/track/6gBFPUFcJLzWGx4lenP6h2
156,"Perfect Duet (Ed Sheeran & Beyoncé)","Ed Sheeran",601735,https://open.spotify.com/track/1bhUWB0zJMIKr9yVPrkEuI
157,"Dusk Till Dawn - Radio Edit",ZAYN,601208,https://open.spotify.com/track/1j4kHkkpqZRBwE0A4CN4Yv
158,Closer,"The Chainsmokers",600583,https://open.spotify.com/track/7BKLCZ1jbUBVqRi2FVlTVw
159,"Something Just Like This","The Chainsmokers",598057,https://open.spotify.com/track/6RUKPb4LETWmmr3iAEQktW
160,"This Is Me","Keala Settle",595852,https://open.spotify.com/track/2xGjteMU3E1tkEPVFBO08U
161,Attention,"Charlie Puth",592552,https://open.spotify.com/track/5cF0dROlMOK5uNZtivgu50
162,"What Lovers Do (feat. SZA)","Maroon 5",588554,https://open.spotify.com/track/3hBBKuWJfxlIlnd9QFoC8k
163,"New Light","John Mayer",588468,https://open.spotify.com/track/3bH4HzoZZFq8UpZmI2AMgV
164,"Takin' Shots","Post Malone",586215,https://open.spotify.com/track/5ffntNJnJOeFv7b7DCd0Bw
165,Everyday,Logic,581905,https://open.spotify.com/track/4EAV2cKiqKP5UPZmY6dejk
166,"Audio - with Sia, Diplo & Labrinth",Sia,581189,https://open.spotify.com/track/7boPPE857KEqCIHNwFkDop
167,Unica,Ozuna,580885,https://open.spotify.com/track/6752EZMgXswvRBH3N2PilO
168,Location,Khalid,579070,https://open.spotify.com/track/152lZdxL1OR0ZMW6KquMif
169,"Despacito - Remix","Luis Fonsi",576642,https://open.spotify.com/track/5CtI0qwDJkDQGwXD1H1cLb
170,"More Than You Know","Axwell /\ Ingrosso",573368,https://open.spotify.com/track/71bBFbfn2OBK5QwUJSLS44
171,"El Farsante - Remix",Ozuna,572214,https://open.spotify.com/track/7uYgVgRSgqluZclLS7wpp4
172,"The Night We Met","Lord Huron",570361,https://open.spotify.com/track/24MGEzm6xAO1nFgVVp37YI
173,"Champion (feat. Travis Scott)",NAV,569520,https://open.spotify.com/track/6nO3tr47nr2P7f3hXb8JIo
174,"There's Nothing Holdin' Me Back","Shawn Mendes",567764,https://open.spotify.com/track/79cuOz3SPQTuFrp8WgftAu
175,"Me Rehúso","Danny Ocean",564054,https://open.spotify.com/track/6De0lHrwBfPfrhorm9q1Xl
176,changes,XXXTENTACION,563576,https://open.spotify.com/track/7AFASza1mXqntmGtbxXprO
177,"When You're Ready","Shawn Mendes",563358,https://open.spotify.com/track/03vyB3AHCuEGfhh7wPc7Yf
178,"Whatever It Takes","Imagine Dragons",560454,https://open.spotify.com/track/7F3uo3304R2CTvOseU3H7u
179,Anpanman,BTS,559351,https://open.spotify.com/track/4lRwa7PKcGIuJMwtPIYKdy
180,"To My Love - Tainy Remix","Bomba Estéreo",559268,https://open.spotify.com/track/5LciLoxa1gK70yIUeoHgRx
181,"Amor Falso","Aldair Playboy",555876,https://open.spotify.com/track/00zzSEe82JTtz68XlARnh7
182,"Nena Maldicion (feat. Lenny Tavarez)","Paulo Londra",555100,https://open.spotify.com/track/3TnhQSRwT3AVMdXw5JPq0x
183,1-800-273-8255,Logic,554834,https://open.spotify.com/track/5tz69p7tJuGPeMGwNTxYuV
184,"The Truth Untold",BTS,552000,https://open.spotify.com/track/48XfojJC87VKLlUotYV0Gm
185,"EL BAÑO","Enrique Iglesias",551681,https://open.spotify.com/track/2vvdTrdryjsl8DmPIMDWZU
186,"I Like Me Better",Lauv,551421,https://open.spotify.com/track/1wjzFQodRWrPcQ0AnYnvQ9
187,"Bank Account","21 Savage",549843,https://open.spotify.com/track/2fQrGHiQOvpL9UgPvtYy6G
188,TATI,6ix9ine,547763,https://open.spotify.com/track/6kp0inxIexxSiDJfWqq0ZL
189,"Buck Shots","A$AP Rocky",545355,https://open.spotify.com/track/6ImrWnhjEOw5re3cGLMIHJ
190,"Thinking Out Loud","Ed Sheeran",544504,https://open.spotify.com/track/1Slwb6dOYkBlWal1PGtnNg
191,"I'm Yours","Jason Mraz",544041,https://open.spotify.com/track/3S0OXQeoh0w6AY8WQVckRW
192,"Bodak Yellow","Cardi B",540765,https://open.spotify.com/track/6KBYefIoo7KydImq1uUQlL
193,Redbone,"Childish Gambino",540734,https://open.spotify.com/track/3kxfsdsCpFgN412fpnW85Y
194,"Duro y Suave","Leslie Grace",537496,https://open.spotify.com/track/31M5m42C3EGlbydf9XB5to
195,"I Miss You (feat. Julia Michaels)","Clean Bandit",536386,https://open.spotify.com/track/2xmrfQpmS2iJExTlklLoAL
196,"Genius - with Sia, Diplo & Labrinth",Sia,536153,https://open.spotify.com/track/73F87Sqh6jQWucOOvz1WFx
197,"Lonely Together (feat. Rita Ora)",Avicii,536103,https://open.spotify.com/track/2OALaHcDdKkjYEpAr0Qzab
198,"Tony Tone","A$AP Rocky",535345,https://open.spotify.com/track/52eYVUkFTOVozbVFIaFrnV
199,"Wonderwall - Remastered",Oasis,534478,https://open.spotify.com/track/5qqabIl2vWzo9ApSC317sa
200,Breathe,"Jax Jones",528570,https://open.spotify.com/track/6tvQzeCPwOytDlBYCIOY0n
