,,,"Note that these figures are generated using a formula that protects against any artificial inflation of chart positions.",
Position,"Track Name",Artist,Streams,URL
1,"In My Feelings",Drake,4242365,https://open.spotify.com/track/2G7V7zsVDxg1yRsu7Ew9RJ
2,"Lucky You (feat. Joyner Lucas)",Eminem,4236638,https://open.spotify.com/track/60SdxE8apGAxMiRrpbmLY0
3,"The Ringer",Eminem,3912738,https://open.spotify.com/track/2jt2WxXMCD4zjACthkJQVE
4,"Eastside (with Halsey & Khalid)","benny blanco",2933746,https://open.spotify.com/track/0d2iYfpKoM0QCKvcLCkBao
5,"Girls Like You (feat. Cardi B)","Maroon 5",2933619,https://open.spotify.com/track/7fa9MBXhVfQ8P8Df9OEbD8
6,"FEFE (feat. Nicki Minaj & Murda Beatz)",6ix9ine,2844202,https://open.spotify.com/track/2E124GmJRnBJuXbTb4cPUB
7,Greatest,Eminem,2683624,https://open.spotify.com/track/2XTquzYQAdT1Hk78bOUwsv
8,"SICKO MODE","Travis Scott",2635725,https://open.spotify.com/track/2xLMifQCjDGFmkHkpNLD9h
9,"In My Mind",Dynoro,2619438,https://open.spotify.com/track/0E9ZjEAyAwOXZ7wJC0PD33
10,"Lucid Dreams","Juice WRLD",2598331,https://open.spotify.com/track/0s3nnoMeVWz3989MkNQiRf
11,"No Brainer","DJ Khaled",2495040,https://open.spotify.com/track/5WvAo7DNuPRmk4APhdPzi8
12,"Promises (with Sam Smith)","Calvin Harris",2433390,https://open.spotify.com/track/5N5k9nd479b1xpDZ4usjrg
13,"Not Alike (feat. Royce Da 5'9)",Eminem,2405064,https://open.spotify.com/track/28FGV3ORH14MYORd7s5dlU
14,Happier,Marshmello,2305344,https://open.spotify.com/track/2dpaYNEQHiRxtZbfNsse99
15,"God is a woman","Ariana Grande",2301290,https://open.spotify.com/track/5OCJzvD7sykQEKHH7qAC3C
16,"Taste (feat. Offset)",Tyga,2281685,https://open.spotify.com/track/5IaHrVsrferBYDm0bDyABy
17,Fall,Eminem,2279935,https://open.spotify.com/track/58QhkbaAkLFnn7JwAnAato
18,Kamikaze,Eminem,2272863,https://open.spotify.com/track/2gsNpSn7VvvJuSrIDfRoYy
19,"I Like It","Cardi B",2253228,https://open.spotify.com/track/58q2HKrzhC3ozto2nDdN4z
20,breathin,"Ariana Grande",2141420,https://open.spotify.com/track/4OafepJy2teCjYJbvFE60J
21,SAD!,XXXTENTACION,2132735,https://open.spotify.com/track/3ee8Jmje8o58CHK66QrVC2
22,"Vaina Loca",Ozuna,2115741,https://open.spotify.com/track/48zFZh27QU5qsrBjn4C2FA
23,Rise,"Jonas Blue",1987188,https://open.spotify.com/track/3u1S1OmAUhx5DRlLrXqyp3
24,Normal,Eminem,1983692,https://open.spotify.com/track/0evt4UZbdhnHtcAnxkm6A1
25,"Solo (feat. Demi Lovato)","Clean Bandit",1928345,https://open.spotify.com/track/6kPJZM97LwdG9QIsT7khp6
26,"Better Now","Post Malone",1919980,https://open.spotify.com/track/7dt6x5M1jzdTEt8oCbisTK
27,"Body (feat. brando)","Loud Luxury",1902736,https://open.spotify.com/track/7K7MUBCnzgBAvMVW2RTWNs
28,"Be Alright","Dean Lewis",1880877,https://open.spotify.com/track/3EPXxR3ImUwfayaurPi3cm
29,"Stepping Stone",Eminem,1858509,https://open.spotify.com/track/60Z57Wdrn0pEVpHI7d7GAX
30,"Jackie Chan",Tiësto,1856900,https://open.spotify.com/track/4kWO6O1BUXcZmaxitpVUwp
31,"Te Boté - Remix","Nio Garcia",1850022,https://open.spotify.com/track/3V8UKqhEK5zBkBb6d6ub8i
32,BEBE,6ix9ine,1814067,https://open.spotify.com/track/7ATATJztoWLcqDAcVVof0C
33,Youngblood,"5 Seconds of Summer",1799492,https://open.spotify.com/track/2iUXsYOEPhVqEBwsqP70rE
34,"One Kiss (with Dua Lipa)","Calvin Harris",1687564,https://open.spotify.com/track/7ef4DlsgrMEH11cDZd32M6
35,Moonlight,XXXTENTACION,1647994,https://open.spotify.com/track/0JP9xo3adEtGSdUEISiszL
36,"Venom - Music From The Motion Picture",Eminem,1634561,https://open.spotify.com/track/2SL6oP2YAEQbqsrkOzRGO4
37,Nonstop,Drake,1608855,https://open.spotify.com/track/0TlLq3lA83rQOYtrqBqSct
38,"Paul - Skit","Paul Rosenberg",1582666,https://open.spotify.com/track/0Uv5Kp8sEnriJjkX4oLfNI
39,"Sin Pijama","Becky G",1525763,https://open.spotify.com/track/2ijef6ni2amuunRoKTlgww
40,"Good Guy (feat. Jessie Reyez)",Eminem,1480131,https://open.spotify.com/track/4g32MdRoqwGKQd3NXIRhpU
41,"No Es Justo","J Balvin",1457672,https://open.spotify.com/track/5qFeMRz4TvetPmzjre9Dq7
42,"Happy Now",Zedd,1453254,https://open.spotify.com/track/4keoy2fqgwGnbWlm3ZVZFa
43,"Beautiful (feat. Camila Cabello)",Bazzi,1452719,https://open.spotify.com/track/4VUwkH455At9kENOfzTqmF
44,"God's Plan",Drake,1449793,https://open.spotify.com/track/6DCZcSspjsKoFjzjrWoCdn
45,"no tears left to cry","Ariana Grande",1405221,https://open.spotify.com/track/2qT1uLXPVPzGgFOx4jtEuo
46,"Nice Guy (with Jessie Reyez)",Eminem,1392393,https://open.spotify.com/track/09FfQO3PqHO4HIJL511Ksi
47,"Em Calls Paul - Skit",Eminem,1379883,https://open.spotify.com/track/6B3zy3LOKHndqsviCr2z15
48,Shotgun,"George Ezra",1370085,https://open.spotify.com/track/4ofwffwvvnbSkrMSCKQDaC
49,Natural,"Imagine Dragons",1357725,https://open.spotify.com/track/4zIO3ilp5HvTeK3HJHxhMP
50,"Jocelyn Flores",XXXTENTACION,1291964,https://open.spotify.com/track/7m9OqQk4RVRkw9JJdeAw96
51,"rockstar (feat. 21 Savage)","Post Malone",1257721,https://open.spotify.com/track/0e7ipj03S05BNilyu5bRzt
52,STARGAZING,"Travis Scott",1198597,https://open.spotify.com/track/7wBJfHzpfI3032CSD7CE2m
53,changes,XXXTENTACION,1188257,https://open.spotify.com/track/7AFASza1mXqntmGtbxXprO
54,"Whenever (feat. Conor Maynard)","Kris Kross Amsterdam",1182219,https://open.spotify.com/track/3DGar7krWlmrXRFHBcQF6z
55,"Psycho (feat. Ty Dolla $ign)","Post Malone",1167257,https://open.spotify.com/track/3swc6WTsr7rl9DqQKQA55C
56,2002,Anne-Marie,1136736,https://open.spotify.com/track/2BgEsaKNfHUdlh97KmvFyo
57,"High Hopes","Panic! At The Disco",1126523,https://open.spotify.com/track/1rqqCSm0Qe4I9rUvWncaom
58,Nevermind,"Dennis Lloyd",1100723,https://open.spotify.com/track/63SevszngYpZOwf63o61K4
59,Clandestino,Shakira,1090483,https://open.spotify.com/track/7DrluKkTviBwCc8AV3VGmf
60,"Don't Leave Me Alone (feat. Anne-Marie)","David Guetta",1071358,https://open.spotify.com/track/2lYTJK94hb0fd1LQtb6Dhk
61,"Ocean (feat. Khalid)","Martin Garrix",1063524,https://open.spotify.com/track/3nc420PXjTdBV5TN0gCFkS
62,"Nice For What",Drake,1063136,https://open.spotify.com/track/3CA9pLiwRIGtUBiMjbZmRw
63,"Shape of You","Ed Sheeran",1054937,https://open.spotify.com/track/7qiZfU4dY1lWllzX7mPBI3
64,"Born To Be Yours",Kygo,1051940,https://open.spotify.com/track/0kHyKhJMukHEPfeh8s7rdM
65,"Thunderclouds with Sia, Diplo & Labrinth",Sia,1051430,https://open.spotify.com/track/5a8RPWgKSmcGBGcffmIrUi
66,"Praise The Lord (Da Shine)","A$AP Rocky",1036412,https://open.spotify.com/track/7ycWLEP1GsNjVvcjawXz3z
67,"Back To You - From 13 Reasons Why – Season 2 Soundtrack","Selena Gomez",1036025,https://open.spotify.com/track/4hQ6UGyWQIGJmHSo0J88JW
68,"Cuando Te Besé","Becky G",1030007,https://open.spotify.com/track/2XXMDz7SPZ4mSFN1PXfHUy
69,"Fuck Love (feat. Trippie Redd)",XXXTENTACION,1001453,https://open.spotify.com/track/7AQim7LbvFVZJE3O8TYgf2
70,"I'm a Mess","Bebe Rexha",1001172,https://open.spotify.com/track/04ZTP5KsCypmtCmQg5tH9R
71,"Mala Mía",Maluma,979214,https://open.spotify.com/track/62o8KoI44JfN7aYxgTnPvh
72,"Yes Indeed","Lil Baby",962088,https://open.spotify.com/track/6vN77lE9LK6HP2DewaN6HZ
73,"No Me Acuerdo",Thalía,957506,https://open.spotify.com/track/00EPIEnX1JFjff8sC6bccd
74,Havana,"Camila Cabello",931052,https://open.spotify.com/track/1rfofaqEpACxVEHIZBJe6W
75,Asesina,Brytiago,915780,https://open.spotify.com/track/6rbhaJsE4uLzpPf8WYSHDK
76,Believer,"Imagine Dragons",908242,https://open.spotify.com/track/0pqnGHJpmpxLKifKRmU6WP
77,"Me Niego",Reik,895197,https://open.spotify.com/track/6jA8JUuPCGYjFcgw0AoM5T
78,FRIENDS,Marshmello,873256,https://open.spotify.com/track/08bNPGLD8AhKpnnERrAc6G
79,IDGAF,"Dua Lipa",864560,https://open.spotify.com/track/76cy1WJvNGJTj78UqeA5zr
80,SWISH,Tyga,863929,https://open.spotify.com/track/55GiOwtxNajXVbpjjIzMnD
81,"lovely (with Khalid)","Billie Eilish",861096,https://open.spotify.com/track/0u2P5u6lvoDfwTYjAADbn4
82,X,"Nicky Jam",858324,https://open.spotify.com/track/39N9RPD9MRb5WmoLzNzPeA
83,"La Player (Bandolera)","Zion & Lennox",857428,https://open.spotify.com/track/0VKkyBKCXyR99navhVRqcP
84,"The Middle",Zedd,854781,https://open.spotify.com/track/09IStsImFySgyp0pIQdqAc
85,"X - Remix","Nicky Jam",854553,https://open.spotify.com/track/6JjPBQfI2Y8nIjnm65X6Pw
86,"Don’t Matter To Me (with Michael Jackson)",Drake,854010,https://open.spotify.com/track/6G8kHiVZ1jW7vHMPVRNZU0
87,"Mo Bamba","Sheck Wes",843412,https://open.spotify.com/track/3QybPutx0Tjk472bBKjNWn
88,"All Girls Are The Same","Juice WRLD",840513,https://open.spotify.com/track/0XySogm94T51XF5F2jumXm
89,"Look Alive (feat. Drake)","BlocBoy JB",833816,https://open.spotify.com/track/4qKcDkK6siZ7Jp1Jb4m0aL
90,Thunder,"Imagine Dragons",833705,https://open.spotify.com/track/1zB4vmk8tFRmM9UULNzbLB
91,Darkside,"Alan Walker",824387,https://open.spotify.com/track/1snWlbcbgQpJfknoI30DWG
92,"New Rules","Dua Lipa",816928,https://open.spotify.com/track/2ekn2ttSfGqwhhate0LSR0
93,Perfect,"Ed Sheeran",803702,https://open.spotify.com/track/0tgVpDi06FyKpA1z0VMD4v
94,"Quiere Beber","Anuel Aa",788579,https://open.spotify.com/track/3rPAD722s5FFNnwjC91t7Z
95,Unica,Ozuna,788382,https://open.spotify.com/track/33b2wX9d0kxqxhi7lcsC1A
96,"Lean Wit Me","Juice WRLD",784262,https://open.spotify.com/track/29tc0GbW0pTSBZSCZF3NWk
97,"Everybody Dies In Their Nightmares",XXXTENTACION,779925,https://open.spotify.com/track/3GVkPk8mqxz0itaAriG1L7
98,"BIG BANK (feat. 2 Chainz, Big Sean, Nicki Minaj)",YG,775071,https://open.spotify.com/track/0ZNrc4kNeQYD9koZ3KvCsy
99,"I Like Me Better",Lauv,774002,https://open.spotify.com/track/2P91MQbaiQOfbiz9VqhqKQ
100,"1, 2, 3 (feat. Jason Derulo & De La Ghetto)","Sofia Reyes",765999,https://open.spotify.com/track/4QtiVmuA88tPQiCOHZuQ5b
101,"Goodbye (feat. Nicki Minaj & Willy William)","Jason Derulo",758115,https://open.spotify.com/track/5Xn4IyTtW6FUGIUyWjbUHG
102,"High On Life (feat. Bonn)","Martin Garrix",756440,https://open.spotify.com/track/4ut5G4rgB1ClpMTMfjoIuy
103,"I Fall Apart","Post Malone",749111,https://open.spotify.com/track/75ZvA4QfFiZvzhj2xkaWAh
104,"Look At Me!",XXXTENTACION,740384,https://open.spotify.com/track/6eYxmK9fdL4hwLnXG2zY3s
105,"Love Lies (with Normani)",Khalid,737023,https://open.spotify.com/track/45Egmo7icyopuzJN0oMEdk
106,YOSEMITE,"Travis Scott",734814,https://open.spotify.com/track/7lAK3oHbfEnvUQWosrMMpR
107,"XO TOUR Llif3","Lil Uzi Vert",720064,https://open.spotify.com/track/7GX5flRQZVHRAGd6B4TmDO
108,"Side Effects","The Chainsmokers",719287,https://open.spotify.com/track/3OtQmFLS5b3pTgIf44GQFJ
109,"Wasted (feat. Lil Uzi Vert)","Juice WRLD",719233,https://open.spotify.com/track/3obgSF06ki98lYNLNq5vCB
110,"Mi Cama - Remix","Karol G",714022,https://open.spotify.com/track/38QmUDpkoYlNbMKvpvAsrE
111,"These Days (feat. Jess Glynne, Macklemore & Dan Caplen)",Rudimental,712388,https://open.spotify.com/track/5CLGzJsGqhCEECcpnFQA8x
112,"Por Perro","Sebastian Yatra",705531,https://open.spotify.com/track/2alIsNw1mqEShbWyO1HXZZ
113,IDOL,BTS,697190,https://open.spotify.com/track/03iCbZaM4OkRR4We6wIzvx
114,sweetener,"Ariana Grande",695433,https://open.spotify.com/track/70khXICDeTTxgYtw3EysKH
115,"W O R K I N M E",Quavo,693048,https://open.spotify.com/track/33tNYw9oMtSkGe27NpgS64
116,"Toda - Remix","Alex Rose",691591,https://open.spotify.com/track/7nD2JPaxIKUdxd2UWgnaGL
117,"Meant to Be (feat. Florida Georgia Line)","Bebe Rexha",691216,https://open.spotify.com/track/4e4fqjx0Izh4svvTef1z7e
118,"Taking A Walk","Trippie Redd",691116,https://open.spotify.com/track/4mHgYpuGHu99Mw69E83CP2
119,"Dura - Remix","Daddy Yankee",690977,https://open.spotify.com/track/6U2NuJILEOEpW2tVCuqKHb
120,Mine,Bazzi,685722,https://open.spotify.com/track/7uzmGiiJyRfuViKKK3lVmR
121,Hipócrita,"Anuel Aa",684107,https://open.spotify.com/track/6XBjCetHKdO5L9cwMDVffw
122,"Madura (feat. Bad Bunny)",Cosculluela,682944,https://open.spotify.com/track/0r9d60ZYPAlFHq8qnUtkXN
123,"Estamos Bien","Bad Bunny",679697,https://open.spotify.com/track/7glCSQqV5o6NU88Cn4zPZn
124,"8 Letters","Why Don't We",678930,https://open.spotify.com/track/4zRZAmBQP8vhNPf9i9opXt
125,Flames,"David Guetta",665281,https://open.spotify.com/track/33IOhptvC2Qoy2UhjiHXLV
126,Closer,"The Chainsmokers",660397,https://open.spotify.com/track/7BKLCZ1jbUBVqRi2FVlTVw
127,"I'm Yours","Jason Mraz",645272,https://open.spotify.com/track/3S0OXQeoh0w6AY8WQVckRW
128,Happier,"Ed Sheeran",636191,https://open.spotify.com/track/2RttW7RAu5nOAfq6YFvApB
129,"the remedy for a broken heart (why am I so in love)",XXXTENTACION,635806,https://open.spotify.com/track/4UKCKdYiLN6IMA5ZESUTL7
130,Africa,Toto,628582,https://open.spotify.com/track/2374M0fQpWi3dLnB54qaLX
131,"Tie Me Down (with Elley Duhé)",Gryffin,625829,https://open.spotify.com/track/4QVS8YCpK71R4FsxSMCjhP
132,everytime,"Ariana Grande",624351,https://open.spotify.com/track/0WdR2AyLW1Drd3OUdwezM0
133,"Too Good At Goodbyes","Sam Smith",619647,https://open.spotify.com/track/1mXVgsBdtIVeCLJnSnmtdV
134,"Say You Won't Let Go","James Arthur",618673,https://open.spotify.com/track/5uCax9HTNlzGybIStD3vDh
135,"In My Blood","Shawn Mendes",617684,https://open.spotify.com/track/2QZ7WLBE8h2y1Y5Fb8RYbH
136,"Dance To This (feat. Ariana Grande)","Troye Sivan",610428,https://open.spotify.com/track/17JYzDCW1UTndfURuTydF2
137,OTW,Khalid,607526,https://open.spotify.com/track/6Hgh47WXVKtXN5zGOu0hjI
138,IDOL,BTS,597946,https://open.spotify.com/track/2AIWoHr9DF6y4KALCBKWQS
139,"BUTTERFLY EFFECT","Travis Scott",596371,https://open.spotify.com/track/6xcJyGpfZbuuiequtnlKt4
140,"Drew Barrymore","Bryce Vine",595876,https://open.spotify.com/track/0OgGn1ofaj55l2PcihQQGV
141,Congratulations,"Post Malone",595487,https://open.spotify.com/track/3a1lNhkSLSkpJE4MSHpDu9
142,"Me Dijeron",Ozuna,592176,https://open.spotify.com/track/17UUYZ290omPaJY4wKeyHh
143,"I'm Upset",Drake,586463,https://open.spotify.com/track/3qN5qMTKyEEmiTZD38BNTT
144,"Call Out My Name","The Weeknd",584968,https://open.spotify.com/track/1gm616Plq4ScqNi7TVkZ5N
145,Hope,XXXTENTACION,580676,https://open.spotify.com/track/2ZRo7axmMPeSVUvDbGkJah
146,HUMBLE.,"Kendrick Lamar",577182,https://open.spotify.com/track/7KXjTSCq5nL1LoYtL7XAwS
147,"Bella - Remix",Wolfine,576401,https://open.spotify.com/track/0SaYeGhSXN0dDWstyNTQ56
148,"Ric Flair Drip (& Metro Boomin)",Offset,572173,https://open.spotify.com/track/7sO5G9EABYOXQKNPNiE9NR
149,"Mob Ties",Drake,568892,https://open.spotify.com/track/7rC5Pl8rQSX4myONQHYPBK
150,"Chica Paranormal","Paulo Londra",566633,https://open.spotify.com/track/2r77vqSZkOktTSgmAOoHsV
151,"Blah Blah Blah","Armin van Buuren",566626,https://open.spotify.com/track/0tp6mwUt99QnfY95T30Lqj
152,"La Cintura","Alvaro Soler",563227,https://open.spotify.com/track/19MBk3PbNFE36wqIqkMq9H
153,"Plug Walk","Rich The Kid",560302,https://open.spotify.com/track/1ZAyjvIk9YiD76yYy0TEG6
154,"Hopeless Romantic (feat. Swae Lee)","Wiz Khalifa",558392,https://open.spotify.com/track/7IBSffWIu7P2MC7kMwy2FM
155,"Ya No Tiene Novio","Sebastian Yatra",556461,https://open.spotify.com/track/7uQmJ1jgNzBpATSoWKSPFu
156,"Ball For Me (feat. Nicki Minaj)","Post Malone",553984,https://open.spotify.com/track/6IaieqiCVvsNvEt6Y7yOFa
157,"Something Just Like This","The Chainsmokers",552563,https://open.spotify.com/track/6RUKPb4LETWmmr3iAEQktW
158,"Remind Me to Forget",Kygo,551707,https://open.spotify.com/track/6xTU6B6nFwKKTSZ9ySXS80
159,Noticed,"Lil Mosey",551517,https://open.spotify.com/track/7d6XJZjnm7iWcKwYL9z5kC
160,"Walk It Talk It",Migos,550300,https://open.spotify.com/track/6n4U3TlzUGhdSFbUUhTvLP
161,"Freaky Friday (feat. Chris Brown)","Lil Dicky",546735,https://open.spotify.com/track/10Igtw8bSDyyFs7KIsKngZ
162,"Wonderwall - Remastered",Oasis,546142,https://open.spotify.com/track/5qqabIl2vWzo9ApSC317sa
163,"Lose Yourself - From ""8 Mile"" Soundtrack",Eminem,544865,https://open.spotify.com/track/7w9bgPAmPTtrkt2v16QWvQ
164,"'Till I Collapse",Eminem,542792,https://open.spotify.com/track/4xkOaSrkexMciUUogZKVTS
165,"One Dance",Drake,540270,https://open.spotify.com/track/1zi7xx7UVEFkmKfv06H8x0
166,"Thinking Out Loud","Ed Sheeran",537471,https://open.spotify.com/track/1Slwb6dOYkBlWal1PGtnNg
167,goosebumps,"Travis Scott",535749,https://open.spotify.com/track/6gBFPUFcJLzWGx4lenP6h2
168,"Síguelo Bailando",Ozuna,528237,https://open.spotify.com/track/5Y9fnynLlIvqtM710MHzfz
169,"Te Amo","Piso 21",528233,https://open.spotify.com/track/2RVrdr062uLFxXwIxwdXPH
170,"What Lovers Do (feat. SZA)","Maroon 5",527039,https://open.spotify.com/track/0GxQ1A5L9xnMOytbP6eKBG
171,"you should see me in a crown","Billie Eilish",524123,https://open.spotify.com/track/6vsV4D8BM6PioRr1UOx0n2
172,"Wake Me Up - Radio Edit",Avicii,523231,https://open.spotify.com/track/4h8VwCb1MTGoLKueQ1WgbD
173,"Feel It Still","Portugal. The Man",521812,https://open.spotify.com/track/6QgjcU0zLnzq5OrUoSZ3OK
174,"River (feat. Ed Sheeran)",Eminem,519548,https://open.spotify.com/track/1cS0TgbR263ey9jn0MwD2s
175,"No Quiero Amarte (feat. Zion & Lennox)","Justin Quiles",517479,https://open.spotify.com/track/5bITfqKGaPakO1l99hOMsI
176,"All The Stars (with SZA)","Kendrick Lamar",514953,https://open.spotify.com/track/3GCdLUSnKSMJhs4Tj6CV3s
177,"Bed (feat. Ariana Grande)","Nicki Minaj",513458,https://open.spotify.com/track/3L4GsGLgxpHieVQH86H8bv
178,"Candy Paint","Post Malone",513430,https://open.spotify.com/track/32lItqlMi4LBhb4k0BaSaC
179,"Bohemian Rhapsody - Remastered 2011",Queen,512164,https://open.spotify.com/track/7tFiyTwD0nx5a1eklYtX2J
180,"Amigos Con Derechos",Reik,511725,https://open.spotify.com/track/2zDj4WjbNDmrRL6Z4YjjCA
181,Silence,Marshmello,511614,https://open.spotify.com/track/7vGuf3Y35N4wmASOKLUVVU
182,Celoso,"Lele Pons",510735,https://open.spotify.com/track/33zcmmElV1YbRZe57biUjg
183,"Perfect Duet (Ed Sheeran & Beyoncé)","Ed Sheeran",510491,https://open.spotify.com/track/1bhUWB0zJMIKr9yVPrkEuI
184,Halo,Beyoncé,508966,https://open.spotify.com/track/2CvOqDpQIMw69cCzWqr5yr
185,"Whatever It Takes","Imagine Dragons",506497,https://open.spotify.com/track/6Qn5zhYkTa37e91HC1D7lb
186,Unforgettable,"French Montana",506490,https://open.spotify.com/track/3B54sVLJ402zGa6Xm4YGNe
187,September,"Earth, Wind & Fire",506383,https://open.spotify.com/track/1mqlc0vEP9mU1kZgTi6LIQ
188,"All of Me","John Legend",502831,https://open.spotify.com/track/3uhBIQ7tv8j1FME8cFGEfG
189,"Young Dumb & Broke",Khalid,501490,https://open.spotify.com/track/5Z3GHaZ6ec9bsiI5BenrbY
190,"Only You (with Little Mix)","Cheat Codes",501209,https://open.spotify.com/track/54l9GJGQ1UCFKe2tzt1Vxt
191,Photograph,"Ed Sheeran",501147,https://open.spotify.com/track/6fxVffaTuwjgEk5h9QyRjy
192,"Nephew (feat. Lil Pump)",Smokepurpp,498315,https://open.spotify.com/track/0ibOcbkp2XG46Do8jcy0bL
193,Medicina,Anitta,497986,https://open.spotify.com/track/4R5xvs5X0phd0EYWyGigju
194,Wolves,"Selena Gomez",495831,https://open.spotify.com/track/0tBbt8CrmxbjRP0pueQkyU
195,Culpables,"Manuel Turizo",495381,https://open.spotify.com/track/3RD0PGolM0mETGHaprwgMn
196,"Duro y Suave","Leslie Grace",491464,https://open.spotify.com/track/31M5m42C3EGlbydf9XB5to
197,"Magic In The Hamptons (feat. Lil Yachty)","Social House",490584,https://open.spotify.com/track/2Yer0p7uB2lVBUAtANuuQp
198,R.E.M,"Ariana Grande",488506,https://open.spotify.com/track/1xWH8zYtDeS9mW1JJG23VZ
199,"Let Her Go",Passenger,487812,https://open.spotify.com/track/2jyjhRf6DVbMPU5zxagN2h
200,"Billie Jean","Michael Jackson",487389,https://open.spotify.com/track/5ChkMS8OtdzJeqyybCc9R5
