,,,"Note that these figures are generated using a formula that protects against any artificial inflation of chart positions.",
Position,"Track Name",Artist,Streams,URL
1,"Better Now","Post Malone",4208830,https://open.spotify.com/track/7dt6x5M1jzdTEt8oCbisTK
2,"One Kiss (with Dua Lipa)","Calvin Harris",4115564,https://open.spotify.com/track/7ef4DlsgrMEH11cDZd32M6
3,"Nice For What",Drake,3733162,https://open.spotify.com/track/1cTZMwcBJT0Ka3UJPXOeeN
4,"no tears left to cry","Ariana Grande",3163089,https://open.spotify.com/track/5SxkdsY1ufZzoq9iXceLw9
5,"God's Plan",Drake,3154063,https://open.spotify.com/track/2XW4DbS6NddZxRPm5rMCeY
6,"This Is America","Childish Gambino",2981087,https://open.spotify.com/track/0b9oOr2ZgvyQu88wzixux9
7,"I Like It","Cardi B",2788608,https://open.spotify.com/track/58q2HKrzhC3ozto2nDdN4z
8,"Te Boté - Remix","Nio Garcia",2745857,https://open.spotify.com/track/3V8UKqhEK5zBkBb6d6ub8i
9,X,"Nicky Jam",2732014,https://open.spotify.com/track/39N9RPD9MRb5WmoLzNzPeA
10,"Psycho (feat. Ty Dolla $ign)","Post Malone",2583535,https://open.spotify.com/track/3swc6WTsr7rl9DqQKQA55C
11,FRIENDS,Marshmello,2551236,https://open.spotify.com/track/08bNPGLD8AhKpnnERrAc6G
12,"Back To You","Selena Gomez",2550005,https://open.spotify.com/track/514rhnksEwHUh6LxXsQ4Y9
13,"Yes Indeed","Lil Baby",2425647,https://open.spotify.com/track/6vN77lE9LK6HP2DewaN6HZ
14,"I'm Upset",Drake,2374847,https://open.spotify.com/track/54oMZ3blwWwuPN4wEoG5mk
15,"In My Blood","Shawn Mendes",2298434,https://open.spotify.com/track/21YnmkSDhUkmkkni22Svc4
16,"Lucid Dreams","Juice WRLD",2290573,https://open.spotify.com/track/0X8DcetL926BYiPJYstJTc
17,"Love Lies (with Normani)",Khalid,2179226,https://open.spotify.com/track/45Egmo7icyopuzJN0oMEdk
18,"rockstar (feat. 21 Savage)","Post Malone",2094185,https://open.spotify.com/track/0e7ipj03S05BNilyu5bRzt
19,Youngblood,"5 Seconds of Summer",2085592,https://open.spotify.com/track/55S2PQgSMYAhgoTCcGCDfw
20,"The Middle",Zedd,2035233,https://open.spotify.com/track/2ARqIya5NAuvFVHSN3bL0m
21,Nevermind,"Dennis Lloyd",2000089,https://open.spotify.com/track/63SevszngYpZOwf63o61K4
22,Flames,"David Guetta",1933947,https://open.spotify.com/track/33IOhptvC2Qoy2UhjiHXLV
23,"Youth feat. Khalid","Shawn Mendes",1928797,https://open.spotify.com/track/5SwEgzUFDHwpWHKrbnP32Z
24,IDGAF,"Dua Lipa",1928754,https://open.spotify.com/track/76cy1WJvNGJTj78UqeA5zr
25,"Look Alive (feat. Drake)","BlocBoy JB",1885626,https://open.spotify.com/track/4qKcDkK6siZ7Jp1Jb4m0aL
26,"Freaky Friday (feat. Chris Brown)","Lil Dicky",1805187,https://open.spotify.com/track/10Igtw8bSDyyFs7KIsKngZ
27,"Praise The Lord (Da Shine)","A$AP Rocky",1788309,https://open.spotify.com/track/7ycWLEP1GsNjVvcjawXz3z
28,"These Days (feat. Jess Glynne, Macklemore & Dan Caplen)",Rudimental,1715254,https://open.spotify.com/track/5CLGzJsGqhCEECcpnFQA8x
29,"Call Out My Name","The Weeknd",1711544,https://open.spotify.com/track/1gm616Plq4ScqNi7TVkZ5N
30,"Solo (feat. Demi Lovato)","Clean Bandit",1696791,https://open.spotify.com/track/6kPJZM97LwdG9QIsT7khp6
31,"lovely (with Khalid)","Billie Eilish",1637701,https://open.spotify.com/track/0u2P5u6lvoDfwTYjAADbn4
32,2002,Anne-Marie,1634365,https://open.spotify.com/track/6SFStUDQZNaGPKWOx9ZiJB
33,"Playinwitme (feat. Kehlani)",KYLE,1629588,https://open.spotify.com/track/4F1yvJfQ7gJkrcgFJQDjOr
34,Nervous,"Shawn Mendes",1615176,https://open.spotify.com/track/0Dq49j3dELbttQVUJbtn0c
35,OTW,Khalid,1598943,https://open.spotify.com/track/6Hgh47WXVKtXN5zGOu0hjI
36,"Me Niego",Reik,1594301,https://open.spotify.com/track/6jA8JUuPCGYjFcgw0AoM5T
37,"Meant to Be (feat. Florida Georgia Line)","Bebe Rexha",1525986,https://open.spotify.com/track/7iDa6hUg2VgEL1o1HjmfBn
38,"FAKE LOVE",BTS,1516640,https://open.spotify.com/track/3aW0ds4A4tSQDIp75FqWTo
39,"Remind Me to Forget",Kygo,1483559,https://open.spotify.com/track/6xTU6B6nFwKKTSZ9ySXS80
40,"Sin Pijama","Becky G",1463002,https://open.spotify.com/track/2ijef6ni2amuunRoKTlgww
41,Paranoid,"Post Malone",1456749,https://open.spotify.com/track/3fpVWegR6YOS1Yk5HSMYIq
42,SAD!,XXXTENTACION,1436533,https://open.spotify.com/track/3ee8Jmje8o58CHK66QrVC2
43,Havana,"Camila Cabello",1393257,https://open.spotify.com/track/1rfofaqEpACxVEHIZBJe6W
44,"All The Stars (with SZA)","Kendrick Lamar",1388782,https://open.spotify.com/track/3GCdLUSnKSMJhs4Tj6CV3s
45,"1, 2, 3 (feat. Jason Derulo & De La Ghetto)","Sofia Reyes",1370669,https://open.spotify.com/track/4QtiVmuA88tPQiCOHZuQ5b
46,"New Rules","Dua Lipa",1331362,https://open.spotify.com/track/2ekn2ttSfGqwhhate0LSR0
47,"Walk It Talk It",Migos,1297502,https://open.spotify.com/track/6n4U3TlzUGhdSFbUUhTvLP
48,"Shape of You","Ed Sheeran",1281307,https://open.spotify.com/track/7qiZfU4dY1lWllzX7mPBI3
49,Mine,Bazzi,1263474,https://open.spotify.com/track/7uzmGiiJyRfuViKKK3lVmR
50,TATI,6ix9ine,1244965,https://open.spotify.com/track/6kp0inxIexxSiDJfWqq0ZL
51,"Ball For Me (feat. Nicki Minaj)","Post Malone",1232310,https://open.spotify.com/track/6IaieqiCVvsNvEt6Y7yOFa
52,"Dura - Remix","Daddy Yankee",1217386,https://open.spotify.com/track/6U2NuJILEOEpW2tVCuqKHb
53,"Plug Walk","Rich The Kid",1206998,https://open.spotify.com/track/6mAz8D1TmlTuef90dbNIiZ
54,"Taste (feat. Offset)",Tyga,1155232,https://open.spotify.com/track/5IaHrVsrferBYDm0bDyABy
55,Somebody,"The Chainsmokers",1126313,https://open.spotify.com/track/3pWcj8hxj3fsb9TDAcMpEl
56,"Jackie Chan",Tiësto,1125730,https://open.spotify.com/track/4kWO6O1BUXcZmaxitpVUwp
57,"Ric Flair Drip (& Metro Boomin)",Offset,1122066,https://open.spotify.com/track/7sO5G9EABYOXQKNPNiE9NR
58,"Like I Do","David Guetta",1106567,https://open.spotify.com/track/6RnkFd8Fqqgk1Uni8RgqCQ
59,"Spoil My Night (feat. Swae Lee)","Post Malone",1091183,https://open.spotify.com/track/5VuxWXbt7XENQCtE9TzpTv
60,"Powerglide (feat. Juicy J) - From SR3MM","Rae Sremmurd",1080508,https://open.spotify.com/track/1BuZAIO8WZpavWVbbq3Lci
61,Stay,"Post Malone",1078079,https://open.spotify.com/track/4H7WNRErSbONkM06blBoGc
62,"Síguelo Bailando",Ozuna,1071756,https://open.spotify.com/track/5Y9fnynLlIvqtM710MHzfz
63,"El Préstamo",Maluma,1057167,https://open.spotify.com/track/2XVilv6s9GETnw9PG4T9Mz
64,"La Player (Bandolera)","Zion & Lennox",1049860,https://open.spotify.com/track/0VKkyBKCXyR99navhVRqcP
65,Dura,"Daddy Yankee",1047208,https://open.spotify.com/track/2j2fIJGh4PMdXt9ULI5Tlc
66,"All Girls Are The Same","Juice WRLD",1042472,https://open.spotify.com/track/3H2JThgdBxezwj1wwafQS8
67,Familiar,"Liam Payne",1040335,https://open.spotify.com/track/0Y4hwUppbGc8aIBmiTz30A
68,Perfect,"Ed Sheeran",1029816,https://open.spotify.com/track/0tgVpDi06FyKpA1z0VMD4v
69,"I Fall Apart","Post Malone",1013419,https://open.spotify.com/track/75ZvA4QfFiZvzhj2xkaWAh
70,"Welcome to the Party (with French Montana & Lil Pump, feat. Zhavia Ward) - from Deadpool 2",Diplo,980700,https://open.spotify.com/track/5mqzhMuUpvnMfwNz6iepmO
71,"Échame La Culpa","Luis Fonsi",974024,https://open.spotify.com/track/1zsG4eaZmkA1dvjDDsAGLK
72,"Rich & Sad","Post Malone",970544,https://open.spotify.com/track/2VdT56BGpdqNHUgOe1j5vc
73,"New Light","John Mayer",970371,https://open.spotify.com/track/3bH4HzoZZFq8UpZmI2AMgV
74,"Candy Paint","Post Malone",957728,https://open.spotify.com/track/32lItqlMi4LBhb4k0BaSaC
75,JAPAN,"Famous Dex",946693,https://open.spotify.com/track/5PTG6rrL6EPFD9E2QMI2pl
76,"Where Were You In The Morning?","Shawn Mendes",940852,https://open.spotify.com/track/51wrmElSLxFzc0vSQPeTxs
77,"Lost In Japan","Shawn Mendes",934444,https://open.spotify.com/track/6WBTeFDEfAJbaSUUc1V1xQ
78,"Te Amo","Piso 21",933454,https://open.spotify.com/track/2RVrdr062uLFxXwIxwdXPH
79,"Done For Me (feat. Kehlani)","Charlie Puth",932584,https://open.spotify.com/track/1lsBTdE6MGsKeZCD6llNu7
80,"Mad Love","Sean Paul",923794,https://open.spotify.com/track/3soOPBuMK8YMdWnV7xpEyf
81,Believer,"Imagine Dragons",921649,https://open.spotify.com/track/7Izh7zLJGw1Nscd62Exxj4
82,"XO TOUR Llif3","Lil Uzi Vert",913697,https://open.spotify.com/track/7GX5flRQZVHRAGd6B4TmDO
83,"Madura (feat. Bad Bunny)",Cosculluela,909555,https://open.spotify.com/track/0r9d60ZYPAlFHq8qnUtkXN
84,KOD,"J. Cole",890906,https://open.spotify.com/track/7yotKA30dwTKNEGomV9ZsI
85,Thunder,"Imagine Dragons",886090,https://open.spotify.com/track/26gceVsA1ybT8qsX3aYLEn
86,"Bella - Remix",Wolfine,885107,https://open.spotify.com/track/0SaYeGhSXN0dDWstyNTQ56
87,"Déjala Que Vuelva (feat. Manuel Turizo)","Piso 21",871611,https://open.spotify.com/track/1j6xOGusnyXq3l6IryKF3G
88,1950,"King Princess",866011,https://open.spotify.com/track/0CZ8lquoTX2Dkg7Ak2inwA
89,"I'll Be There","Jess Glynne",864687,https://open.spotify.com/track/083Qf6hn6sFL6xiOHlZUyn
90,"La Cintura","Alvaro Soler",864668,https://open.spotify.com/track/19MBk3PbNFE36wqIqkMq9H
91,"Girls (feat. Cardi B, Bebe Rexha & Charli XCX)","Rita Ora",861207,https://open.spotify.com/track/1YNQscOx6OqBQjxgJVhEeW
92,"Por Perro","Sebastian Yatra",857637,https://open.spotify.com/track/2alIsNw1mqEShbWyO1HXZZ
93,Happier,"Ed Sheeran",856880,https://open.spotify.com/track/2RttW7RAu5nOAfq6YFvApB
94,"Shoota (feat. Lil Uzi Vert)","Playboi Carti",851924,https://open.spotify.com/track/2BJSMvOGABRxokHKB0OI8i
95,Wolves,"Selena Gomez",848177,https://open.spotify.com/track/7EmGUiUaOSGDnUUQUDrOXC
96,"Never Be the Same","Camila Cabello",846903,https://open.spotify.com/track/4eWQlBRaTjPPUlzacqEeoQ
97,"Let Me",ZAYN,840258,https://open.spotify.com/track/7Fg342AJtNsIDdwCfX0paC
98,"Watch (feat. Lil Uzi Vert & Kanye West)","Travis Scott",825206,https://open.spotify.com/track/3DoBTwfr8yi2LN08SBpFkN
99,"Sangria Wine","Pharrell Williams",822215,https://open.spotify.com/track/6XlSyYFTU1nodeWwwzVgTV
100,"Say Something","Justin Timberlake",804107,https://open.spotify.com/track/1LhMopPAallLeaeNutqbgS
101,"Wake Me Up - Radio Edit",Avicii,799232,https://open.spotify.com/track/6g1NlCpW7fgqDnWbCCDrHl
102,Criminal,"Natti Natasha",798424,https://open.spotify.com/track/6Za3190Sbw39BBC77WSS1C
103,"Without You (feat. Sandro Cavazza)",Avicii,796162,https://open.spotify.com/track/6WbADFqMvR8N5u0BvtsWQE
104,"Too Good At Goodbyes","Sam Smith",795234,https://open.spotify.com/track/1mXVgsBdtIVeCLJnSnmtdV
105,"Over Now","Post Malone",793739,https://open.spotify.com/track/09IOPhEh1OMe0HD9b36FJk
106,Silence,Marshmello,790508,https://open.spotify.com/track/7vGuf3Y35N4wmASOKLUVVU
107,Ambiente,"J Balvin",789532,https://open.spotify.com/track/6VrBWh90BiwWmwKtvwWFcq
108,"Feel It Still","Portugal. The Man",787139,https://open.spotify.com/track/6QgjcU0zLnzq5OrUoSZ3OK
109,HUMBLE.,"Kendrick Lamar",784965,https://open.spotify.com/track/7KXjTSCq5nL1LoYtL7XAwS
110,Chun-Li,"Nicki Minaj",784339,https://open.spotify.com/track/2gTYVoQCUh0QNUaFix01ld
111,Dembow,"Danny Ocean",769815,https://open.spotify.com/track/2EzRdhuoPyNJDlep7lnNf2
112,Congratulations,"Post Malone",769127,https://open.spotify.com/track/3a1lNhkSLSkpJE4MSHpDu9
113,"Mi Gente","J Balvin",763974,https://open.spotify.com/track/7COfe3P7KgfwDwIRB8LIDw
114,"Like To Be You feat. Julia Michaels","Shawn Mendes",763319,https://open.spotify.com/track/5QskYLFPX9y7pLU0VEMNbr
115,"I Wanna Know (feat. Bea Miller)",NOTD,763283,https://open.spotify.com/track/18W92Zm1KjLCbUIszOhpkD
116,"Jocelyn Flores",XXXTENTACION,762796,https://open.spotify.com/track/7m9OqQk4RVRkw9JJdeAw96
117,Esskeetit,"Lil Pump",761579,https://open.spotify.com/track/44KKhCyI0BGS6LvVyDqJtH
118,"One Night Stand","Capital Bra",757726,https://open.spotify.com/track/4gALhhysObk59C3fxeTLwh
119,"Be Careful","Cardi B",754550,https://open.spotify.com/track/2Yl4OmDby9iitgNWZPwxkd
120,"King's Dead (with Kendrick Lamar, Future & James Blake)","Jay Rock",751911,https://open.spotify.com/track/51rXHuKN8Loc4sUlKPODgH
121,"92 Explorer","Post Malone",747683,https://open.spotify.com/track/1D2L6MefbXon28PzIk9I3r
122,Ahora,"J Balvin",746631,https://open.spotify.com/track/2yBWnRKj0Zx7AF1kufajvW
123,"Say You Won't Let Go","James Arthur",739703,https://open.spotify.com/track/5uCax9HTNlzGybIStD3vDh
124,"Young Dumb & Broke",Khalid,731361,https://open.spotify.com/track/5Z3GHaZ6ec9bsiI5BenrbY
125,"Fallin' All In You","Shawn Mendes",729047,https://open.spotify.com/track/5I8oEqbk2ZBmQfXCrZbUFb
126,Corazón,Maluma,728860,https://open.spotify.com/track/5cepAtqnEQ6yVG6088zMMu
127,"Finesse (Remix) [feat. Cardi B]","Bruno Mars",719144,https://open.spotify.com/track/3Vo4wInECJQuz9BIBMOu8i
128,"Audio - with Sia, Diplo & Labrinth",Sia,716629,https://open.spotify.com/track/7boPPE857KEqCIHNwFkDop
129,"Zack And Codeine","Post Malone",716481,https://open.spotify.com/track/5lZZmityu9TAjNvSY6GLhR
130,Downtown,Anitta,709180,https://open.spotify.com/track/3Ga6eKrUFf12ouh9Yw3v2D
131,Delicate,"Taylor Swift",704305,https://open.spotify.com/track/7CneiDesUKFJO3Ix01dnfr
132,Moonlight,XXXTENTACION,704078,https://open.spotify.com/track/0JP9xo3adEtGSdUEISiszL
133,"Same Bitches (feat. G-Eazy & YG)","Post Malone",702964,https://open.spotify.com/track/688QpQAwqsLdBR6lr13wK1
134,"Pray For Me (with Kendrick Lamar)","The Weeknd",702635,https://open.spotify.com/track/4ofvoCdXq99vpMZO4Cfp8x
135,"One Dance",Drake,694907,https://open.spotify.com/track/1xznGGDReH1oQq0xzbwXa3
136,"The Night We Met","Lord Huron",688349,https://open.spotify.com/track/6mORGLOz79w6VsCRLWYYuK
137,"A$AP Forever REMIX","A$AP Rocky",685227,https://open.spotify.com/track/3oHkMCVJyOcjg5FhfLc2Rq
138,"Answerphone (feat. Yxng Bane)","Banx & Ranx",684756,https://open.spotify.com/track/1HagMz5nWk1HmevNCBOxF3
139,"Rewrite The Stars","Zac Efron",684032,https://open.spotify.com/track/630sXRhIcfwr2e4RdNtjKN
140,"Let You Down",NF,683309,https://open.spotify.com/track/6mrKP2jyIQmM0rw6fQryjr
141,"Dusk Till Dawn - Radio Edit",ZAYN,676963,https://open.spotify.com/track/1j4kHkkpqZRBwE0A4CN4Yv
142,"Stir Fry",Migos,671880,https://open.spotify.com/track/2UVbBKQOdFAekPTRsnkzcf
143,Unforgettable,"French Montana",670011,https://open.spotify.com/track/3B54sVLJ402zGa6Xm4YGNe
144,Amorfoda,"Bad Bunny",667123,https://open.spotify.com/track/3ITvHA9zhZZdBJsOsAUegF
145,Sensualidad,"Bad Bunny",665810,https://open.spotify.com/track/5hcisvFMidkMJlElTO9Qmw
146,"Start Again (feat. Logic)",OneRepublic,665427,https://open.spotify.com/track/1Nj2oBISdFDSF8eDuXcALz
147,"Perfect Duet (Ed Sheeran & Beyoncé)","Ed Sheeran",662952,https://open.spotify.com/track/1bhUWB0zJMIKr9yVPrkEuI
148,"River (feat. Ed Sheeran)",Eminem,662782,https://open.spotify.com/track/5UEnHoDYpsxlfzWLZIc7LD
149,"Something Just Like This","The Chainsmokers",659370,https://open.spotify.com/track/6RUKPb4LETWmmr3iAEQktW
150,"What Lovers Do (feat. SZA)","Maroon 5",658611,https://open.spotify.com/track/3hBBKuWJfxlIlnd9QFoC8k
151,"Takin' Shots","Post Malone",657603,https://open.spotify.com/track/5ffntNJnJOeFv7b7DCd0Bw
152,Everyday,Logic,656788,https://open.spotify.com/track/4EAV2cKiqKP5UPZmY6dejk
153,Attention,"Charlie Puth",656454,https://open.spotify.com/track/5cF0dROlMOK5uNZtivgu50
154,"This Is Me","Keala Settle",656069,https://open.spotify.com/track/2xGjteMU3E1tkEPVFBO08U
155,Entertainer,ZAYN,651208,https://open.spotify.com/track/5LTGmestwpHZ1BfCmpFQJx
156,goosebumps,"Travis Scott",650541,https://open.spotify.com/track/6gBFPUFcJLzWGx4lenP6h2
157,"PICK IT UP (feat. A$AP Rocky)","Famous Dex",647770,https://open.spotify.com/track/0dSIrRkA4PadGll16TgbnV
158,"More Than You Know","Axwell /\ Ingrosso",647257,https://open.spotify.com/track/71bBFbfn2OBK5QwUJSLS44
159,"Champion (feat. Travis Scott)",NAV,647195,https://open.spotify.com/track/6nO3tr47nr2P7f3hXb8JIo
160,Location,Khalid,644079,https://open.spotify.com/track/152lZdxL1OR0ZMW6KquMif
161,Closer,"The Chainsmokers",642358,https://open.spotify.com/track/7BKLCZ1jbUBVqRi2FVlTVw
162,"Airplane pt.2",BTS,640949,https://open.spotify.com/track/1trFxVLL8WKhYap543e74l
163,"Genius - with Sia, Diplo & Labrinth",Sia,638313,https://open.spotify.com/track/73F87Sqh6jQWucOOvz1WFx
164,Bella,Wolfine,634727,https://open.spotify.com/track/3xcCix7Jv1Rp90YVmgo35D
165,Solita,Ozuna,634056,https://open.spotify.com/track/7rwX0O3RlxqqIjQM8evm5E
166,"I Like Me Better",Lauv,630089,https://open.spotify.com/track/1wjzFQodRWrPcQ0AnYnvQ9
167,"Whatever It Takes","Imagine Dragons",626015,https://open.spotify.com/track/7F3uo3304R2CTvOseU3H7u
168,Mutual,"Shawn Mendes",625378,https://open.spotify.com/track/0rrfXLr1p1yxsUy7LrKoYT
169,changes,XXXTENTACION,623234,https://open.spotify.com/track/7AFASza1mXqntmGtbxXprO
170,Unica,Ozuna,622364,https://open.spotify.com/track/6752EZMgXswvRBH3N2PilO
171,"Because I Had You","Shawn Mendes",617372,https://open.spotify.com/track/7hlhojpax9zg2FNdBLY5ox
172,1-800-273-8255,Logic,616635,https://open.spotify.com/track/5tz69p7tJuGPeMGwNTxYuV
173,"I Miss You (feat. Julia Michaels)","Clean Bandit",612175,https://open.spotify.com/track/2xmrfQpmS2iJExTlklLoAL
174,"Particular Taste","Shawn Mendes",611033,https://open.spotify.com/track/1mmAqhLcvPrknbslMiDlyU
175,"Fukk Sleep","A$AP Rocky",608416,https://open.spotify.com/track/1AqemxWsT0iGg5Lvkm16Bt
176,"Lonely Together (feat. Rita Ora)",Avicii,607711,https://open.spotify.com/track/2OALaHcDdKkjYEpAr0Qzab
177,"El Farsante - Remix",Ozuna,605941,https://open.spotify.com/track/7uYgVgRSgqluZclLS7wpp4
178,Africa,Toto,605554,https://open.spotify.com/track/2374M0fQpWi3dLnB54qaLX
179,"There's Nothing Holdin' Me Back","Shawn Mendes",603370,https://open.spotify.com/track/79cuOz3SPQTuFrp8WgftAu
180,"I'm Yours","Jason Mraz",599357,https://open.spotify.com/track/3S0OXQeoh0w6AY8WQVckRW
181,"Thinking Out Loud","Ed Sheeran",598405,https://open.spotify.com/track/1Slwb6dOYkBlWal1PGtnNg
182,Anpanman,BTS,598227,https://open.spotify.com/track/4lRwa7PKcGIuJMwtPIYKdy
183,"Sorry Not Sorry","Demi Lovato",596188,https://open.spotify.com/track/3m660poUr1chesgkkjQM7P
184,Why,"Shawn Mendes",593944,https://open.spotify.com/track/1KXFoiT2n4QXRsFvhWNI4I
185,Body,"Loud Luxury",593088,https://open.spotify.com/track/43V1z6QToNNWNldV4FEG6r
186,"The Truth Untold",BTS,591741,https://open.spotify.com/track/48XfojJC87VKLlUotYV0Gm
187,"Perfectly Wrong","Shawn Mendes",590269,https://open.spotify.com/track/0UTHr20nqVFMoji8xYE9yl
188,"Me Rehúso","Danny Ocean",589467,https://open.spotify.com/track/6De0lHrwBfPfrhorm9q1Xl
189,"EL BAÑO","Enrique Iglesias",588134,https://open.spotify.com/track/2vvdTrdryjsl8DmPIMDWZU
190,"Let Me Go (with Alesso, Florida Georgia Line & watt)","Hailee Steinfeld",588037,https://open.spotify.com/track/5AEtlRudpgdT5FtNiuly6Y
191,"Wonderwall - Remastered",Oasis,587336,https://open.spotify.com/track/5qqabIl2vWzo9ApSC317sa
192,Otherside,"Post Malone",585697,https://open.spotify.com/track/4qWCFTuNnmGNdY4egtb4ZY
193,"Bank Account","21 Savage",584831,https://open.spotify.com/track/2fQrGHiQOvpL9UgPvtYy6G
194,Photograph,"Ed Sheeran",581273,https://open.spotify.com/track/6fxVffaTuwjgEk5h9QyRjy
195,Breathe,"Jax Jones",581214,https://open.spotify.com/track/6tvQzeCPwOytDlBYCIOY0n
196,Redbone,"Childish Gambino",580986,https://open.spotify.com/track/3kxfsdsCpFgN412fpnW85Y
197,"Duro y Suave","Leslie Grace",580160,https://open.spotify.com/track/31M5m42C3EGlbydf9XB5to
198,"Bodak Yellow","Cardi B",575006,https://open.spotify.com/track/6KBYefIoo7KydImq1uUQlL
199,"Nena Maldicion (feat. Lenny Tavarez)","Paulo Londra",574259,https://open.spotify.com/track/3TnhQSRwT3AVMdXw5JPq0x
200,"No Hay Nadie Más","Sebastian Yatra",574012,https://open.spotify.com/track/3IPJg1sdqLj12kFIndaonN
