,,,"Note that these figures are generated using a formula that protects against any artificial inflation of chart positions.",
Position,"Track Name",Artist,Streams,URL
1,"In My Feelings",Drake,8291491,https://open.spotify.com/track/2G7V7zsVDxg1yRsu7Ew9RJ
2,STARGAZING,"Travis Scott",7138624,https://open.spotify.com/track/7wBJfHzpfI3032CSD7CE2m
3,"SICKO MODE","Travis Scott",6546842,https://open.spotify.com/track/2xLMifQCjDGFmkHkpNLD9h
4,CAROUSEL,"Travis Scott",5086449,https://open.spotify.com/track/7KZ5MMVgBVox9ycroB2UrI
5,"FEFE (feat. Nicki Minaj & Murda Beatz)",6ix9ine,4432288,https://open.spotify.com/track/2E124GmJRnBJuXbTb4cPUB
6,"No Brainer","DJ Khaled",4388771,https://open.spotify.com/track/5WvAo7DNuPRmk4APhdPzi8
7,"R.I.P. SCREW","Travis Scott",4076479,https://open.spotify.com/track/4SZepBIPDRwPaHIjAKwRDb
8,"NO BYSTANDERS","Travis Scott",3962058,https://open.spotify.com/track/6OaVWaGfhXn70ZJfdVcabn
9,"Girls Like You (feat. Cardi B)","Maroon 5",3902018,https://open.spotify.com/track/7fa9MBXhVfQ8P8Df9OEbD8
10,"STOP TRYING TO BE GOD","Travis Scott",3887156,https://open.spotify.com/track/1xYpVRspgaLxdJLOTQkTjg
11,"WAKE UP","Travis Scott",3779134,https://open.spotify.com/track/20MuVazoNMv6xjKPnRFOxG
12,"I Like It","Cardi B",3655320,https://open.spotify.com/track/58q2HKrzhC3ozto2nDdN4z
13,"5% TINT","Travis Scott",3483660,https://open.spotify.com/track/11kDth1aKUEUMq9r1pqyds
14,SKELETONS,"Travis Scott",3439494,https://open.spotify.com/track/6NMtzpDQBTOfJwMzgMX0zl
15,"Taste (feat. Offset)",Tyga,3330022,https://open.spotify.com/track/5IaHrVsrferBYDm0bDyABy
16,"Lucid Dreams","Juice WRLD",3318605,https://open.spotify.com/track/0s3nnoMeVWz3989MkNQiRf
17,YOSEMITE,"Travis Scott",3303008,https://open.spotify.com/track/7lAK3oHbfEnvUQWosrMMpR
18,NC-17,"Travis Scott",3296194,https://open.spotify.com/track/6BJbOXDlgVAXSaq6wYFYT2
19,"Solo (feat. Demi Lovato)","Clean Bandit",3213637,https://open.spotify.com/track/6kPJZM97LwdG9QIsT7khp6
20,"Eastside (with Halsey & Khalid)","benny blanco",3082037,https://open.spotify.com/track/0d2iYfpKoM0QCKvcLCkBao
21,SAD!,XXXTENTACION,3059168,https://open.spotify.com/track/3ee8Jmje8o58CHK66QrVC2
22,ASTROTHUNDER,"Travis Scott",3058120,https://open.spotify.com/track/4MXhiYIRDMGAuvZc5IFTwC
23,"God is a woman","Ariana Grande",3040735,https://open.spotify.com/track/7gkWXbAxIYuvtOpcN3p9GJ
24,"WHO? WHAT!","Travis Scott",2983191,https://open.spotify.com/track/4KYS9GK68yeuUJ8vJfPxrq
25,"One Kiss (with Dua Lipa)","Calvin Harris",2931293,https://open.spotify.com/track/7ef4DlsgrMEH11cDZd32M6
26,"Jackie Chan",Tiësto,2931212,https://open.spotify.com/track/4kWO6O1BUXcZmaxitpVUwp
27,Rise,"Jonas Blue",2924678,https://open.spotify.com/track/3u1S1OmAUhx5DRlLrXqyp3
28,"Better Now","Post Malone",2887927,https://open.spotify.com/track/7dt6x5M1jzdTEt8oCbisTK
29,"CAN'T SAY","Travis Scott",2854929,https://open.spotify.com/track/27a1mYSG5tYg7dmEjWBcmL
30,"BUTTERFLY EFFECT","Travis Scott",2701244,https://open.spotify.com/track/6xcJyGpfZbuuiequtnlKt4
31,HOUSTONFORNICATION,"Travis Scott",2643241,https://open.spotify.com/track/58TaFP5j5i9swOf584yon2
32,Youngblood,"5 Seconds of Summer",2593680,https://open.spotify.com/track/2iUXsYOEPhVqEBwsqP70rE
33,"In My Mind",Dynoro,2581869,https://open.spotify.com/track/0E9ZjEAyAwOXZ7wJC0PD33
34,"Te Boté - Remix","Nio Garcia",2564642,https://open.spotify.com/track/3V8UKqhEK5zBkBb6d6ub8i
35,Body,"Loud Luxury",2316053,https://open.spotify.com/track/43V1z6QToNNWNldV4FEG6r
36,"COFFEE BEAN","Travis Scott",2247432,https://open.spotify.com/track/6vnfObZ4Ys70SBAtti1xZ9
37,"Sin Pijama","Becky G",2229020,https://open.spotify.com/track/2ijef6ni2amuunRoKTlgww
38,Moonlight,XXXTENTACION,2156675,https://open.spotify.com/track/0JP9xo3adEtGSdUEISiszL
39,Nonstop,Drake,2125275,https://open.spotify.com/track/0TlLq3lA83rQOYtrqBqSct
40,"God's Plan",Drake,2096328,https://open.spotify.com/track/6DCZcSspjsKoFjzjrWoCdn
41,"Don’t Matter To Me (with Michael Jackson)",Drake,2066431,https://open.spotify.com/track/6G8kHiVZ1jW7vHMPVRNZU0
42,"Ocean (feat. Khalid)","Martin Garrix",1971991,https://open.spotify.com/track/3nc420PXjTdBV5TN0gCFkS
43,"Vaina Loca",Ozuna,1939297,https://open.spotify.com/track/1s2B5cndbqK8rPJEIcKJRQ
44,"Born To Be Yours",Kygo,1919893,https://open.spotify.com/track/0kHyKhJMukHEPfeh8s7rdM
45,"Nice For What",Drake,1896386,https://open.spotify.com/track/3CA9pLiwRIGtUBiMjbZmRw
46,"No Es Justo","J Balvin",1871542,https://open.spotify.com/track/5qFeMRz4TvetPmzjre9Dq7
47,"Back To You - From 13 Reasons Why – Season 2 Soundtrack","Selena Gomez",1816238,https://open.spotify.com/track/4hQ6UGyWQIGJmHSo0J88JW
48,2002,Anne-Marie,1809581,https://open.spotify.com/track/6SFStUDQZNaGPKWOx9ZiJB
49,Nevermind,"Dennis Lloyd",1753636,https://open.spotify.com/track/63SevszngYpZOwf63o61K4
50,"no tears left to cry","Ariana Grande",1695239,https://open.spotify.com/track/5SxkdsY1ufZzoq9iXceLw9
51,"Praise The Lord (Da Shine)","A$AP Rocky",1634401,https://open.spotify.com/track/7ycWLEP1GsNjVvcjawXz3z
52,"rockstar (feat. 21 Savage)","Post Malone",1601283,https://open.spotify.com/track/0e7ipj03S05BNilyu5bRzt
53,"Psycho (feat. Ty Dolla $ign)","Post Malone",1594645,https://open.spotify.com/track/3swc6WTsr7rl9DqQKQA55C
54,"Jocelyn Flores",XXXTENTACION,1591436,https://open.spotify.com/track/7m9OqQk4RVRkw9JJdeAw96
55,changes,XXXTENTACION,1573235,https://open.spotify.com/track/7AFASza1mXqntmGtbxXprO
56,Clandestino,Shakira,1571097,https://open.spotify.com/track/7DrluKkTviBwCc8AV3VGmf
57,"X - Remix","Nicky Jam",1517917,https://open.spotify.com/track/6JjPBQfI2Y8nIjnm65X6Pw
58,"Happy Now",Zedd,1483643,https://open.spotify.com/track/4keoy2fqgwGnbWlm3ZVZFa
59,X,"Nicky Jam",1475645,https://open.spotify.com/track/39N9RPD9MRb5WmoLzNzPeA
60,FRIENDS,Marshmello,1457533,https://open.spotify.com/track/08bNPGLD8AhKpnnERrAc6G
61,"Shape of You","Ed Sheeran",1377431,https://open.spotify.com/track/7qiZfU4dY1lWllzX7mPBI3
62,Flames,"David Guetta",1363762,https://open.spotify.com/track/33IOhptvC2Qoy2UhjiHXLV
63,"The Middle",Zedd,1353050,https://open.spotify.com/track/09IStsImFySgyp0pIQdqAc
64,"Me Niego",Reik,1324802,https://open.spotify.com/track/6jA8JUuPCGYjFcgw0AoM5T
65,Shotgun,"George Ezra",1276862,https://open.spotify.com/track/4ofwffwvvnbSkrMSCKQDaC
66,SWISH,Tyga,1273284,https://open.spotify.com/track/55GiOwtxNajXVbpjjIzMnD
67,"Yes Indeed","Lil Baby",1254056,https://open.spotify.com/track/6vN77lE9LK6HP2DewaN6HZ
68,"lovely (with Khalid)","Billie Eilish",1246206,https://open.spotify.com/track/0u2P5u6lvoDfwTYjAADbn4
69,"Melodien (feat. Juju)","Capital Bra",1213050,https://open.spotify.com/track/5d35jcJj7WjDQBOHCHPY6t
70,"High Hopes","Panic! At The Disco",1212913,https://open.spotify.com/track/1rqqCSm0Qe4I9rUvWncaom
71,"Bed (feat. Ariana Grande)","Nicki Minaj",1205931,https://open.spotify.com/track/1ZEm9cJC05rawV2tptNfTS
72,IDGAF,"Dua Lipa",1171706,https://open.spotify.com/track/76cy1WJvNGJTj78UqeA5zr
73,"1, 2, 3 (feat. Jason Derulo & De La Ghetto)","Sofia Reyes",1168016,https://open.spotify.com/track/4QtiVmuA88tPQiCOHZuQ5b
74,"BIG BANK (feat. 2 Chainz, Big Sean, Nicki Minaj)",YG,1167788,https://open.spotify.com/track/0ZNrc4kNeQYD9koZ3KvCsy
75,Havana,"Camila Cabello",1157007,https://open.spotify.com/track/1rfofaqEpACxVEHIZBJe6W
76,"La Player (Bandolera)","Zion & Lennox",1155343,https://open.spotify.com/track/0VKkyBKCXyR99navhVRqcP
77,"Beautiful (feat. Camila Cabello)",Bazzi,1149185,https://open.spotify.com/track/4VUwkH455At9kENOfzTqmF
78,"Don't Leave Me Alone (feat. Anne-Marie)","David Guetta",1140194,https://open.spotify.com/track/2lYTJK94hb0fd1LQtb6Dhk
79,"La Cintura","Alvaro Soler",1128226,https://open.spotify.com/track/19MBk3PbNFE36wqIqkMq9H
80,"Fuck Love (feat. Trippie Redd)",XXXTENTACION,1119166,https://open.spotify.com/track/7AQim7LbvFVZJE3O8TYgf2
81,"I'm Upset",Drake,1111123,https://open.spotify.com/track/3qN5qMTKyEEmiTZD38BNTT
82,"Mi Cama - Remix","Karol G",1108035,https://open.spotify.com/track/38QmUDpkoYlNbMKvpvAsrE
83,"Look Alive (feat. Drake)","BlocBoy JB",1096481,https://open.spotify.com/track/4qKcDkK6siZ7Jp1Jb4m0aL
84,Natural,"Imagine Dragons",1086888,https://open.spotify.com/track/4zIO3ilp5HvTeK3HJHxhMP
85,"High On Life (feat. Bonn)","Martin Garrix",1074887,https://open.spotify.com/track/4ut5G4rgB1ClpMTMfjoIuy
86,"Summertime Magic","Childish Gambino",1072231,https://open.spotify.com/track/4j3GWI86JvSaF0BLdmgcfF
87,"I'm a Mess","Bebe Rexha",1055042,https://open.spotify.com/track/04ZTP5KsCypmtCmQg5tH9R
88,"These Days (feat. Jess Glynne, Macklemore & Dan Caplen)",Rudimental,1045589,https://open.spotify.com/track/5CLGzJsGqhCEECcpnFQA8x
89,"New Rules","Dua Lipa",1040619,https://open.spotify.com/track/2ekn2ttSfGqwhhate0LSR0
90,Unica,Ozuna,1018613,https://open.spotify.com/track/6752EZMgXswvRBH3N2PilO
91,Asesina,Brytiago,1013439,https://open.spotify.com/track/6rbhaJsE4uLzpPf8WYSHDK
92,Believer,"Imagine Dragons",1000107,https://open.spotify.com/track/0pqnGHJpmpxLKifKRmU6WP
93,"Dura - Remix","Daddy Yankee",999191,https://open.spotify.com/track/6U2NuJILEOEpW2tVCuqKHb
94,"500 PS","Bonez MC",992781,https://open.spotify.com/track/641R77CBy4bOLGRcA9sgHy
95,Darkside,"Alan Walker",972351,https://open.spotify.com/track/1snWlbcbgQpJfknoI30DWG
96,Thunder,"Imagine Dragons",961159,https://open.spotify.com/track/1zB4vmk8tFRmM9UULNzbLB
97,"Be Alright","Dean Lewis",951194,https://open.spotify.com/track/3EPXxR3ImUwfayaurPi3cm
98,Perfect,"Ed Sheeran",950456,https://open.spotify.com/track/0tgVpDi06FyKpA1z0VMD4v
99,"Por Perro","Sebastian Yatra",950397,https://open.spotify.com/track/2alIsNw1mqEShbWyO1HXZZ
100,"you should see me in a crown","Billie Eilish",942422,https://open.spotify.com/track/6vsV4D8BM6PioRr1UOx0n2
101,"One Day (feat. Ryan Tedder)",Logic,936596,https://open.spotify.com/track/6e2PtJYcltVk76nLwxBzRn
102,"Love Lies (with Normani)",Khalid,934449,https://open.spotify.com/track/45Egmo7icyopuzJN0oMEdk
103,"Estamos Bien","Don Khuma",933681,https://open.spotify.com/track/1DRJZUVcs6i6TkdNUXAi6m
104,"Too Much (feat. Timbaland)",ZAYN,930296,https://open.spotify.com/track/7jhlKPpAUqgV1m6AOTO19U
105,"Madura (feat. Bad Bunny)",Cosculluela,924024,https://open.spotify.com/track/0r9d60ZYPAlFHq8qnUtkXN
106,"All Girls Are The Same","Juice WRLD",922085,https://open.spotify.com/track/0XySogm94T51XF5F2jumXm
107,"Everybody Dies In Their Nightmares",XXXTENTACION,917440,https://open.spotify.com/track/3GVkPk8mqxz0itaAriG1L7
108,"Side Effects (feat. Emily Warren)","The Chainsmokers",912496,https://open.spotify.com/track/5yNEdBlZMxpcVtGKz5NFk5
109,"Only You (with Little Mix)","Cheat Codes",908960,https://open.spotify.com/track/54l9GJGQ1UCFKe2tzt1Vxt
110,"Meant to Be (feat. Florida Georgia Line)","Bebe Rexha",907056,https://open.spotify.com/track/4e4fqjx0Izh4svvTef1z7e
111,Mine,Bazzi,899537,https://open.spotify.com/track/7uzmGiiJyRfuViKKK3lVmR
112,Calypso,"Luis Fonsi",893268,https://open.spotify.com/track/4178A5NkEjcsGc64jpBO6d
113,"Look At Me!",XXXTENTACION,887180,https://open.spotify.com/track/6eYxmK9fdL4hwLnXG2zY3s
114,"Mob Ties",Drake,881743,https://open.spotify.com/track/7rC5Pl8rQSX4myONQHYPBK
115,"If You're Over Me","Years & Years",875697,https://open.spotify.com/track/1oc3jna2ablnfIKLYbKujl
116,"Ball For Me (feat. Nicki Minaj)","Post Malone",871695,https://open.spotify.com/track/6IaieqiCVvsNvEt6Y7yOFa
117,"Wasted (feat. Lil Uzi Vert)","Juice WRLD",867027,https://open.spotify.com/track/3obgSF06ki98lYNLNq5vCB
118,"Missing U",Robyn,862058,https://open.spotify.com/track/4Sn5B44sLfQ364FUL98jvN
119,"I Fall Apart","Post Malone",857316,https://open.spotify.com/track/75ZvA4QfFiZvzhj2xkaWAh
120,"XO TOUR Llif3","Lil Uzi Vert",854343,https://open.spotify.com/track/7GX5flRQZVHRAGd6B4TmDO
121,"No Me Acuerdo",Thalía,842632,https://open.spotify.com/track/00EPIEnX1JFjff8sC6bccd
122,Ladders,"Mac Miller",840794,https://open.spotify.com/track/39NDBdU5Xkm5pCFGa5kZtI
123,goosebumps,"Travis Scott",815110,https://open.spotify.com/track/6gBFPUFcJLzWGx4lenP6h2
124,"Bella - Remix",Wolfine,813438,https://open.spotify.com/track/0SaYeGhSXN0dDWstyNTQ56
125,"In My Blood","Shawn Mendes",806644,https://open.spotify.com/track/21YnmkSDhUkmkkni22Svc4
126,Connection,OneRepublic,801025,https://open.spotify.com/track/3T4UodGkfZObJ43RtA5KFU
127,"Freaky Friday (feat. Chris Brown)","Lil Dicky",797102,https://open.spotify.com/track/10Igtw8bSDyyFs7KIsKngZ
128,OTW,Khalid,795301,https://open.spotify.com/track/6Hgh47WXVKtXN5zGOu0hjI
129,"This Is America","Childish Gambino",793658,https://open.spotify.com/track/0b9oOr2ZgvyQu88wzixux9
130,"Boo'd Up","Ella Mai",788222,https://open.spotify.com/track/0At2qAoaVjIwWNAqrscXli
131,APESHIT,"The Carters",782840,https://open.spotify.com/track/0E6PsO3ymCfUh7pJQjBgkj
132,"Playinwitme (feat. Kehlani)",KYLE,780797,https://open.spotify.com/track/4F1yvJfQ7gJkrcgFJQDjOr
133,Happier,"Ed Sheeran",780268,https://open.spotify.com/track/2RttW7RAu5nOAfq6YFvApB
134,"Remind Me to Forget",Kygo,778414,https://open.spotify.com/track/6xTU6B6nFwKKTSZ9ySXS80
135,"Síguelo Bailando",Tropijazz,767788,https://open.spotify.com/track/6Vf5qHrEJSkVYgyvYJ6QXs
136,"the remedy for a broken heart (why am I so in love)",XXXTENTACION,755390,https://open.spotify.com/track/4UKCKdYiLN6IMA5ZESUTL7
137,"Too Good At Goodbyes","Sam Smith",750903,https://open.spotify.com/track/1mXVgsBdtIVeCLJnSnmtdV
138,"All The Stars (with SZA)","Kendrick Lamar",746529,https://open.spotify.com/track/3GCdLUSnKSMJhs4Tj6CV3s
139,"Hurt Feelings","Mac Miller",738239,https://open.spotify.com/track/5p7GiBZNL1afJJDUrOA6C8
140,"Call Out My Name","The Weeknd",737348,https://open.spotify.com/track/1gm616Plq4ScqNi7TVkZ5N
141,"Te Amo","Piso 21",736269,https://open.spotify.com/track/2RVrdr062uLFxXwIxwdXPH
142,"I'm Yours","Jason Mraz",736087,https://open.spotify.com/track/3S0OXQeoh0w6AY8WQVckRW
143,"Walk It Talk It",Migos,731417,https://open.spotify.com/track/6n4U3TlzUGhdSFbUUhTvLP
144,"Duro y Suave","Leslie Grace",728631,https://open.spotify.com/track/31M5m42C3EGlbydf9XB5to
145,"Come Back to Earth","Mac Miller",727279,https://open.spotify.com/track/01z2fBGB8Hl3Jd3zXe4IXR
146,Dura,"Daddy Yankee",725850,https://open.spotify.com/track/6KuqAtoeVzxAYOaMveLNpH
147,"El Préstamo",Maluma,725416,https://open.spotify.com/track/2XVilv6s9GETnw9PG4T9Mz
148,"Plug Walk","Rich The Kid",722715,https://open.spotify.com/track/1ZAyjvIk9YiD76yYy0TEG6
149,"Mi Cama","Karol G",718433,https://open.spotify.com/track/7sFYVcKSb24qg0dAkqLEFj
150,Closer,"The Chainsmokers",716787,https://open.spotify.com/track/7BKLCZ1jbUBVqRi2FVlTVw
151,Familiar,"Liam Payne",716732,https://open.spotify.com/track/0Y4hwUppbGc8aIBmiTz30A
152,"Wake Me Up - Radio Edit",Avicii,714706,https://open.spotify.com/track/4h8VwCb1MTGoLKueQ1WgbD
153,Sober,"Demi Lovato",714624,https://open.spotify.com/track/0STK94RxUulYqWzwFlyAb5
154,HUMBLE.,"Kendrick Lamar",711317,https://open.spotify.com/track/7KXjTSCq5nL1LoYtL7XAwS
155,"Whenever (feat. Conor Maynard)","Kris Kross Amsterdam",707051,https://open.spotify.com/track/3DGar7krWlmrXRFHBcQF6z
156,"Échame La Culpa","Luis Fonsi",696770,https://open.spotify.com/track/2hl6q70unbviGo3g1R7uFx
157,Africa,Toto,694070,https://open.spotify.com/track/2374M0fQpWi3dLnB54qaLX
158,"La Cintura (feat. Flo Rida & TINI) - Remix","Alvaro Soler",690321,https://open.spotify.com/track/56gH0zGe3SP9SGNoQ2pWwn
159,Medicina,Anitta,690057,https://open.spotify.com/track/4R5xvs5X0phd0EYWyGigju
160,Congratulations,"Post Malone",689533,https://open.spotify.com/track/3a1lNhkSLSkpJE4MSHpDu9
161,"HANDGUN (feat. A$AP Rocky)",YG,685498,https://open.spotify.com/track/50wkDxcIfamIajKwmgp0iB
162,"Something Just Like This","The Chainsmokers",679071,https://open.spotify.com/track/6RUKPb4LETWmmr3iAEQktW
163,"I'll Be There","Jess Glynne",677375,https://open.spotify.com/track/083Qf6hn6sFL6xiOHlZUyn
164,"What's the Use?","Mac Miller",674155,https://open.spotify.com/track/2dgrYdgguVZKeCsrVb9XEs
165,"Cuando Te Besé","Becky G",673563,https://open.spotify.com/track/2XXMDz7SPZ4mSFN1PXfHUy
166,"Say You Won't Let Go","James Arthur",673338,https://open.spotify.com/track/5uCax9HTNlzGybIStD3vDh
167,"One Dance",Drake,668871,https://open.spotify.com/track/1zi7xx7UVEFkmKfv06H8x0
168,"Self Care","Mac Miller",668101,https://open.spotify.com/track/5bJ1DrEM4hNCafcDd1oxHx
169,"Mad Love","Sean Paul",666938,https://open.spotify.com/track/4dSoDnmR9opAQ8KxUc9SbC
170,"DDU-DU DDU-DU - KR Ver.",BLACKPINK,665442,https://open.spotify.com/track/2CWnuF7ht55Ajyeg4WPvWu
171,"Ric Flair Drip (& Metro Boomin)",Offset,663774,https://open.spotify.com/track/7sO5G9EABYOXQKNPNiE9NR
172,"Toda - Remix","Alex Rose",660734,https://open.spotify.com/track/7nD2JPaxIKUdxd2UWgnaGL
173,"No Quiero Amarte (feat. Zion & Lennox)","Justin Quiles",654996,https://open.spotify.com/track/5bITfqKGaPakO1l99hOMsI
174,"All Mine","Kanye West",650193,https://open.spotify.com/track/3qnoOm4fwZPBS116f5hpgF
175,"Feel It Still","Portugal. The Man",645871,https://open.spotify.com/track/6QgjcU0zLnzq5OrUoSZ3OK
176,"Audio - with Sia, Diplo & Labrinth",Sia,642564,https://open.spotify.com/track/7boPPE857KEqCIHNwFkDop
177,Unforgettable,"French Montana",642381,https://open.spotify.com/track/3B54sVLJ402zGa6Xm4YGNe
178,Hope,XXXTENTACION,640938,https://open.spotify.com/track/2ZRo7axmMPeSVUvDbGkJah
179,"Candy Paint","Post Malone",640392,https://open.spotify.com/track/32lItqlMi4LBhb4k0BaSaC
180,"Wonderwall - Remastered",Oasis,635911,https://open.spotify.com/track/5qqabIl2vWzo9ApSC317sa
181,"Without You (feat. Sandro Cavazza)",Avicii,627853,https://open.spotify.com/track/6Pgkp4qUoTmJIPn7ReaGxL
182,"Perfect Duet (Ed Sheeran & Beyoncé)","Ed Sheeran",621861,https://open.spotify.com/track/1bhUWB0zJMIKr9yVPrkEuI
183,"What Lovers Do (feat. SZA)","Maroon 5",620023,https://open.spotify.com/track/0GxQ1A5L9xnMOytbP6eKBG
184,"I Like Me Better",Lauv,619584,https://open.spotify.com/track/2P91MQbaiQOfbiz9VqhqKQ
185,"Déjala Que Vuelva (feat. Manuel Turizo)","Piso 21",617682,https://open.spotify.com/track/1j6xOGusnyXq3l6IryKF3G
186,Wolves,"Selena Gomez",616338,https://open.spotify.com/track/0tBbt8CrmxbjRP0pueQkyU
187,TELÉFONO,Aitana,615180,https://open.spotify.com/track/5h8VHxOBK1VWWj46T8fSly
188,"Thinking Out Loud","Ed Sheeran",608146,https://open.spotify.com/track/1Slwb6dOYkBlWal1PGtnNg
189,"Hopeless Romantic (feat. Swae Lee)","Wiz Khalifa",605825,https://open.spotify.com/track/7IBSffWIu7P2MC7kMwy2FM
190,Ambiente,"J Balvin",604076,https://open.spotify.com/track/6VrBWh90BiwWmwKtvwWFcq
191,Silence,Marshmello,603506,https://open.spotify.com/track/7vGuf3Y35N4wmASOKLUVVU
192,"Watch (feat. Lil Uzi Vert & Kanye West)","Travis Scott",600913,https://open.spotify.com/track/3DoBTwfr8yi2LN08SBpFkN
193,JAPAN,"Famous Dex",600125,https://open.spotify.com/track/5PTG6rrL6EPFD9E2QMI2pl
194,Hipócrita,"Anuel Aa",597033,https://open.spotify.com/track/6XBjCetHKdO5L9cwMDVffw
195,"Whatever It Takes","Imagine Dragons",594086,https://open.spotify.com/track/6Qn5zhYkTa37e91HC1D7lb
196,"Young Dumb & Broke",Khalid,590642,https://open.spotify.com/track/5Z3GHaZ6ec9bsiI5BenrbY
197,"Never Be the Same","Camila Cabello",589420,https://open.spotify.com/track/4eWQlBRaTjPPUlzacqEeoQ
198,Criminal,"Trío Los Josefinos",588302,https://open.spotify.com/track/1lXQskY1Op1KzFG4GVcVpe
199,"Sorry Not Sorry","Demi Lovato",584532,https://open.spotify.com/track/3Du2K5dLzmduCNp6uwuaL0
200,"Don't Stop Believin'",Journey,580708,https://open.spotify.com/track/4bHsxqR3GMrXTxEPLuK5ue
