,,,"Note that these figures are generated using a formula that protects against any artificial inflation of chart positions.",
Position,"Track Name",Artist,Streams,URL
1,"In My Feelings",Drake,5314377,https://open.spotify.com/track/2G7V7zsVDxg1yRsu7Ew9RJ
2,"God is a woman","Ariana Grande",3504603,https://open.spotify.com/track/5OCJzvD7sykQEKHH7qAC3C
3,"Girls Like You (feat. Cardi B)","Maroon 5",3491175,https://open.spotify.com/track/7fa9MBXhVfQ8P8Df9OEbD8
4,breathin,"Ariana Grande",3471106,https://open.spotify.com/track/4OafepJy2teCjYJbvFE60J
5,"FEFE (feat. Nicki Minaj & Murda Beatz)",6ix9ine,3371391,https://open.spotify.com/track/2E124GmJRnBJuXbTb4cPUB
6,"No Brainer","DJ Khaled",3325337,https://open.spotify.com/track/5WvAo7DNuPRmk4APhdPzi8
7,"SICKO MODE","Travis Scott",3310352,https://open.spotify.com/track/2xLMifQCjDGFmkHkpNLD9h
8,"Lucid Dreams","Juice WRLD",3278638,https://open.spotify.com/track/0s3nnoMeVWz3989MkNQiRf
9,"Eastside (with Halsey & Khalid)","benny blanco",3138130,https://open.spotify.com/track/0d2iYfpKoM0QCKvcLCkBao
10,"In My Mind",Dynoro,2945202,https://open.spotify.com/track/0E9ZjEAyAwOXZ7wJC0PD33
11,"I Like It","Cardi B",2861794,https://open.spotify.com/track/58q2HKrzhC3ozto2nDdN4z
12,"Taste (feat. Offset)",Tyga,2759412,https://open.spotify.com/track/5IaHrVsrferBYDm0bDyABy
13,"Promises (with Sam Smith)","Calvin Harris",2622530,https://open.spotify.com/track/5N5k9nd479b1xpDZ4usjrg
14,"Solo (feat. Demi Lovato)","Clean Bandit",2552456,https://open.spotify.com/track/6kPJZM97LwdG9QIsT7khp6
15,SAD!,XXXTENTACION,2546997,https://open.spotify.com/track/3ee8Jmje8o58CHK66QrVC2
16,Rise,"Jonas Blue",2452452,https://open.spotify.com/track/3u1S1OmAUhx5DRlLrXqyp3
17,"Jackie Chan",Tiësto,2415759,https://open.spotify.com/track/4kWO6O1BUXcZmaxitpVUwp
18,"Better Now","Post Malone",2405764,https://open.spotify.com/track/7dt6x5M1jzdTEt8oCbisTK
19,"Body (feat. brando)","Loud Luxury",2291544,https://open.spotify.com/track/7K7MUBCnzgBAvMVW2RTWNs
20,Youngblood,"5 Seconds of Summer",2289204,https://open.spotify.com/track/2iUXsYOEPhVqEBwsqP70rE
21,"no tears left to cry","Ariana Grande",2226095,https://open.spotify.com/track/2qT1uLXPVPzGgFOx4jtEuo
22,"One Kiss (with Dua Lipa)","Calvin Harris",2121944,https://open.spotify.com/track/7ef4DlsgrMEH11cDZd32M6
23,"Te Boté - Remix","Nio Garcia",2059464,https://open.spotify.com/track/3V8UKqhEK5zBkBb6d6ub8i
24,STARGAZING,"Travis Scott",1999718,https://open.spotify.com/track/7wBJfHzpfI3032CSD7CE2m
25,Happier,Marshmello,1973682,https://open.spotify.com/track/2dpaYNEQHiRxtZbfNsse99
26,Moonlight,XXXTENTACION,1933904,https://open.spotify.com/track/0JP9xo3adEtGSdUEISiszL
27,Nonstop,Drake,1923306,https://open.spotify.com/track/0TlLq3lA83rQOYtrqBqSct
28,"Vaina Loca",Ozuna,1838929,https://open.spotify.com/track/1s2B5cndbqK8rPJEIcKJRQ
29,"Happy Now",Zedd,1795556,https://open.spotify.com/track/4keoy2fqgwGnbWlm3ZVZFa
30,"God's Plan",Drake,1738468,https://open.spotify.com/track/6DCZcSspjsKoFjzjrWoCdn
31,"Sin Pijama","Becky G",1684762,https://open.spotify.com/track/2ijef6ni2amuunRoKTlgww
32,"Beautiful (feat. Camila Cabello)",Bazzi,1625445,https://open.spotify.com/track/4VUwkH455At9kENOfzTqmF
33,"Be Alright","Dean Lewis",1602828,https://open.spotify.com/track/3EPXxR3ImUwfayaurPi3cm
34,everytime,"Ariana Grande",1578268,https://open.spotify.com/track/0WdR2AyLW1Drd3OUdwezM0
35,2002,Anne-Marie,1573228,https://open.spotify.com/track/2BgEsaKNfHUdlh97KmvFyo
36,"No Es Justo","J Balvin",1567578,https://open.spotify.com/track/5qFeMRz4TvetPmzjre9Dq7
37,"rockstar (feat. 21 Savage)","Post Malone",1557710,https://open.spotify.com/track/0e7ipj03S05BNilyu5bRzt
38,Nevermind,"Dennis Lloyd",1502869,https://open.spotify.com/track/63SevszngYpZOwf63o61K4
39,Shotgun,"George Ezra",1486939,https://open.spotify.com/track/4ofwffwvvnbSkrMSCKQDaC
40,sweetener,"Ariana Grande",1462866,https://open.spotify.com/track/70khXICDeTTxgYtw3EysKH
41,"Psycho (feat. Ty Dolla $ign)","Post Malone",1457734,https://open.spotify.com/track/3swc6WTsr7rl9DqQKQA55C
42,"Jocelyn Flores",XXXTENTACION,1448040,https://open.spotify.com/track/7m9OqQk4RVRkw9JJdeAw96
43,Clandestino,Shakira,1404221,https://open.spotify.com/track/7DrluKkTviBwCc8AV3VGmf
44,"Praise The Lord (Da Shine)","A$AP Rocky",1402398,https://open.spotify.com/track/7ycWLEP1GsNjVvcjawXz3z
45,"Born To Be Yours",Kygo,1391848,https://open.spotify.com/track/0kHyKhJMukHEPfeh8s7rdM
46,changes,XXXTENTACION,1374694,https://open.spotify.com/track/7AFASza1mXqntmGtbxXprO
47,"Nice For What",Drake,1369185,https://open.spotify.com/track/3CA9pLiwRIGtUBiMjbZmRw
48,"Back To You - From 13 Reasons Why – Season 2 Soundtrack","Selena Gomez",1346450,https://open.spotify.com/track/4hQ6UGyWQIGJmHSo0J88JW
49,"Ocean (feat. Khalid)","Martin Garrix",1276281,https://open.spotify.com/track/3nc420PXjTdBV5TN0gCFkS
50,"I'm a Mess","Bebe Rexha",1226959,https://open.spotify.com/track/04ZTP5KsCypmtCmQg5tH9R
51,"High Hopes","Panic! At The Disco",1222848,https://open.spotify.com/track/1rqqCSm0Qe4I9rUvWncaom
52,"Yes Indeed","Lil Baby",1190256,https://open.spotify.com/track/6vN77lE9LK6HP2DewaN6HZ
53,"Shape of You","Ed Sheeran",1168112,https://open.spotify.com/track/7qiZfU4dY1lWllzX7mPBI3
54,Natural,"Imagine Dragons",1134995,https://open.spotify.com/track/4zIO3ilp5HvTeK3HJHxhMP
55,"Don’t Matter To Me (with Michael Jackson)",Drake,1124107,https://open.spotify.com/track/6G8kHiVZ1jW7vHMPVRNZU0
56,"Fuck Love (feat. Trippie Redd)",XXXTENTACION,1101396,https://open.spotify.com/track/7AQim7LbvFVZJE3O8TYgf2
57,SWISH,Tyga,1099618,https://open.spotify.com/track/55GiOwtxNajXVbpjjIzMnD
58,IDGAF,"Dua Lipa",1088262,https://open.spotify.com/track/76cy1WJvNGJTj78UqeA5zr
59,"Don't Leave Me Alone (feat. Anne-Marie)","David Guetta",1078546,https://open.spotify.com/track/2lYTJK94hb0fd1LQtb6Dhk
60,"The Middle",Zedd,1076394,https://open.spotify.com/track/09IStsImFySgyp0pIQdqAc
61,R.E.M,"Ariana Grande",1049179,https://open.spotify.com/track/1xWH8zYtDeS9mW1JJG23VZ
62,Havana,"Camila Cabello",1040367,https://open.spotify.com/track/1rfofaqEpACxVEHIZBJe6W
63,"X - Remix","Nicky Jam",1038355,https://open.spotify.com/track/6JjPBQfI2Y8nIjnm65X6Pw
64,"Me Niego",Reik,1017580,https://open.spotify.com/track/6jA8JUuPCGYjFcgw0AoM5T
65,Darkside,"Alan Walker",1005016,https://open.spotify.com/track/1snWlbcbgQpJfknoI30DWG
66,"Wasted (feat. Lil Uzi Vert)","Juice WRLD",1003050,https://open.spotify.com/track/3obgSF06ki98lYNLNq5vCB
67,FRIENDS,Marshmello,999325,https://open.spotify.com/track/08bNPGLD8AhKpnnERrAc6G
68,"Cuando Te Besé","Becky G",998012,https://open.spotify.com/track/2XXMDz7SPZ4mSFN1PXfHUy
69,"lovely (with Khalid)","Billie Eilish",997605,https://open.spotify.com/track/0u2P5u6lvoDfwTYjAADbn4
70,"Thunderclouds with Sia, Diplo & Labrinth",Sia,991874,https://open.spotify.com/track/5a8RPWgKSmcGBGcffmIrUi
71,Believer,"Imagine Dragons",988639,https://open.spotify.com/track/0pqnGHJpmpxLKifKRmU6WP
72,"Look Alive (feat. Drake)","BlocBoy JB",985902,https://open.spotify.com/track/4qKcDkK6siZ7Jp1Jb4m0aL
73,Asesina,Brytiago,984567,https://open.spotify.com/track/6rbhaJsE4uLzpPf8WYSHDK
74,X,"Nicky Jam",981441,https://open.spotify.com/track/39N9RPD9MRb5WmoLzNzPeA
75,"Whenever (feat. Conor Maynard)","Kris Kross Amsterdam",969573,https://open.spotify.com/track/3DGar7krWlmrXRFHBcQF6z
76,"No Me Acuerdo",Thalía,958387,https://open.spotify.com/track/00EPIEnX1JFjff8sC6bccd
77,"All Girls Are The Same","Juice WRLD",956722,https://open.spotify.com/track/0XySogm94T51XF5F2jumXm
78,"Taking A Walk","Trippie Redd",951352,https://open.spotify.com/track/4mHgYpuGHu99Mw69E83CP2
79,"New Rules","Dua Lipa",949192,https://open.spotify.com/track/2ekn2ttSfGqwhhate0LSR0
80,"goodnight n go","Ariana Grande",945056,https://open.spotify.com/track/14kYOiFVPb7E7NfFbqhdln
81,"Lean Wit Me","Juice WRLD",939512,https://open.spotify.com/track/29tc0GbW0pTSBZSCZF3NWk
82,"La Player (Bandolera)","Zion & Lennox",936437,https://open.spotify.com/track/0VKkyBKCXyR99navhVRqcP
83,"1, 2, 3 (feat. Jason Derulo & De La Ghetto)","Sofia Reyes",915495,https://open.spotify.com/track/4QtiVmuA88tPQiCOHZuQ5b
84,"pete davidson","Ariana Grande",906640,https://open.spotify.com/track/0XOnMqLQDO89iAg7dWWwnG
85,Thunder,"Imagine Dragons",903868,https://open.spotify.com/track/1zB4vmk8tFRmM9UULNzbLB
86,"These Days (feat. Jess Glynne, Macklemore & Dan Caplen)",Rudimental,903847,https://open.spotify.com/track/5CLGzJsGqhCEECcpnFQA8x
87,Perfect,"Ed Sheeran",896594,https://open.spotify.com/track/0tgVpDi06FyKpA1z0VMD4v
88,"I Fall Apart","Post Malone",886526,https://open.spotify.com/track/75ZvA4QfFiZvzhj2xkaWAh
89,"Love Lies (with Normani)",Khalid,871043,https://open.spotify.com/track/45Egmo7icyopuzJN0oMEdk
90,YOSEMITE,"Travis Scott",865270,https://open.spotify.com/track/7lAK3oHbfEnvUQWosrMMpR
91,"BIG BANK (feat. 2 Chainz, Big Sean, Nicki Minaj)",YG,860640,https://open.spotify.com/track/0ZNrc4kNeQYD9koZ3KvCsy
92,"Everybody Dies In Their Nightmares",XXXTENTACION,856812,https://open.spotify.com/track/3GVkPk8mqxz0itaAriG1L7
93,Unica,Ozuna,848917,https://open.spotify.com/track/6752EZMgXswvRBH3N2PilO
94,"I Like Me Better",Lauv,848590,https://open.spotify.com/track/2P91MQbaiQOfbiz9VqhqKQ
95,Flames,"David Guetta",844993,https://open.spotify.com/track/33IOhptvC2Qoy2UhjiHXLV
96,"High On Life (feat. Bonn)","Martin Garrix",843180,https://open.spotify.com/track/4ut5G4rgB1ClpMTMfjoIuy
97,"Por Perro","Sebastian Yatra",840954,https://open.spotify.com/track/2alIsNw1mqEShbWyO1HXZZ
98,"Mala Mía",Maluma,817848,https://open.spotify.com/track/62o8KoI44JfN7aYxgTnPvh
99,"Meant to Be (feat. Florida Georgia Line)","Bebe Rexha",813079,https://open.spotify.com/track/4e4fqjx0Izh4svvTef1z7e
100,"Look At Me!",XXXTENTACION,812446,https://open.spotify.com/track/6eYxmK9fdL4hwLnXG2zY3s
101,successful,"Ariana Grande",808767,https://open.spotify.com/track/5YeHLHDdQ4nKHk81XFWhCU
102,"Estamos Bien","Bad Bunny",806145,https://open.spotify.com/track/7glCSQqV5o6NU88Cn4zPZn
103,"XO TOUR Llif3","Lil Uzi Vert",801108,https://open.spotify.com/track/7GX5flRQZVHRAGd6B4TmDO
104,"BUTTERFLY EFFECT","Travis Scott",794818,https://open.spotify.com/track/6xcJyGpfZbuuiequtnlKt4
105,"Side Effects (feat. Emily Warren)","The Chainsmokers",793021,https://open.spotify.com/track/5yNEdBlZMxpcVtGKz5NFk5
106,Mine,Bazzi,791996,https://open.spotify.com/track/7uzmGiiJyRfuViKKK3lVmR
107,"Tie Me Down (with Elley Duhé)",Gryffin,787867,https://open.spotify.com/track/4QVS8YCpK71R4FsxSMCjhP
108,"Dura - Remix","Daddy Yankee",787673,https://open.spotify.com/track/6U2NuJILEOEpW2tVCuqKHb
109,"Barbie Dreams","Nicki Minaj",784598,https://open.spotify.com/track/6Poyf51k7W3NKnsGwAI90B
110,"the light is coming (feat. Nicki Minaj)","Ariana Grande",784498,https://open.spotify.com/track/0sdbFOyfgAhAhWq8DpzkaW
111,OTW,Khalid,779737,https://open.spotify.com/track/6Hgh47WXVKtXN5zGOu0hjI
112,"Bed (feat. Ariana Grande)","Nicki Minaj",776088,https://open.spotify.com/track/3L4GsGLgxpHieVQH86H8bv
113,"Mi Cama - Remix","Karol G",774901,https://open.spotify.com/track/38QmUDpkoYlNbMKvpvAsrE
114,"Madura (feat. Bad Bunny)",Cosculluela,773849,https://open.spotify.com/track/0r9d60ZYPAlFHq8qnUtkXN
115,"raindrops (an angel cried)","Ariana Grande",766278,https://open.spotify.com/track/0v2LUO8oTHnkjQ8MmKuXyk
116,"better off","Ariana Grande",763265,https://open.spotify.com/track/3NbTQ8ZbHU6MSEVUFAVCJ9
117,"In My Blood","Shawn Mendes",759869,https://open.spotify.com/track/2QZ7WLBE8h2y1Y5Fb8RYbH
118,"I'm Upset",Drake,757654,https://open.spotify.com/track/3qN5qMTKyEEmiTZD38BNTT
119,"Too Good At Goodbyes","Sam Smith",741300,https://open.spotify.com/track/1mXVgsBdtIVeCLJnSnmtdV
120,"get well soon","Ariana Grande",739796,https://open.spotify.com/track/7u6DMPznGbpziuEgCE0JGQ
121,Hipócrita,"Anuel Aa",738864,https://open.spotify.com/track/6XBjCetHKdO5L9cwMDVffw
122,"WAKE UP","Travis Scott",737275,https://open.spotify.com/track/20MuVazoNMv6xjKPnRFOxG
123,Happier,"Ed Sheeran",732279,https://open.spotify.com/track/2RttW7RAu5nOAfq6YFvApB
124,Connection,OneRepublic,724776,https://open.spotify.com/track/3T4UodGkfZObJ43RtA5KFU
125,CAROUSEL,"Travis Scott",723028,https://open.spotify.com/track/7KZ5MMVgBVox9ycroB2UrI
126,"the remedy for a broken heart (why am I so in love)",XXXTENTACION,721997,https://open.spotify.com/track/4UKCKdYiLN6IMA5ZESUTL7
127,"La Cintura","Alvaro Soler",721363,https://open.spotify.com/track/19MBk3PbNFE36wqIqkMq9H
128,"I'm Yours","Jason Mraz",711340,https://open.spotify.com/track/3S0OXQeoh0w6AY8WQVckRW
129,Medicina,Anitta,710987,https://open.spotify.com/track/4R5xvs5X0phd0EYWyGigju
130,"Ball For Me (feat. Nicki Minaj)","Post Malone",709334,https://open.spotify.com/track/6IaieqiCVvsNvEt6Y7yOFa
131,Congratulations,"Post Malone",701119,https://open.spotify.com/track/3a1lNhkSLSkpJE4MSHpDu9
132,Celoso,"Lele Pons",695927,https://open.spotify.com/track/33zcmmElV1YbRZe57biUjg
133,"Mob Ties",Drake,694271,https://open.spotify.com/track/7rC5Pl8rQSX4myONQHYPBK
134,"Say You Won't Let Go","James Arthur",685999,https://open.spotify.com/track/5uCax9HTNlzGybIStD3vDh
135,Closer,"The Chainsmokers",684348,https://open.spotify.com/track/7BKLCZ1jbUBVqRi2FVlTVw
136,"Call Out My Name","The Weeknd",677907,https://open.spotify.com/track/1gm616Plq4ScqNi7TVkZ5N
137,"Remind Me to Forget",Kygo,672876,https://open.spotify.com/track/6xTU6B6nFwKKTSZ9ySXS80
138,HUMBLE.,"Kendrick Lamar",665755,https://open.spotify.com/track/7KXjTSCq5nL1LoYtL7XAwS
139,"STOP TRYING TO BE GOD","Travis Scott",663038,https://open.spotify.com/track/1xYpVRspgaLxdJLOTQkTjg
140,"Toda - Remix","Alex Rose",660609,https://open.spotify.com/track/7nD2JPaxIKUdxd2UWgnaGL
141,"blazed (feat. Pharrell Williams)","Ariana Grande",659646,https://open.spotify.com/track/4mLkiFppf8Xvem6BSY34qw
142,"borderline (feat. Missy Elliott)","Ariana Grande",655934,https://open.spotify.com/track/4b7mLZQWsy0rLnrMtPA9fQ
143,"Ric Flair Drip (& Metro Boomin)",Offset,654738,https://open.spotify.com/track/7sO5G9EABYOXQKNPNiE9NR
144,"you should see me in a crown","Billie Eilish",650627,https://open.spotify.com/track/6vsV4D8BM6PioRr1UOx0n2
145,Calypso,"Luis Fonsi",648244,https://open.spotify.com/track/4178A5NkEjcsGc64jpBO6d
146,"Mo Bamba","Sheck Wes",647500,https://open.spotify.com/track/3QybPutx0Tjk472bBKjNWn
147,"Plug Walk","Rich The Kid",645236,https://open.spotify.com/track/1ZAyjvIk9YiD76yYy0TEG6
148,"Bella - Remix",Wolfine,644911,https://open.spotify.com/track/0SaYeGhSXN0dDWstyNTQ56
149,"All The Stars (with SZA)","Kendrick Lamar",641825,https://open.spotify.com/track/3GCdLUSnKSMJhs4Tj6CV3s
150,"Te Amo","Piso 21",638787,https://open.spotify.com/track/2RVrdr062uLFxXwIxwdXPH
151,"Walk It Talk It",Migos,637120,https://open.spotify.com/track/6n4U3TlzUGhdSFbUUhTvLP
152,"CAN'T SAY","Travis Scott",636749,https://open.spotify.com/track/27a1mYSG5tYg7dmEjWBcmL
153,Hope,XXXTENTACION,634730,https://open.spotify.com/track/2ZRo7axmMPeSVUvDbGkJah
154,"Síguelo Bailando",Ozuna,633937,https://open.spotify.com/track/5Y9fnynLlIvqtM710MHzfz
155,"Only You (with Little Mix)","Cheat Codes",633380,https://open.spotify.com/track/54l9GJGQ1UCFKe2tzt1Vxt
156,"Something Just Like This","The Chainsmokers",631213,https://open.spotify.com/track/6RUKPb4LETWmmr3iAEQktW
157,"Quiere Beber","Anuel Aa",628962,https://open.spotify.com/track/3rPAD722s5FFNnwjC91t7Z
158,"Candy Paint","Post Malone",628844,https://open.spotify.com/track/32lItqlMi4LBhb4k0BaSaC
159,goosebumps,"Travis Scott",628741,https://open.spotify.com/track/6gBFPUFcJLzWGx4lenP6h2
160,Africa,Toto,625489,https://open.spotify.com/track/2374M0fQpWi3dLnB54qaLX
161,"W O R K I N M E",Quavo,619582,https://open.spotify.com/track/33tNYw9oMtSkGe27NpgS64
162,"Wake Me Up - Radio Edit",Avicii,616143,https://open.spotify.com/track/4h8VwCb1MTGoLKueQ1WgbD
163,"Hopeless Romantic (feat. Swae Lee)","Wiz Khalifa",614511,https://open.spotify.com/track/7IBSffWIu7P2MC7kMwy2FM
164,"Melodien (feat. Juju)","Capital Bra",612300,https://open.spotify.com/track/5d35jcJj7WjDQBOHCHPY6t
165,"What Lovers Do (feat. SZA)","Maroon 5",612102,https://open.spotify.com/track/0GxQ1A5L9xnMOytbP6eKBG
166,"Feel It Still","Portugal. The Man",609835,https://open.spotify.com/track/6QgjcU0zLnzq5OrUoSZ3OK
167,"Chica Paranormal","Paulo Londra",608041,https://open.spotify.com/track/2r77vqSZkOktTSgmAOoHsV
168,"One Dance",Drake,606083,https://open.spotify.com/track/1zi7xx7UVEFkmKfv06H8x0
169,MANTRA,"Bring Me The Horizon",603289,https://open.spotify.com/track/7dRj3sTBYkNbEx5kdNHriv
170,"No Quiero Amarte (feat. Zion & Lennox)","Justin Quiles",602489,https://open.spotify.com/track/5bITfqKGaPakO1l99hOMsI
171,"Nephew (feat. Lil Pump)",Smokepurpp,596748,https://open.spotify.com/track/0ibOcbkp2XG46Do8jcy0bL
172,"This Is America","Childish Gambino",596581,https://open.spotify.com/track/0b9oOr2ZgvyQu88wzixux9
173,"500 PS","Bonez MC",592559,https://open.spotify.com/track/641R77CBy4bOLGRcA9sgHy
174,"NO BYSTANDERS","Travis Scott",592510,https://open.spotify.com/track/6OaVWaGfhXn70ZJfdVcabn
175,APESHIT,"The Carters",591936,https://open.spotify.com/track/0E6PsO3ymCfUh7pJQjBgkj
176,"Wonderwall - Remastered",Oasis,590536,https://open.spotify.com/track/5qqabIl2vWzo9ApSC317sa
177,"Thinking Out Loud","Ed Sheeran",589042,https://open.spotify.com/track/1Slwb6dOYkBlWal1PGtnNg
178,"Perfect Duet (Ed Sheeran & Beyoncé)","Ed Sheeran",587770,https://open.spotify.com/track/1bhUWB0zJMIKr9yVPrkEuI
179,"Thru These Tears",LANY,586953,https://open.spotify.com/track/4gB61mP4tNChn4LgfquMhi
180,"Freaky Friday (feat. Chris Brown)","Lil Dicky",585666,https://open.spotify.com/track/10Igtw8bSDyyFs7KIsKngZ
181,"R.I.P. SCREW","Travis Scott",583856,https://open.spotify.com/track/4SZepBIPDRwPaHIjAKwRDb
182,"Blah Blah Blah","Armin van Buuren",582543,https://open.spotify.com/track/0tp6mwUt99QnfY95T30Lqj
183,"If You're Over Me","Years & Years",581097,https://open.spotify.com/track/1oc3jna2ablnfIKLYbKujl
184,Wolves,"Selena Gomez",578899,https://open.spotify.com/track/0tBbt8CrmxbjRP0pueQkyU
185,"Never Be the Same","Camila Cabello",577115,https://open.spotify.com/track/4eWQlBRaTjPPUlzacqEeoQ
186,Silence,Marshmello,575392,https://open.spotify.com/track/7vGuf3Y35N4wmASOKLUVVU
187,Photograph,"Ed Sheeran",566425,https://open.spotify.com/track/6fxVffaTuwjgEk5h9QyRjy
188,"Playinwitme (feat. Kehlani)",KYLE,565047,https://open.spotify.com/track/4F1yvJfQ7gJkrcgFJQDjOr
189,"Young Dumb & Broke",Khalid,561412,https://open.spotify.com/track/5Z3GHaZ6ec9bsiI5BenrbY
190,Dura,"Daddy Yankee",560800,https://open.spotify.com/track/6KuqAtoeVzxAYOaMveLNpH
191,Chun-Li,"Nicki Minaj",560751,https://open.spotify.com/track/1e4rwBPVI32vZtTJu7mJ4J
192,"Whatever It Takes","Imagine Dragons",560369,https://open.spotify.com/track/6Qn5zhYkTa37e91HC1D7lb
193,Culpables,"Manuel Turizo",559036,https://open.spotify.com/track/3RD0PGolM0mETGHaprwgMn
194,Unforgettable,"French Montana",558252,https://open.spotify.com/track/3B54sVLJ402zGa6Xm4YGNe
195,"Chanel (Go Get It) [feat. Gunna & Lil Baby]","Young Thug",555209,https://open.spotify.com/track/0kCBorRrKZkSztd9m0QI3r
196,"El Préstamo",Maluma,553558,https://open.spotify.com/track/2XVilv6s9GETnw9PG4T9Mz
197,"DDU-DU DDU-DU - KR Ver.",BLACKPINK,552544,https://open.spotify.com/track/2CWnuF7ht55Ajyeg4WPvWu
198,"All of Me","John Legend",545653,https://open.spotify.com/track/3uhBIQ7tv8j1FME8cFGEfG
199,JAPAN,"Famous Dex",545336,https://open.spotify.com/track/5PTG6rrL6EPFD9E2QMI2pl
200,"Échame La Culpa","Luis Fonsi",544889,https://open.spotify.com/track/2hl6q70unbviGo3g1R7uFx
