,,,"Note that these figures are generated using a formula that protects against any artificial inflation of chart positions.",
Position,"Track Name",Artist,Streams,URL
1,rockstar,"Post Malone",4346638,https://open.spotify.com/track/7wGoVu4Dady5GV0Sv4UIsx
2,Havana,"Camila Cabello",3673041,https://open.spotify.com/track/0ofbQMrRDsUaVKq2mGLEAb
3,"River (feat. Ed Sheeran)",Eminem,3427133,https://open.spotify.com/track/5UEnHoDYpsxlfzWLZIc7LD
4,"New Rules","Dua Lipa",3123858,https://open.spotify.com/track/2ekn2ttSfGqwhhate0LSR0
5,Wolves,"Selena Gomez",3036728,https://open.spotify.com/track/7EmGUiUaOSGDnUUQUDrOXC
6,"Him & I (with Halsey)",G-Eazy,2729252,https://open.spotify.com/track/5k38wzpLb15YgncyWdTZE4
7,"Échame La Culpa","Luis Fonsi",2724206,https://open.spotify.com/track/1zsG4eaZmkA1dvjDDsAGLK
8,"Let You Down",NF,2643462,https://open.spotify.com/track/6mrKP2jyIQmM0rw6fQryjr
9,Perfect,"Ed Sheeran",2638030,https://open.spotify.com/track/0tgVpDi06FyKpA1z0VMD4v
10,"What Lovers Do (feat. SZA)","Maroon 5",2534128,https://open.spotify.com/track/3hBBKuWJfxlIlnd9QFoC8k
11,"Too Good At Goodbyes","Sam Smith",2324976,https://open.spotify.com/track/1mXVgsBdtIVeCLJnSnmtdV
12,"Finesse (Remix) [feat. Cardi B]","Bruno Mars",2315640,https://open.spotify.com/track/3Vo4wInECJQuz9BIBMOu8i
13,Filthy,"Justin Timberlake",2273329,https://open.spotify.com/track/1L3NV7VrCiuE8C5QlhdeQL
14,Silence,Marshmello,2263321,https://open.spotify.com/track/7vGuf3Y35N4wmASOKLUVVU
15,"Shape of You","Ed Sheeran",2251882,https://open.spotify.com/track/7qiZfU4dY1lWllzX7mPBI3
16,"I Fall Apart","Post Malone",2235193,https://open.spotify.com/track/75ZvA4QfFiZvzhj2xkaWAh
17,"Perfect Duet (Ed Sheeran & Beyoncé)","Ed Sheeran",2232381,https://open.spotify.com/track/1bhUWB0zJMIKr9yVPrkEuI
18,"Gucci Gang","Lil Pump",2127086,https://open.spotify.com/track/43ZyHQITOjhciSUUNPVRHc
19,"All The Stars (with SZA)","Kendrick Lamar",2092936,https://open.spotify.com/track/66kQ7wr4d2LwwSjr7HXcyr
20,"Let Me Go (with Alesso, Florida Georgia Line & watt)","Hailee Steinfeld",2083300,https://open.spotify.com/track/5AEtlRudpgdT5FtNiuly6Y
21,"No Limit",G-Eazy,2016738,https://open.spotify.com/track/2DQ1ITjI0YoLFzuADN1ZBW
22,Corazón,Maluma,2013133,https://open.spotify.com/track/4lESS6vuruP6a79KWRaQou
23,"Dusk Till Dawn - Radio Edit",ZAYN,1904369,https://open.spotify.com/track/1j4kHkkpqZRBwE0A4CN4Yv
24,"Bartier Cardi (feat. 21 Savage)","Cardi B",1895182,https://open.spotify.com/track/75FDPwaULRdYDn4StFN2rT
25,Downtown,Anitta,1788994,https://open.spotify.com/track/3Ga6eKrUFf12ouh9Yw3v2D
26,Sensualidad,"Bad Bunny",1768307,https://open.spotify.com/track/5hcisvFMidkMJlElTO9Qmw
27,"Meant to Be (feat. Florida Georgia Line)","Bebe Rexha",1767592,https://open.spotify.com/track/7iDa6hUg2VgEL1o1HjmfBn
28,Thunder,"Imagine Dragons",1696598,https://open.spotify.com/track/0tKcYR2II1VCQWT79i5NrW
29,"I Miss You (feat. Julia Michaels)","Clean Bandit",1693379,https://open.spotify.com/track/2xmrfQpmS2iJExTlklLoAL
30,Criminal,"Natti Natasha",1689416,https://open.spotify.com/track/6Za3190Sbw39BBC77WSS1C
31,"How Long","Charlie Puth",1689021,https://open.spotify.com/track/32DGGj6KlNuBr6WaqRxpxi
32,"Young Dumb & Broke",Khalid,1596598,https://open.spotify.com/track/5Z3GHaZ6ec9bsiI5BenrbY
33,"XO TOUR Llif3","Lil Uzi Vert",1591852,https://open.spotify.com/track/7GX5flRQZVHRAGd6B4TmDO
34,"Candy Paint","Post Malone",1565988,https://open.spotify.com/track/42CeaId2XNlxugDvyqHfDf
35,Unforgettable,"French Montana",1507776,https://open.spotify.com/track/3B54sVLJ402zGa6Xm4YGNe
36,"Feel It Still","Portugal. The Man",1502002,https://open.spotify.com/track/6QgjcU0zLnzq5OrUoSZ3OK
37,"Mi Gente","J Balvin",1498629,https://open.spotify.com/track/2rb5MvYT7ZIxbKW5hfcHx8
38,Congratulations,"Post Malone",1497113,https://open.spotify.com/track/3a1lNhkSLSkpJE4MSHpDu9
39,"Déjala Que Vuelva (feat. Manuel Turizo)","Piso 21",1450798,https://open.spotify.com/track/33bnxcjePIkcmNjEFTJX0l
40,"Ric Flair Drip (& Metro Boomin)",Offset,1433622,https://open.spotify.com/track/7sO5G9EABYOXQKNPNiE9NR
41,1-800-273-8255,Logic,1424041,https://open.spotify.com/track/5tz69p7tJuGPeMGwNTxYuV
42,"Se Preparó",Ozuna,1410374,https://open.spotify.com/track/1m69ELEgE6k5ZWsap40ozt
43,Anywhere,"Rita Ora",1397463,https://open.spotify.com/track/7EI6Iki24tBHAMxtb4xQN2
44,"Never Be the Same","Camila Cabello",1390624,https://open.spotify.com/track/6VpQdig9pdpTSIFItgkJV5
45,Stargazing,Kygo,1388147,https://open.spotify.com/track/0Zbbxnx4SGGHoIow4PpISP
46,HUMBLE.,"Kendrick Lamar",1371296,https://open.spotify.com/track/7KXjTSCq5nL1LoYtL7XAwS
47,"So Far Away (feat. Jamie Scott & Romy Dya)","Martin Garrix",1370046,https://open.spotify.com/track/0OlnLZY4cmQzT6ZGttvWBM
48,Mayores,"Becky G",1326530,https://open.spotify.com/track/7JNh1cfm0eXjqFVOzKLyau
49,"Me Rehúso","Danny Ocean",1296385,https://open.spotify.com/track/6De0lHrwBfPfrhorm9q1Xl
50,"Man's Not Hot","Big Shaq",1284932,https://open.spotify.com/track/2nUJvBO87SkxCViQsLc9Zr
51,"For You (Fifty Shades Freed) (& Rita Ora)","Liam Payne",1272953,https://open.spotify.com/track/5hM6sP0Gh1jD57drszNueC
52,"Bank Account","21 Savage",1256323,https://open.spotify.com/track/2fQrGHiQOvpL9UgPvtYy6G
53,Attention,"Charlie Puth",1223910,https://open.spotify.com/track/4iLqG9SeJSnt0cSPICSjxv
54,"Something Just Like This","The Chainsmokers",1220473,https://open.spotify.com/track/6RUKPb4LETWmmr3iAEQktW
55,"Vai malandra (feat. Tropkillaz & DJ Yuri Martins)",Anitta,1169355,https://open.spotify.com/track/6u0EAxf1OJTLS7CvInuNd7
56,"Tip Toe (feat. French Montana)","Jason Derulo",1154313,https://open.spotify.com/track/2z4pcBLQXF2BXKFvd0BuB6
57,"All Falls Down","Alan Walker",1151689,https://open.spotify.com/track/5yFSF6qQA1rcLsQRnBsZgb
58,"Lonely Together (feat. Rita Ora)",Avicii,1148883,https://open.spotify.com/track/2OALaHcDdKkjYEpAr0Qzab
59,"Havana - Remix","Camila Cabello",1147335,https://open.spotify.com/track/3whrwq4DtvucphBPUogRuJ
60,"LOVE. FEAT. ZACARI.","Kendrick Lamar",1146738,https://open.spotify.com/track/6PGoSes0D9eUDeeAafB2As
61,"Sorry Not Sorry","Demi Lovato",1134073,https://open.spotify.com/track/3m660poUr1chesgkkjQM7P
62,"Codeine Dreaming (feat. Lil Wayne)","Kodak Black",1108310,https://open.spotify.com/track/4DTpngLjoHj5gFxEZFeD3J
63,"Despacito - Remix","Luis Fonsi",1106642,https://open.spotify.com/track/5CtI0qwDJkDQGwXD1H1cLb
64,"I Like Me Better",Lauv,1079014,https://open.spotify.com/track/1wjzFQodRWrPcQ0AnYnvQ9
65,"Perro Fiel (feat. Nicky Jam)",Shakira,1073143,https://open.spotify.com/track/70lnL3QaSOIIyMa2X9aVRL
66,MotorSport,Migos,1064080,https://open.spotify.com/track/1YZfcVLbbJwfizR5cDOp3q
67,"More Than You Know","Axwell /\ Ingrosso",1047520,https://open.spotify.com/track/71bBFbfn2OBK5QwUJSLS44
68,"Tell Me You Love Me","Demi Lovato",1045625,https://open.spotify.com/track/5Htb1uFQ1KrkFXlefS8oGj
69,Believer,"Imagine Dragons",1037274,https://open.spotify.com/track/0CcQNd8CINkwQfe1RDtGV6
70,"Bodak Yellow","Cardi B",1034154,https://open.spotify.com/track/2771LMNxwf62FTAdpJMQfM
71,"Home (with Machine Gun Kelly, X Ambassadors & Bebe Rexha)","Machine Gun Kelly",1030517,https://open.spotify.com/track/0OI7AFifLSoGzpb8bdBLLV
72,"Que Va","Alex Sensation",1009896,https://open.spotify.com/track/7ofxPmTNMj2GP07g1VZa0O
73,"Plain Jane","A$AP Ferg",988719,https://open.spotify.com/track/4dVpf9jZjcORqGTLUaeYj9
74,IDGAF,"Dua Lipa",983982,https://open.spotify.com/track/76cy1WJvNGJTj78UqeA5zr
75,"PICK IT UP (feat. A$AP Rocky)","Famous Dex",977798,https://open.spotify.com/track/3ncgNpxLoBQ65ABk4djDyd
76,"Friends (with BloodPop®)","Justin Bieber",970944,https://open.spotify.com/track/7nZmah2llfvLDiUjm0kiyz
77,"Báilame - Remix",Nacho,964411,https://open.spotify.com/track/3VClLWqNn80Llv0PJOsKgr
78,"Bum Bum Tam Tam","MC Fioti",961147,https://open.spotify.com/track/4zWO4gvuFtw6EJZC5FFGlr
79,"There's Nothing Holdin' Me Back","Shawn Mendes",945199,https://open.spotify.com/track/79cuOz3SPQTuFrp8WgftAu
80,"This Is Me","Keala Settle",919223,https://open.spotify.com/track/2xGjteMU3E1tkEPVFBO08U
81,"Suena El Dembow","Joey Montana",915733,https://open.spotify.com/track/5TysCiZtv1HnSWcTcUFusI
82,"Felices los 4",Maluma,909748,https://open.spotify.com/track/0qYTZCo5Bwh1nsUFGZP3zn
83,Betrayed,"Lil Xan",907567,https://open.spotify.com/track/6NWl2m8asvH83xjuXVNsuG
84,"Escápate Conmigo (feat. Ozuna)",Wisin,900056,https://open.spotify.com/track/1KSqYYJFyfTecXFk9M0prc
85,"Sky Walker",Miguel,897808,https://open.spotify.com/track/5WoaF1B5XIEnWfmb5NZikf
86,"Bad At Love",Halsey,892736,https://open.spotify.com/track/7y9iMe8SOB6z3NoHE2OfXl
87,"Rewrite The Stars","Zac Efron",881723,https://open.spotify.com/track/630sXRhIcfwr2e4RdNtjKN
88,"Say You Won't Let Go","James Arthur",879811,https://open.spotify.com/track/5uCax9HTNlzGybIStD3vDh
89,"BUTTERFLY EFFECT","Travis Scott",866657,https://open.spotify.com/track/1yxgsra98r3qAtxqiGZPiX
90,goosebumps,"Travis Scott",866040,https://open.spotify.com/track/6gBFPUFcJLzWGx4lenP6h2
91,"Jocelyn Flores",XXXTENTACION,860817,https://open.spotify.com/track/7m9OqQk4RVRkw9JJdeAw96
92,"Robarte un Beso","Carlos Vives",857903,https://open.spotify.com/track/0JcNysfWVWaMS7R6vzGB2k
93,"Real Friends","Camila Cabello",853635,https://open.spotify.com/track/4V6MRo0CEAC9MwAm7dkPuL
94,"Symphony (feat. Zara Larsson)","Clean Bandit",853153,https://open.spotify.com/track/1x5sYLZiu9r5E43kMlt9f8
95,"Galway Girl","Ed Sheeran",852573,https://open.spotify.com/track/0afhq8XCExXpqazXczTSve
96,Naked,"James Arthur",849794,https://open.spotify.com/track/7krbSH3rd8lhIZvuzTV3Bl
97,Feels,"Calvin Harris",844162,https://open.spotify.com/track/5bcTCxgc7xVfSaMV3RuVke
98,"Strip That Down","Liam Payne",840129,https://open.spotify.com/track/6EpRaXYhGOB3fj4V2uDkMJ
99,"End Game","Taylor Swift",839763,https://open.spotify.com/track/2x0WlnmfG39ZuDmstl9xfX
100,"That's What I Like","Bruno Mars",839451,https://open.spotify.com/track/0KKkJNfGyhkQ5aFogxQAPU
101,SUTRA,"Sebastian Yatra",828279,https://open.spotify.com/track/5TmZYdHW6HJ9gt7Aokuql5
102,Location,Khalid,823656,https://open.spotify.com/track/152lZdxL1OR0ZMW6KquMif
103,"I'm the One (feat. Justin Bieber, Quavo, Chance the Rapper & Lil Wayne)","DJ Khaled",812978,https://open.spotify.com/track/3DXncPQOG4VBw3QHh3S817
104,Vuelve,"Daddy Yankee",811951,https://open.spotify.com/track/0lJCqIx5BhZtf6QtYI2fbv
105,"The Greatest Show","Hugh Jackman",805942,https://open.spotify.com/track/43ay9lQZ5rfNcOOHhRF2cM
106,Bella,Wolfine,791642,https://open.spotify.com/track/4R55IUi2x7S5ek2SpebOiE
107,"MIC Drop (feat. Desiigner) [Steve Aoki Remix]",BTS,789757,https://open.spotify.com/track/7Ed6BkggCS2KaKY5YlINaF
108,"Glorious (feat. Skylar Grey)",Macklemore,788025,https://open.spotify.com/track/0CokSRCu5hZgPxcZBaEzVE
109,Designer,"Lil Pump",787658,https://open.spotify.com/track/4xKdh72z7sb51GRyHii3B6
110,"Bella y Sensual","Romeo Santos",782607,https://open.spotify.com/track/0ERbK7qVqveCaBWIiYCrl3
111,Bonita,"J Balvin",780945,https://open.spotify.com/track/693iqPOQvhI7PobtR8CC8v
112,"Wild Thoughts (feat. Rihanna & Bryson Tiller)","DJ Khaled",780734,https://open.spotify.com/track/1OAh8uOEOvTDqkKFsKksCi
113,"Despacito (Featuring Daddy Yankee)","Luis Fonsi",779909,https://open.spotify.com/track/4aWmUDTfIPGksMNLV2rQP2
114,"Look What You Made Me Do","Taylor Swift",770357,https://open.spotify.com/track/5troof8mcGO3AafoDbk1gc
115,"I Get The Bag (feat. Migos)","Gucci Mane",769102,https://open.spotify.com/track/1XRgIKC5TPwo7nWGyKqgG0
116,Closer,"The Chainsmokers",764454,https://open.spotify.com/track/7BKLCZ1jbUBVqRi2FVlTVw
117,"It Ain't Me (with Selena Gomez)",Kygo,760500,https://open.spotify.com/track/3eR23VReFzcdmS7TYCrhCe
118,Mama,"Jonas Blue",756578,https://open.spotify.com/track/0NiXXAI876aGImAd6rTj8w
119,Wait,"Maroon 5",750632,https://open.spotify.com/track/1Qg9jWGDkKAGZXj5v2OG59
120,Photograph,"Ed Sheeran",742322,https://open.spotify.com/track/6fxVffaTuwjgEk5h9QyRjy
121,"Whatever It Takes","Imagine Dragons",738254,https://open.spotify.com/track/4IWAyPf1KMq7JCyGeCjTeH
122,"Go Flex","Post Malone",733552,https://open.spotify.com/track/5yuShbu70mtHXY0yLzCQLQ
123,"Stir Fry",Migos,726528,https://open.spotify.com/track/4fndbjoz1qJyK6JcLdKfzm
124,"Swalla (feat. Nicki Minaj & Ty Dolla $ign)","Jason Derulo",719919,https://open.spotify.com/track/6kex4EBAj0WHXDKZMEJaaF
125,Sober,G-Eazy,717345,https://open.spotify.com/track/3qk4wRMDlaeagZGjSYbsOV
126,"Never Enough","Loren Allred",715066,https://open.spotify.com/track/0Gl5s8IhMmQE5YQwM8Qx1J
127,"Without You (feat. Sandro Cavazza)",Avicii,714710,https://open.spotify.com/track/6WbADFqMvR8N5u0BvtsWQE
128,"Dirty Sexy Money (feat. Charli XCX & French Montana)","David Guetta",711574,https://open.spotify.com/track/0tPQPaOKM32WgMSbPCYyRH
129,"What About Us",P!nk,710838,https://open.spotify.com/track/0Qh38w01QRXK6KHIv0e3hb
130,"Una Lady Como Tú","Manuel Turizo",710202,https://open.spotify.com/track/7MHN1aCFtLXjownGhvEQlF
131,"A Million Dreams","Ziv Zaifman",699944,https://open.spotify.com/track/0RoA7ObU6phWpqhlC9zH4Z
132,"Mask Off",Future,694918,https://open.spotify.com/track/0VgkVdmE4gld66l8iyGjgx
133,"Thinking Out Loud","Ed Sheeran",691869,https://open.spotify.com/track/1Slwb6dOYkBlWal1PGtnNg
134,"If You Leave Me Now (feat. Boyz II Men)","Charlie Puth",686041,https://open.spotify.com/track/2iLGgm4O5Hia8aSfSzXS3H
135,"3 A.M.","Jesse & Joy",678473,https://open.spotify.com/track/0yyZN5ASdrYu0XYWFzfxUu
136,"I Don’t Wanna Live Forever (Fifty Shades Darker) - From ""Fifty Shades Darker (Original Motion Picture Soundtrack)""",ZAYN,676142,https://open.spotify.com/track/3NdDpSvN911VPGivFlV5d0
137,"Ahora Dice","Chris Jeday",662348,https://open.spotify.com/track/22eADXu8DfOAUEDw4vU8qy
138,"One Dance",Drake,661399,https://open.spotify.com/track/1xznGGDReH1oQq0xzbwXa3
139,Stay,Zedd,661125,https://open.spotify.com/track/0I20rLT2MJDhcF96AjbNYo
140,Starboy,"The Weeknd",649981,https://open.spotify.com/track/5aAx2yezTd8zXrkmtKl66Z
141,"Fuck Love (feat. Trippie Redd)",XXXTENTACION,646619,https://open.spotify.com/track/7AQim7LbvFVZJE3O8TYgf2
142,"Back to You (feat. Bebe Rexha & Digital Farm Animals)","Louis Tomlinson",644985,https://open.spotify.com/track/7F9vK8hNFMml4GtHsaXui6
143,"Castle on the Hill","Ed Sheeran",644625,https://open.spotify.com/track/6PCUP3dWmTjcTtXY02oFdT
144,Issues,"Julia Michaels",642488,https://open.spotify.com/track/7vu0JkJh0ldukEYbTVcqd0
145,"White Iverson","Post Malone",639844,https://open.spotify.com/track/6eT7xZZlB2mwyzJ2sUKG6w
146,"Roll In Peace (feat. XXXTENTACION)","Kodak Black",637230,https://open.spotify.com/track/40oKW22ZNNkEdZLJTScaQI
147,Dreamer,"Axwell /\ Ingrosso",636277,https://open.spotify.com/track/0RTzJVkunbGwuRjXDFHnjf
148,"The Other Side","Hugh Jackman",634523,https://open.spotify.com/track/2cKovq3l6OJjhVVDbVKOsr
149,"Pretty Girl - Cheat Codes X CADE Remix","Maggie Lindemann",629064,https://open.spotify.com/track/1NDxZ7cFAo481dtYWdrUnR
150,"Ghostface Killers","21 Savage",618529,https://open.spotify.com/track/5u6vkDnOyaf8LsteDAj2ub
151,Explícale,Yandel,616540,https://open.spotify.com/track/1LszjjoVwDDZcWUQbzeDLG
152,"Scared to Be Lonely","Martin Garrix",610310,https://open.spotify.com/track/3ebXMykcMXOcLeJ9xZ17XH
153,"The Way Life Goes (feat. Oh Wonder)","Lil Uzi Vert",609296,https://open.spotify.com/track/2eAZfqOm4EnOF9VvN50Tyc
154,"2U (feat. Justin Bieber)","David Guetta",609130,https://open.spotify.com/track/3A7qX2QjDlPnazUsRk5y0M
155,"Tú Foto",Ozuna,608247,https://open.spotify.com/track/5zSOVwaY3sVjnmLhuEfsuf
156,Saint,"Huncho Jack",608030,https://open.spotify.com/track/7foypmc7KZyU716Yv63BPe
157,Redbone,"Childish Gambino",607269,https://open.spotify.com/track/3kxfsdsCpFgN412fpnW85Y
158,"Slow Hands","Niall Horan",606899,https://open.spotify.com/track/38yBBH2jacvDxrznF7h08J
159,"Slippery (feat. Gucci Mane)",Migos,606757,https://open.spotify.com/track/6p8NuHm8uCGnn2Dtbtf7zE
160,"A Different Way (with Lauv)","DJ Snake",606255,https://open.spotify.com/track/0Wv5wuenRLI3BcwgT3HPIP
161,DNA.,"Kendrick Lamar",604657,https://open.spotify.com/track/6HZILIRieu8S0iqY8kIKhj
162,"No Promises (feat. Demi Lovato)","Cheat Codes",602783,https://open.spotify.com/track/1louJpMmzEicAn7lzDalPW
163,"Too Much To Ask","Niall Horan",602304,https://open.spotify.com/track/4v094LQ9eF10k2O2Te2ngK
164,Happier,"Ed Sheeran",600027,https://open.spotify.com/track/2RttW7RAu5nOAfq6YFvApB
165,"Your Song","Rita Ora",598783,https://open.spotify.com/track/4c2W3VKsOFoIg2SFaO6DY5
166,"Reggaetón Lento (Remix)",CNCO,597526,https://open.spotify.com/track/5PB8zB1MOZASboLquvinMF
167,"Wanted You (feat. Lil Uzi Vert)",NAV,595893,https://open.spotify.com/track/790MhTXPFrYkrqCKvpg4t1
168,"Rockabye (feat. Sean Paul & Anne-Marie)","Clean Bandit",586663,https://open.spotify.com/track/5knuzwU65gJK7IF5yJsuaW
169,"Mi Gente (feat. Beyoncé)","J Balvin",584778,https://open.spotify.com/track/7fwXWKdDNI5IutOMc5OKYw
170,Passionfruit,Drake,583313,https://open.spotify.com/track/7hDc8b7IXETo14hHIHdnhd
171,"La Modelo",Ozuna,580939,https://open.spotify.com/track/2m2ZGfJcs3lHWNPzhWH3XH
172,"I Feel It Coming","The Weeknd",575352,https://open.spotify.com/track/5GXAXm5YOmYT0kL5jHvYBt
173,"24K Magic","Bruno Mars",571817,https://open.spotify.com/track/6b8Be6ljOzmkOmFslEb23P
174,"The Weekend - Funk Wav Remix",SZA,567380,https://open.spotify.com/track/0P6AWOA4LG1XOctzaVu5tt
175,"Walk On Water (feat. Beyoncé)",Eminem,564195,https://open.spotify.com/track/5PIBgH1cUFwu5IiUk9tnN9
176,"Déjate Llevar","Juan Magán",561924,https://open.spotify.com/track/3xWEI23MLJrD0dpDcDUTW6
177,Paris,"The Chainsmokers",552743,https://open.spotify.com/track/72jbDTw1piOOj770jWNeaG
178,"...Ready For It?","Taylor Swift",550351,https://open.spotify.com/track/2yLa0QULdQr0qAIvVwN6B5
179,"Good Old Days (feat. Kesha)",Macklemore,544126,https://open.spotify.com/track/2Za1AlJNvksouPPWbXpR2X
180,"Quiero Repetir",Ozuna,543151,https://open.spotify.com/track/0MIcPSq9n2z5H8TAfEstri
181,"Lose Yourself - From ""8 Mile"" Soundtrack",Eminem,541836,https://open.spotify.com/track/7w9bgPAmPTtrkt2v16QWvQ
182,"Sucker for You","Matt Terry",538225,https://open.spotify.com/track/4vkVvmjIiQibQ6zJnC1Q9z
183,"El Farsante",Ozuna,534852,https://open.spotify.com/track/5EId1m4DNwTf3at31w8bPJ
184,"Come Alive","Hugh Jackman",533789,https://open.spotify.com/track/5xNUR50KxswPRAvx7S163g
185,"Look At Me!",XXXTENTACION,532662,https://open.spotify.com/track/6eYxmK9fdL4hwLnXG2zY3s
186,"Bad and Boujee (feat. Lil Uzi Vert)",Migos,531240,https://open.spotify.com/track/4Km5HrUvYTaSUfiSGPJeQR
187,"Síguelo Bailando",Ozuna,530924,https://open.spotify.com/track/5Y9fnynLlIvqtM710MHzfz
188,Delicate,"Taylor Swift",530807,https://open.spotify.com/track/6NFyWDv5CjfwuzoCkw47Xf
189,"There for You","Martin Garrix",527721,https://open.spotify.com/track/6jA8HL9i4QGzsj6fjoxp8Y
190,GUMMO,6ix9ine,526529,https://open.spotify.com/track/2vjmyyAnDUzilFYxOlTdO1
191,"Sign of the Times","Harry Styles",525468,https://open.spotify.com/track/5Ohxk2dO5COHF1krpoPigN
192,"Dubai Shit","Huncho Jack",523544,https://open.spotify.com/track/6urLjX35oXXRYtcH1b3dCh
193,"Nowadays (feat. Landon Cube)","Lil Skies",522240,https://open.spotify.com/track/689uBlyIufk2LUhAwjny4w
194,Chambea,"Bad Bunny",521342,https://open.spotify.com/track/6ElmxV9B2mSNscEjP27M7i
195,"CAN'T STOP THE FEELING! (Original Song from DreamWorks Animation's ""TROLLS"")","Justin Timberlake",520993,https://open.spotify.com/track/6JV2JOEocMgcZxYSZelKcc
196,"From Now On","Hugh Jackman",519401,https://open.spotify.com/track/3IkWmgGsXbsafrunwPojXO
197,"Loco Enamorado","Abraham Mateo",513939,https://open.spotify.com/track/4N1c5rmWOzRmB9SMacr5wB
198,"We Don't Talk Anymore (feat. Selena Gomez)","Charlie Puth",513029,https://open.spotify.com/track/68EMU2RD1ECNeOeJ5qAXCV
199,"Hey DJ",CNCO,512596,https://open.spotify.com/track/209gZgcfLq2aUuu51vOWBl
200,"Como Antes",Yandel,508944,https://open.spotify.com/track/5YzA563GXTuwQaRq24z1k5
