,,,"Note that these figures are generated using a formula that protects against any artificial inflation of chart positions.",
Position,"Track Name",Artist,Streams,URL
1,"In My Feelings",Drake,5950534,https://open.spotify.com/track/2G7V7zsVDxg1yRsu7Ew9RJ
2,"No Brainer","DJ Khaled",3635171,https://open.spotify.com/track/5WvAo7DNuPRmk4APhdPzi8
3,"Girls Like You (feat. Cardi B)","Maroon 5",3499596,https://open.spotify.com/track/7fa9MBXhVfQ8P8Df9OEbD8
4,"FEFE (feat. Nicki Minaj & Murda Beatz)",6ix9ine,3493798,https://open.spotify.com/track/2E124GmJRnBJuXbTb4cPUB
5,"SICKO MODE","Travis Scott",3471500,https://open.spotify.com/track/2xLMifQCjDGFmkHkpNLD9h
6,"Lucid Dreams","Juice WRLD",3245571,https://open.spotify.com/track/0s3nnoMeVWz3989MkNQiRf
7,"Eastside (with Halsey & Khalid)","benny blanco",3188435,https://open.spotify.com/track/0d2iYfpKoM0QCKvcLCkBao
8,"I Like It","Cardi B",3007270,https://open.spotify.com/track/58q2HKrzhC3ozto2nDdN4z
9,"In My Mind",Dynoro,2854269,https://open.spotify.com/track/0E9ZjEAyAwOXZ7wJC0PD33
10,"Taste (feat. Offset)",Tyga,2836843,https://open.spotify.com/track/5IaHrVsrferBYDm0bDyABy
11,SAD!,XXXTENTACION,2725990,https://open.spotify.com/track/3ee8Jmje8o58CHK66QrVC2
12,"Solo (feat. Demi Lovato)","Clean Bandit",2709223,https://open.spotify.com/track/6kPJZM97LwdG9QIsT7khp6
13,Rise,"Jonas Blue",2606744,https://open.spotify.com/track/3u1S1OmAUhx5DRlLrXqyp3
14,"Better Now","Post Malone",2596487,https://open.spotify.com/track/7dt6x5M1jzdTEt8oCbisTK
15,"Jackie Chan",Tiësto,2536936,https://open.spotify.com/track/4kWO6O1BUXcZmaxitpVUwp
16,"God is a woman","Ariana Grande",2506404,https://open.spotify.com/track/7gkWXbAxIYuvtOpcN3p9GJ
17,Youngblood,"5 Seconds of Summer",2431183,https://open.spotify.com/track/2iUXsYOEPhVqEBwsqP70rE
18,STARGAZING,"Travis Scott",2344060,https://open.spotify.com/track/7wBJfHzpfI3032CSD7CE2m
19,"One Kiss (with Dua Lipa)","Calvin Harris",2312034,https://open.spotify.com/track/7ef4DlsgrMEH11cDZd32M6
20,"Body (feat. brando)","Loud Luxury",2197358,https://open.spotify.com/track/7K7MUBCnzgBAvMVW2RTWNs
21,"Te Boté - Remix","Nio Garcia",2180534,https://open.spotify.com/track/3V8UKqhEK5zBkBb6d6ub8i
22,Nonstop,Drake,1954209,https://open.spotify.com/track/0TlLq3lA83rQOYtrqBqSct
23,Moonlight,XXXTENTACION,1944817,https://open.spotify.com/track/0JP9xo3adEtGSdUEISiszL
24,"Sin Pijama","Becky G",1882653,https://open.spotify.com/track/2ijef6ni2amuunRoKTlgww
25,"Vaina Loca",Ozuna,1869103,https://open.spotify.com/track/1s2B5cndbqK8rPJEIcKJRQ
26,"God's Plan",Drake,1825061,https://open.spotify.com/track/6DCZcSspjsKoFjzjrWoCdn
27,"Happy Now",Zedd,1756472,https://open.spotify.com/track/4keoy2fqgwGnbWlm3ZVZFa
28,"Beautiful (feat. Camila Cabello)",Bazzi,1691782,https://open.spotify.com/track/4VUwkH455At9kENOfzTqmF
29,2002,Anne-Marie,1633461,https://open.spotify.com/track/2BgEsaKNfHUdlh97KmvFyo
30,"No Es Justo","J Balvin",1594483,https://open.spotify.com/track/5qFeMRz4TvetPmzjre9Dq7
31,"Ocean (feat. Khalid)","Martin Garrix",1577018,https://open.spotify.com/track/3nc420PXjTdBV5TN0gCFkS
32,Nevermind,"Dennis Lloyd",1563355,https://open.spotify.com/track/63SevszngYpZOwf63o61K4
33,"Born To Be Yours",Kygo,1561837,https://open.spotify.com/track/0kHyKhJMukHEPfeh8s7rdM
34,"rockstar (feat. 21 Savage)","Post Malone",1512438,https://open.spotify.com/track/0e7ipj03S05BNilyu5bRzt
35,"Be Alright","Dean Lewis",1502540,https://open.spotify.com/track/3EPXxR3ImUwfayaurPi3cm
36,"Back To You - From 13 Reasons Why – Season 2 Soundtrack","Selena Gomez",1490076,https://open.spotify.com/track/4hQ6UGyWQIGJmHSo0J88JW
37,"Psycho (feat. Ty Dolla $ign)","Post Malone",1485102,https://open.spotify.com/track/3swc6WTsr7rl9DqQKQA55C
38,"Nice For What",Drake,1484948,https://open.spotify.com/track/3CA9pLiwRIGtUBiMjbZmRw
39,"no tears left to cry","Ariana Grande",1454533,https://open.spotify.com/track/5SxkdsY1ufZzoq9iXceLw9
40,"Jocelyn Flores",XXXTENTACION,1445946,https://open.spotify.com/track/7m9OqQk4RVRkw9JJdeAw96
41,Clandestino,Shakira,1429711,https://open.spotify.com/track/7DrluKkTviBwCc8AV3VGmf
42,"Praise The Lord (Da Shine)","A$AP Rocky",1428146,https://open.spotify.com/track/7ycWLEP1GsNjVvcjawXz3z
43,Shotgun,"George Ezra",1425226,https://open.spotify.com/track/4ofwffwvvnbSkrMSCKQDaC
44,changes,XXXTENTACION,1397465,https://open.spotify.com/track/7AFASza1mXqntmGtbxXprO
45,"I Say a Little Prayer","Aretha Franklin",1314723,https://open.spotify.com/track/3NfxSdJnVdon1axzloJgba
46,"Don’t Matter To Me (with Michael Jackson)",Drake,1313685,https://open.spotify.com/track/6G8kHiVZ1jW7vHMPVRNZU0
47,Respect,"Aretha Franklin",1278336,https://open.spotify.com/track/7s25THrKz86DM225dOYwnr
48,"I'm a Mess","Bebe Rexha",1266777,https://open.spotify.com/track/04ZTP5KsCypmtCmQg5tH9R
49,"X - Remix","Nicky Jam",1260203,https://open.spotify.com/track/6JjPBQfI2Y8nIjnm65X6Pw
50,"Shape of You","Ed Sheeran",1246492,https://open.spotify.com/track/7qiZfU4dY1lWllzX7mPBI3
51,"Yes Indeed","Lil Baby",1231686,https://open.spotify.com/track/6vN77lE9LK6HP2DewaN6HZ
52,"Don't Leave Me Alone (feat. Anne-Marie)","David Guetta",1215324,https://open.spotify.com/track/2lYTJK94hb0fd1LQtb6Dhk
53,"Taking A Walk","Trippie Redd",1191937,https://open.spotify.com/track/4mHgYpuGHu99Mw69E83CP2
54,SWISH,Tyga,1158316,https://open.spotify.com/track/55GiOwtxNajXVbpjjIzMnD
55,"High Hopes","Panic! At The Disco",1153360,https://open.spotify.com/track/1rqqCSm0Qe4I9rUvWncaom
56,"The Middle",Zedd,1141586,https://open.spotify.com/track/09IStsImFySgyp0pIQdqAc
57,Natural,"Imagine Dragons",1107779,https://open.spotify.com/track/4zIO3ilp5HvTeK3HJHxhMP
58,X,"Nicky Jam",1088663,https://open.spotify.com/track/39N9RPD9MRb5WmoLzNzPeA
59,FRIENDS,Marshmello,1086070,https://open.spotify.com/track/08bNPGLD8AhKpnnERrAc6G
60,"Me Niego",Reik,1082881,https://open.spotify.com/track/6jA8JUuPCGYjFcgw0AoM5T
61,"Thunderclouds with Sia, Diplo & Labrinth",Sia,1078141,https://open.spotify.com/track/5a8RPWgKSmcGBGcffmIrUi
62,"Fuck Love (feat. Trippie Redd)",XXXTENTACION,1063568,https://open.spotify.com/track/7AQim7LbvFVZJE3O8TYgf2
63,IDGAF,"Dua Lipa",1063060,https://open.spotify.com/track/76cy1WJvNGJTj78UqeA5zr
64,"Cuando Te Besé","Becky G",1056577,https://open.spotify.com/track/2XXMDz7SPZ4mSFN1PXfHUy
65,Havana,"Camila Cabello",1052401,https://open.spotify.com/track/1rfofaqEpACxVEHIZBJe6W
66,"lovely (with Khalid)","Billie Eilish",1038613,https://open.spotify.com/track/0u2P5u6lvoDfwTYjAADbn4
67,Darkside,"Alan Walker",1029535,https://open.spotify.com/track/1snWlbcbgQpJfknoI30DWG
68,"Barbie Dreams","Nicki Minaj",1017881,https://open.spotify.com/track/6Poyf51k7W3NKnsGwAI90B
69,"Look Alive (feat. Drake)","BlocBoy JB",1016414,https://open.spotify.com/track/4qKcDkK6siZ7Jp1Jb4m0aL
70,YOSEMITE,"Travis Scott",1004599,https://open.spotify.com/track/7lAK3oHbfEnvUQWosrMMpR
71,Believer,"Imagine Dragons",996781,https://open.spotify.com/track/0pqnGHJpmpxLKifKRmU6WP
72,"1, 2, 3 (feat. Jason Derulo & De La Ghetto)","Sofia Reyes",995237,https://open.spotify.com/track/4QtiVmuA88tPQiCOHZuQ5b
73,"La Player (Bandolera)","Zion & Lennox",981279,https://open.spotify.com/track/0VKkyBKCXyR99navhVRqcP
74,"Bed (feat. Ariana Grande)","Nicki Minaj",979616,https://open.spotify.com/track/3L4GsGLgxpHieVQH86H8bv
75,Asesina,Brytiago,966621,https://open.spotify.com/track/6rbhaJsE4uLzpPf8WYSHDK
76,"New Rules","Dua Lipa",965743,https://open.spotify.com/track/2ekn2ttSfGqwhhate0LSR0
77,"Wasted (feat. Lil Uzi Vert)","Juice WRLD",947148,https://open.spotify.com/track/3obgSF06ki98lYNLNq5vCB
78,"(You Make Me Feel Like) A Natural Woman","Aretha Franklin",940953,https://open.spotify.com/track/5K09WxKdlkroDyEVyOSySy
79,"All Girls Are The Same","Juice WRLD",936726,https://open.spotify.com/track/0XySogm94T51XF5F2jumXm
80,Flames,"David Guetta",930103,https://open.spotify.com/track/33IOhptvC2Qoy2UhjiHXLV
81,Thunder,"Imagine Dragons",918533,https://open.spotify.com/track/1zB4vmk8tFRmM9UULNzbLB
82,"These Days (feat. Jess Glynne, Macklemore & Dan Caplen)",Rudimental,911687,https://open.spotify.com/track/5CLGzJsGqhCEECcpnFQA8x
83,Perfect,"Ed Sheeran",911123,https://open.spotify.com/track/0tgVpDi06FyKpA1z0VMD4v
84,"WAKE UP","Travis Scott",900708,https://open.spotify.com/track/20MuVazoNMv6xjKPnRFOxG
85,"Whenever (feat. Conor Maynard)","Kris Kross Amsterdam",899508,https://open.spotify.com/track/3DGar7krWlmrXRFHBcQF6z
86,"BUTTERFLY EFFECT","Travis Scott",895703,https://open.spotify.com/track/6xcJyGpfZbuuiequtnlKt4
87,"Mala Mía",Maluma,889062,https://open.spotify.com/track/62o8KoI44JfN7aYxgTnPvh
88,Think,"Aretha Franklin",887507,https://open.spotify.com/track/4yQw7FR9lcvL6RHtegbJBh
89,"No Me Acuerdo",Thalía,883957,https://open.spotify.com/track/00EPIEnX1JFjff8sC6bccd
90,"Love Lies (with Normani)",Khalid,881877,https://open.spotify.com/track/45Egmo7icyopuzJN0oMEdk
91,"Por Perro","Sebastian Yatra",866651,https://open.spotify.com/track/2alIsNw1mqEShbWyO1HXZZ
92,"BIG BANK (feat. 2 Chainz, Big Sean, Nicki Minaj)",YG,865515,https://open.spotify.com/track/0ZNrc4kNeQYD9koZ3KvCsy
93,Unica,Ozuna,865257,https://open.spotify.com/track/6752EZMgXswvRBH3N2PilO
94,CAROUSEL,"Travis Scott",863939,https://open.spotify.com/track/7KZ5MMVgBVox9ycroB2UrI
95,"I Fall Apart","Post Malone",859754,https://open.spotify.com/track/75ZvA4QfFiZvzhj2xkaWAh
96,"Estamos Bien","Bad Bunny",854519,https://open.spotify.com/track/7glCSQqV5o6NU88Cn4zPZn
97,"High On Life (feat. Bonn)","Martin Garrix",845096,https://open.spotify.com/track/4ut5G4rgB1ClpMTMfjoIuy
98,"Dura - Remix","Daddy Yankee",837716,https://open.spotify.com/track/6U2NuJILEOEpW2tVCuqKHb
99,"Everybody Dies In Their Nightmares",XXXTENTACION,834589,https://open.spotify.com/track/3GVkPk8mqxz0itaAriG1L7
100,"Side Effects (feat. Emily Warren)","The Chainsmokers",833882,https://open.spotify.com/track/5yNEdBlZMxpcVtGKz5NFk5
101,"Meant to Be (feat. Florida Georgia Line)","Bebe Rexha",828574,https://open.spotify.com/track/4e4fqjx0Izh4svvTef1z7e
102,"XO TOUR Llif3","Lil Uzi Vert",818728,https://open.spotify.com/track/7GX5flRQZVHRAGd6B4TmDO
103,"I'm Upset",Drake,818664,https://open.spotify.com/track/3qN5qMTKyEEmiTZD38BNTT
104,"Only You (with Little Mix)","Cheat Codes",817379,https://open.spotify.com/track/54l9GJGQ1UCFKe2tzt1Vxt
105,"Madura (feat. Bad Bunny)",Cosculluela,816179,https://open.spotify.com/track/0r9d60ZYPAlFHq8qnUtkXN
106,"Lean Wit Me","Juice WRLD",814487,https://open.spotify.com/track/29tc0GbW0pTSBZSCZF3NWk
107,"Mi Cama - Remix","Karol G",814406,https://open.spotify.com/track/38QmUDpkoYlNbMKvpvAsrE
108,Calypso,"Luis Fonsi",806596,https://open.spotify.com/track/4178A5NkEjcsGc64jpBO6d
109,Mine,Bazzi,799523,https://open.spotify.com/track/7uzmGiiJyRfuViKKK3lVmR
110,"you should see me in a crown","Billie Eilish",799165,https://open.spotify.com/track/6vsV4D8BM6PioRr1UOx0n2
111,"Look At Me!",XXXTENTACION,795988,https://open.spotify.com/track/6eYxmK9fdL4hwLnXG2zY3s
112,"La Cintura","Alvaro Soler",794701,https://open.spotify.com/track/19MBk3PbNFE36wqIqkMq9H
113,OTW,Khalid,779838,https://open.spotify.com/track/6Hgh47WXVKtXN5zGOu0hjI
114,"STOP TRYING TO BE GOD","Travis Scott",777561,https://open.spotify.com/track/1xYpVRspgaLxdJLOTQkTjg
115,"W O R K I N M E",Quavo,768370,https://open.spotify.com/track/33tNYw9oMtSkGe27NpgS64
116,"CAN'T SAY","Travis Scott",755619,https://open.spotify.com/track/27a1mYSG5tYg7dmEjWBcmL
117,"Too Good At Goodbyes","Sam Smith",747673,https://open.spotify.com/track/1mXVgsBdtIVeCLJnSnmtdV
118,"In My Blood","Shawn Mendes",747547,https://open.spotify.com/track/21YnmkSDhUkmkkni22Svc4
119,Happier,"Ed Sheeran",746637,https://open.spotify.com/track/2RttW7RAu5nOAfq6YFvApB
120,Connection,OneRepublic,740018,https://open.spotify.com/track/3T4UodGkfZObJ43RtA5KFU
121,"I'm Yours","Jason Mraz",729906,https://open.spotify.com/track/3S0OXQeoh0w6AY8WQVckRW
122,Hipócrita,"Anuel Aa",726690,https://open.spotify.com/track/6XBjCetHKdO5L9cwMDVffw
123,"Tie Me Down (with Elley Duhé)",Gryffin,725712,https://open.spotify.com/track/4QVS8YCpK71R4FsxSMCjhP
124,"Mob Ties",Drake,716277,https://open.spotify.com/track/7rC5Pl8rQSX4myONQHYPBK
125,Medicina,Anitta,714677,https://open.spotify.com/track/4R5xvs5X0phd0EYWyGigju
126,Closer,"The Chainsmokers",707430,https://open.spotify.com/track/7BKLCZ1jbUBVqRi2FVlTVw
127,"the remedy for a broken heart (why am I so in love)",XXXTENTACION,707390,https://open.spotify.com/track/4UKCKdYiLN6IMA5ZESUTL7
128,"NO BYSTANDERS","Travis Scott",703918,https://open.spotify.com/track/6OaVWaGfhXn70ZJfdVcabn
129,"Melodien (feat. Juju)","Capital Bra",703443,https://open.spotify.com/track/5d35jcJj7WjDQBOHCHPY6t
130,"Remind Me to Forget",Kygo,699978,https://open.spotify.com/track/6xTU6B6nFwKKTSZ9ySXS80
131,"R.I.P. SCREW","Travis Scott",696964,https://open.spotify.com/track/4SZepBIPDRwPaHIjAKwRDb
132,"Majesty (with Labrinth & feat. Eminem)","Nicki Minaj",692430,https://open.spotify.com/track/38TgLPNHsPzgqri5G4SPun
133,"Ball For Me (feat. Nicki Minaj)","Post Malone",691213,https://open.spotify.com/track/6IaieqiCVvsNvEt6Y7yOFa
134,"La Cintura (feat. Flo Rida & TINI) - Remix","Alvaro Soler",689397,https://open.spotify.com/track/56gH0zGe3SP9SGNoQ2pWwn
135,"Call Out My Name","The Weeknd",688348,https://open.spotify.com/track/1gm616Plq4ScqNi7TVkZ5N
136,"Say You Won't Let Go","James Arthur",685859,https://open.spotify.com/track/5uCax9HTNlzGybIStD3vDh
137,Congratulations,"Post Malone",684986,https://open.spotify.com/track/3a1lNhkSLSkpJE4MSHpDu9
138,"Bella - Remix",Wolfine,682490,https://open.spotify.com/track/0SaYeGhSXN0dDWstyNTQ56
139,"Te Amo","Piso 21",679486,https://open.spotify.com/track/2RVrdr062uLFxXwIxwdXPH
140,HUMBLE.,"Kendrick Lamar",673353,https://open.spotify.com/track/7KXjTSCq5nL1LoYtL7XAwS
141,"Chain of Fools","Aretha Franklin",672915,https://open.spotify.com/track/2oZmMp5M6L0Rh7G84Um2tF
142,"Toda - Remix","Alex Rose",670980,https://open.spotify.com/track/7nD2JPaxIKUdxd2UWgnaGL
143,Africa,Toto,662848,https://open.spotify.com/track/2374M0fQpWi3dLnB54qaLX
144,"Plug Walk","Rich The Kid",659900,https://open.spotify.com/track/1ZAyjvIk9YiD76yYy0TEG6
145,"All The Stars (with SZA)","Kendrick Lamar",657574,https://open.spotify.com/track/3GCdLUSnKSMJhs4Tj6CV3s
146,"Síguelo Bailando",Ozuna,655830,https://open.spotify.com/track/5Y9fnynLlIvqtM710MHzfz
147,"Hopeless Romantic (feat. Swae Lee)","Wiz Khalifa",652065,https://open.spotify.com/track/7IBSffWIu7P2MC7kMwy2FM
148,APESHIT,"The Carters",648144,https://open.spotify.com/track/0E6PsO3ymCfUh7pJQjBgkj
149,"Wake Me Up - Radio Edit",Avicii,646181,https://open.spotify.com/track/4h8VwCb1MTGoLKueQ1WgbD
150,"Playinwitme (feat. Kehlani)",KYLE,640534,https://open.spotify.com/track/4F1yvJfQ7gJkrcgFJQDjOr
151,"Something Just Like This","The Chainsmokers",640045,https://open.spotify.com/track/6RUKPb4LETWmmr3iAEQktW
152,"Walk It Talk It",Migos,638284,https://open.spotify.com/track/6n4U3TlzUGhdSFbUUhTvLP
153,goosebumps,"Travis Scott",635476,https://open.spotify.com/track/6gBFPUFcJLzWGx4lenP6h2
154,"Freaky Friday (feat. Chris Brown)","Lil Dicky",634602,https://open.spotify.com/track/10Igtw8bSDyyFs7KIsKngZ
155,"Ric Flair Drip (& Metro Boomin)",Offset,633878,https://open.spotify.com/track/7sO5G9EABYOXQKNPNiE9NR
156,"500 PS","Bonez MC",629077,https://open.spotify.com/track/641R77CBy4bOLGRcA9sgHy
157,"5% TINT","Travis Scott",624444,https://open.spotify.com/track/11kDth1aKUEUMq9r1pqyds
158,"This Is America","Childish Gambino",624289,https://open.spotify.com/track/0b9oOr2ZgvyQu88wzixux9
159,"Candy Paint","Post Malone",620187,https://open.spotify.com/track/32lItqlMi4LBhb4k0BaSaC
160,"One Dance",Drake,618725,https://open.spotify.com/track/1zi7xx7UVEFkmKfv06H8x0
161,"I Like Me Better",Lauv,616252,https://open.spotify.com/track/2P91MQbaiQOfbiz9VqhqKQ
162,"Feel It Still","Portugal. The Man",616121,https://open.spotify.com/track/6QgjcU0zLnzq5OrUoSZ3OK
163,"If You're Over Me","Years & Years",615662,https://open.spotify.com/track/1oc3jna2ablnfIKLYbKujl
164,"No Quiero Amarte (feat. Zion & Lennox)","Justin Quiles",615629,https://open.spotify.com/track/5bITfqKGaPakO1l99hOMsI
165,Chun-Li,"Nicki Minaj",613009,https://open.spotify.com/track/1e4rwBPVI32vZtTJu7mJ4J
166,Hope,XXXTENTACION,609668,https://open.spotify.com/track/2ZRo7axmMPeSVUvDbGkJah
167,"Duro y Suave","Leslie Grace",604810,https://open.spotify.com/track/31M5m42C3EGlbydf9XB5to
168,"What Lovers Do (feat. SZA)","Maroon 5",604561,https://open.spotify.com/track/0GxQ1A5L9xnMOytbP6eKBG
169,"Wonderwall - Remastered",Oasis,603273,https://open.spotify.com/track/5qqabIl2vWzo9ApSC317sa
170,Dura,"Daddy Yankee",602493,https://open.spotify.com/track/6KuqAtoeVzxAYOaMveLNpH
171,"All Mine","Kanye West",599448,https://open.spotify.com/track/3qnoOm4fwZPBS116f5hpgF
172,"DDU-DU DDU-DU - KR Ver.",BLACKPINK,595052,https://open.spotify.com/track/2CWnuF7ht55Ajyeg4WPvWu
173,"I'll Be There","Jess Glynne",594401,https://open.spotify.com/track/083Qf6hn6sFL6xiOHlZUyn
174,"Thinking Out Loud","Ed Sheeran",592523,https://open.spotify.com/track/1Slwb6dOYkBlWal1PGtnNg
175,"Perfect Duet (Ed Sheeran & Beyoncé)","Ed Sheeran",591800,https://open.spotify.com/track/1bhUWB0zJMIKr9yVPrkEuI
176,Wolves,"Selena Gomez",590939,https://open.spotify.com/track/0tBbt8CrmxbjRP0pueQkyU
177,"Nephew (feat. Lil Pump)",Smokepurpp,590524,https://open.spotify.com/track/0ibOcbkp2XG46Do8jcy0bL
178,Familiar,"Liam Payne",587275,https://open.spotify.com/track/0Y4hwUppbGc8aIBmiTz30A
179,TOOTIMETOOTIMETOOTIME,"The 1975",586780,https://open.spotify.com/track/6wvlEKW2qxucJSBXYpMV2P
180,"El Préstamo",Maluma,582484,https://open.spotify.com/track/2XVilv6s9GETnw9PG4T9Mz
181,"Son Of A Preacher Man","Aretha Franklin",580806,https://open.spotify.com/track/4uCbetXW9LStYPUjCpBVp9
182,Unforgettable,"French Montana",579520,https://open.spotify.com/track/3B54sVLJ402zGa6Xm4YGNe
183,"Échame La Culpa","Luis Fonsi",578699,https://open.spotify.com/track/2hl6q70unbviGo3g1R7uFx
184,"Mo Bamba","Sheck Wes",578189,https://open.spotify.com/track/3QybPutx0Tjk472bBKjNWn
185,"Don't Stop Believin'",Journey,577450,https://open.spotify.com/track/4bHsxqR3GMrXTxEPLuK5ue
186,Silence,Marshmello,575685,https://open.spotify.com/track/7vGuf3Y35N4wmASOKLUVVU
187,"Chica Paranormal","Paulo Londra",574162,https://open.spotify.com/track/2r77vqSZkOktTSgmAOoHsV
188,"Boo'd Up","Ella Mai",571119,https://open.spotify.com/track/0At2qAoaVjIwWNAqrscXli
189,Photograph,"Ed Sheeran",570395,https://open.spotify.com/track/6fxVffaTuwjgEk5h9QyRjy
190,"Young Dumb & Broke",Khalid,570226,https://open.spotify.com/track/5Z3GHaZ6ec9bsiI5BenrbY
191,Sober,"Demi Lovato",569749,https://open.spotify.com/track/0STK94RxUulYqWzwFlyAb5
192,"WHO? WHAT!","Travis Scott",568554,https://open.spotify.com/track/4KYS9GK68yeuUJ8vJfPxrq
193,NC-17,"Travis Scott",567472,https://open.spotify.com/track/6BJbOXDlgVAXSaq6wYFYT2
194,"Never Be the Same","Camila Cabello",564614,https://open.spotify.com/track/4eWQlBRaTjPPUlzacqEeoQ
195,"Whatever It Takes","Imagine Dragons",559710,https://open.spotify.com/track/6Qn5zhYkTa37e91HC1D7lb
196,"Blah Blah Blah","Armin van Buuren",559136,https://open.spotify.com/track/0tp6mwUt99QnfY95T30Lqj
197,HOUSTONFORNICATION,"Travis Scott",551729,https://open.spotify.com/track/58TaFP5j5i9swOf584yon2
198,Halo,Beyoncé,551244,https://open.spotify.com/track/2CvOqDpQIMw69cCzWqr5yr
199,"All of Me","John Legend",550730,https://open.spotify.com/track/3uhBIQ7tv8j1FME8cFGEfG
200,"Without You (feat. Sandro Cavazza)",Avicii,545269,https://open.spotify.com/track/6Pgkp4qUoTmJIPn7ReaGxL
