,,,"Note that these figures are generated using a formula that protects against any artificial inflation of chart positions.",
Position,"Track Name",Artist,Streams,URL
1,"In My Feelings",Drake,8113104,https://open.spotify.com/track/2G7V7zsVDxg1yRsu7Ew9RJ
2,"FEFE (feat. Nicki Minaj & Murda Beatz)",6ix9ine,3976824,https://open.spotify.com/track/2E124GmJRnBJuXbTb4cPUB
3,"No Brainer","DJ Khaled",3486751,https://open.spotify.com/track/5WvAo7DNuPRmk4APhdPzi8
4,"Girls Like You (feat. Cardi B)","Maroon 5",3459110,https://open.spotify.com/track/7fa9MBXhVfQ8P8Df9OEbD8
5,"I Like It","Cardi B",3406079,https://open.spotify.com/track/58q2HKrzhC3ozto2nDdN4z
6,"Lucid Dreams","Juice WRLD",3101032,https://open.spotify.com/track/0s3nnoMeVWz3989MkNQiRf
7,"Taste (feat. Offset)",Tyga,2962338,https://open.spotify.com/track/5IaHrVsrferBYDm0bDyABy
8,"God is a woman","Ariana Grande",2905514,https://open.spotify.com/track/7gkWXbAxIYuvtOpcN3p9GJ
9,SAD!,XXXTENTACION,2890743,https://open.spotify.com/track/3ee8Jmje8o58CHK66QrVC2
10,"Solo (feat. Demi Lovato)","Clean Bandit",2887670,https://open.spotify.com/track/6kPJZM97LwdG9QIsT7khp6
11,"Better Now","Post Malone",2635235,https://open.spotify.com/track/7dt6x5M1jzdTEt8oCbisTK
12,Rise,"Jonas Blue",2616136,https://open.spotify.com/track/3u1S1OmAUhx5DRlLrXqyp3
13,"Eastside (with Halsey & Khalid)","benny blanco",2579380,https://open.spotify.com/track/0d2iYfpKoM0QCKvcLCkBao
14,"Jackie Chan",Tiësto,2579027,https://open.spotify.com/track/4kWO6O1BUXcZmaxitpVUwp
15,"One Kiss (with Dua Lipa)","Calvin Harris",2558505,https://open.spotify.com/track/7ef4DlsgrMEH11cDZd32M6
16,Youngblood,"5 Seconds of Summer",2363680,https://open.spotify.com/track/2iUXsYOEPhVqEBwsqP70rE
17,"Te Boté - Remix","Nio Garcia",2316281,https://open.spotify.com/track/3V8UKqhEK5zBkBb6d6ub8i
18,"Don’t Matter To Me (with Michael Jackson)",Drake,2113389,https://open.spotify.com/track/6G8kHiVZ1jW7vHMPVRNZU0
19,Moonlight,XXXTENTACION,2069698,https://open.spotify.com/track/0JP9xo3adEtGSdUEISiszL
20,Nonstop,Drake,2000386,https://open.spotify.com/track/0TlLq3lA83rQOYtrqBqSct
21,"God's Plan",Drake,1957317,https://open.spotify.com/track/6DCZcSspjsKoFjzjrWoCdn
22,"Sin Pijama","Becky G",1950610,https://open.spotify.com/track/2ijef6ni2amuunRoKTlgww
23,Body,"Loud Luxury",1848645,https://open.spotify.com/track/43V1z6QToNNWNldV4FEG6r
24,"Ocean (feat. Khalid)","Martin Garrix",1836077,https://open.spotify.com/track/3nc420PXjTdBV5TN0gCFkS
25,"In My Mind",Dynoro,1827130,https://open.spotify.com/track/0E9ZjEAyAwOXZ7wJC0PD33
26,"Nice For What",Drake,1770855,https://open.spotify.com/track/3CA9pLiwRIGtUBiMjbZmRw
27,"Back To You - From 13 Reasons Why – Season 2 Soundtrack","Selena Gomez",1716006,https://open.spotify.com/track/4hQ6UGyWQIGJmHSo0J88JW
28,2002,Anne-Marie,1656580,https://open.spotify.com/track/6SFStUDQZNaGPKWOx9ZiJB
29,"Born To Be Yours",Kygo,1614428,https://open.spotify.com/track/0kHyKhJMukHEPfeh8s7rdM
30,"No Es Justo","J Balvin",1585887,https://open.spotify.com/track/5qFeMRz4TvetPmzjre9Dq7
31,"Vaina Loca",Ozuna,1554529,https://open.spotify.com/track/1s2B5cndbqK8rPJEIcKJRQ
32,changes,XXXTENTACION,1536668,https://open.spotify.com/track/7AFASza1mXqntmGtbxXprO
33,"Jocelyn Flores",XXXTENTACION,1530664,https://open.spotify.com/track/7m9OqQk4RVRkw9JJdeAw96
34,Nevermind,"Dennis Lloyd",1528139,https://open.spotify.com/track/63SevszngYpZOwf63o61K4
35,"no tears left to cry","Ariana Grande",1499026,https://open.spotify.com/track/5SxkdsY1ufZzoq9iXceLw9
36,"Psycho (feat. Ty Dolla $ign)","Post Malone",1464266,https://open.spotify.com/track/3swc6WTsr7rl9DqQKQA55C
37,"X - Remix","Nicky Jam",1417121,https://open.spotify.com/track/6JjPBQfI2Y8nIjnm65X6Pw
38,"rockstar (feat. 21 Savage)","Post Malone",1411195,https://open.spotify.com/track/0e7ipj03S05BNilyu5bRzt
39,"Praise The Lord (Da Shine)","A$AP Rocky",1348678,https://open.spotify.com/track/7ycWLEP1GsNjVvcjawXz3z
40,X,"Nicky Jam",1330564,https://open.spotify.com/track/39N9RPD9MRb5WmoLzNzPeA
41,Clandestino,Shakira,1320174,https://open.spotify.com/track/7DrluKkTviBwCc8AV3VGmf
42,FRIENDS,Marshmello,1276867,https://open.spotify.com/track/08bNPGLD8AhKpnnERrAc6G
43,"Bed (feat. Ariana Grande)","Nicki Minaj",1267479,https://open.spotify.com/track/1ZEm9cJC05rawV2tptNfTS
44,"The Middle",Zedd,1209653,https://open.spotify.com/track/09IStsImFySgyp0pIQdqAc
45,"Me Niego",Reik,1179809,https://open.spotify.com/track/6jA8JUuPCGYjFcgw0AoM5T
46,"Shape of You","Ed Sheeran",1178412,https://open.spotify.com/track/7qiZfU4dY1lWllzX7mPBI3
47,Flames,"David Guetta",1176566,https://open.spotify.com/track/33IOhptvC2Qoy2UhjiHXLV
48,"La Cintura","Alvaro Soler",1175047,https://open.spotify.com/track/19MBk3PbNFE36wqIqkMq9H
49,"Yes Indeed","Lil Baby",1157252,https://open.spotify.com/track/6vN77lE9LK6HP2DewaN6HZ
50,"I'm Upset",Drake,1135884,https://open.spotify.com/track/3qN5qMTKyEEmiTZD38BNTT
51,"lovely (with Khalid)","Billie Eilish",1127679,https://open.spotify.com/track/0u2P5u6lvoDfwTYjAADbn4
52,"Summertime Magic","Childish Gambino",1108853,https://open.spotify.com/track/4j3GWI86JvSaF0BLdmgcfF
53,"Happy Now",Zedd,1091631,https://open.spotify.com/track/4keoy2fqgwGnbWlm3ZVZFa
54,"Fuck Love (feat. Trippie Redd)",XXXTENTACION,1079165,https://open.spotify.com/track/7AQim7LbvFVZJE3O8TYgf2
55,"Look Alive (feat. Drake)","BlocBoy JB",1039293,https://open.spotify.com/track/4qKcDkK6siZ7Jp1Jb4m0aL
56,Shotgun,"George Ezra",1033038,https://open.spotify.com/track/4ofwffwvvnbSkrMSCKQDaC
57,"1, 2, 3 (feat. Jason Derulo & De La Ghetto)","Sofia Reyes",1018453,https://open.spotify.com/track/4QtiVmuA88tPQiCOHZuQ5b
58,Havana,"Camila Cabello",1016887,https://open.spotify.com/track/1rfofaqEpACxVEHIZBJe6W
59,"you should see me in a crown","Billie Eilish",1010209,https://open.spotify.com/track/6vsV4D8BM6PioRr1UOx0n2
60,"La Player (Bandolera)","Zion & Lennox",1006898,https://open.spotify.com/track/0VKkyBKCXyR99navhVRqcP
61,IDGAF,"Dua Lipa",998024,https://open.spotify.com/track/76cy1WJvNGJTj78UqeA5zr
62,"High Hopes","Panic! At The Disco",958580,https://open.spotify.com/track/1rqqCSm0Qe4I9rUvWncaom
63,"I'm a Mess","Bebe Rexha",949791,https://open.spotify.com/track/04ZTP5KsCypmtCmQg5tH9R
64,Natural,"Imagine Dragons",943027,https://open.spotify.com/track/4zIO3ilp5HvTeK3HJHxhMP
65,SWISH,Tyga,934988,https://open.spotify.com/track/55GiOwtxNajXVbpjjIzMnD
66,"These Days (feat. Jess Glynne, Macklemore & Dan Caplen)",Rudimental,904377,https://open.spotify.com/track/5CLGzJsGqhCEECcpnFQA8x
67,Unica,Ozuna,904019,https://open.spotify.com/track/6752EZMgXswvRBH3N2PilO
68,"Dura - Remix","Daddy Yankee",902195,https://open.spotify.com/track/6U2NuJILEOEpW2tVCuqKHb
69,"Mob Ties",Drake,895157,https://open.spotify.com/track/7rC5Pl8rQSX4myONQHYPBK
70,"All Girls Are The Same","Juice WRLD",888712,https://open.spotify.com/track/0XySogm94T51XF5F2jumXm
71,"New Rules","Dua Lipa",886864,https://open.spotify.com/track/2ekn2ttSfGqwhhate0LSR0
72,"One Day (feat. Ryan Tedder)",Logic,883993,https://open.spotify.com/track/6e2PtJYcltVk76nLwxBzRn
73,"Everybody Dies In Their Nightmares",XXXTENTACION,874706,https://open.spotify.com/track/3GVkPk8mqxz0itaAriG1L7
74,Believer,"Imagine Dragons",861046,https://open.spotify.com/track/0pqnGHJpmpxLKifKRmU6WP
75,Asesina,Brytiago,848436,https://open.spotify.com/track/6rbhaJsE4uLzpPf8WYSHDK
76,"Mi Cama - Remix","Karol G",845365,https://open.spotify.com/track/38QmUDpkoYlNbMKvpvAsrE
77,Perfect,"Ed Sheeran",844990,https://open.spotify.com/track/0tgVpDi06FyKpA1z0VMD4v
78,"Look At Me!",XXXTENTACION,843315,https://open.spotify.com/track/6eYxmK9fdL4hwLnXG2zY3s
79,"Wasted (feat. Lil Uzi Vert)","Juice WRLD",840868,https://open.spotify.com/track/3obgSF06ki98lYNLNq5vCB
80,"Love Lies (with Normani)",Khalid,840397,https://open.spotify.com/track/45Egmo7icyopuzJN0oMEdk
81,Thunder,"Imagine Dragons",820468,https://open.spotify.com/track/1zB4vmk8tFRmM9UULNzbLB
82,APESHIT,"The Carters",819485,https://open.spotify.com/track/0E6PsO3ymCfUh7pJQjBgkj
83,"Madura (feat. Bad Bunny)",Cosculluela,816362,https://open.spotify.com/track/0r9d60ZYPAlFHq8qnUtkXN
84,"Por Perro","Sebastian Yatra",812895,https://open.spotify.com/track/2alIsNw1mqEShbWyO1HXZZ
85,"Estamos Bien","Bad Bunny",809700,https://open.spotify.com/track/7glCSQqV5o6NU88Cn4zPZn
86,Mine,Bazzi,804186,https://open.spotify.com/track/7uzmGiiJyRfuViKKK3lVmR
87,"If You're Over Me","Years & Years",798138,https://open.spotify.com/track/1oc3jna2ablnfIKLYbKujl
88,"Meant to Be (feat. Florida Georgia Line)","Bebe Rexha",790762,https://open.spotify.com/track/4e4fqjx0Izh4svvTef1z7e
89,"I Fall Apart","Post Malone",772828,https://open.spotify.com/track/75ZvA4QfFiZvzhj2xkaWAh
90,"Only You (with Little Mix)","Cheat Codes",770670,https://open.spotify.com/track/54l9GJGQ1UCFKe2tzt1Vxt
91,"Boo'd Up","Ella Mai",762282,https://open.spotify.com/track/0At2qAoaVjIwWNAqrscXli
92,OTW,Khalid,761363,https://open.spotify.com/track/6Hgh47WXVKtXN5zGOu0hjI
93,"Be Alright","Dean Lewis",757157,https://open.spotify.com/track/3EPXxR3ImUwfayaurPi3cm
94,"XO TOUR Llif3","Lil Uzi Vert",751061,https://open.spotify.com/track/7GX5flRQZVHRAGd6B4TmDO
95,"the remedy for a broken heart (why am I so in love)",XXXTENTACION,749103,https://open.spotify.com/track/4UKCKdYiLN6IMA5ZESUTL7
96,"Ball For Me (feat. Nicki Minaj)","Post Malone",746345,https://open.spotify.com/track/6IaieqiCVvsNvEt6Y7yOFa
97,"In My Blood","Shawn Mendes",743001,https://open.spotify.com/track/21YnmkSDhUkmkkni22Svc4
98,"Plug Walk","Rich The Kid",736169,https://open.spotify.com/track/6mAz8D1TmlTuef90dbNIiZ
99,Calypso,"Luis Fonsi",727834,https://open.spotify.com/track/4178A5NkEjcsGc64jpBO6d
100,"Bella - Remix",Wolfine,727048,https://open.spotify.com/track/0SaYeGhSXN0dDWstyNTQ56
101,"Freaky Friday (feat. Chris Brown)","Lil Dicky",726453,https://open.spotify.com/track/10Igtw8bSDyyFs7KIsKngZ
102,"Playinwitme (feat. Kehlani)",KYLE,725921,https://open.spotify.com/track/4F1yvJfQ7gJkrcgFJQDjOr
103,"This Is America","Childish Gambino",715819,https://open.spotify.com/track/0b9oOr2ZgvyQu88wzixux9
104,Happier,"Ed Sheeran",702619,https://open.spotify.com/track/2RttW7RAu5nOAfq6YFvApB
105,"Mi Cama","Karol G",698769,https://open.spotify.com/track/7sFYVcKSb24qg0dAkqLEFj
106,Connection,OneRepublic,695858,https://open.spotify.com/track/3T4UodGkfZObJ43RtA5KFU
107,"No Me Acuerdo",Thalía,690434,https://open.spotify.com/track/00EPIEnX1JFjff8sC6bccd
108,"Síguelo Bailando",Ozuna,683846,https://open.spotify.com/track/5Y9fnynLlIvqtM710MHzfz
109,"Big Bank feat. 2 Chainz, Big Sean, Nicki Minaj",YG,682096,https://open.spotify.com/track/2RM4jf1Xa9zPgMGRDiht8O
110,Sober,"Demi Lovato",680187,https://open.spotify.com/track/0STK94RxUulYqWzwFlyAb5
111,Dura,"Daddy Yankee",673720,https://open.spotify.com/track/6KuqAtoeVzxAYOaMveLNpH
112,"Audio - with Sia, Diplo & Labrinth",Sia,666664,https://open.spotify.com/track/7boPPE857KEqCIHNwFkDop
113,"Walk It Talk It",Migos,665413,https://open.spotify.com/track/6n4U3TlzUGhdSFbUUhTvLP
114,"Too Good At Goodbyes","Sam Smith",664633,https://open.spotify.com/track/1mXVgsBdtIVeCLJnSnmtdV
115,"Call Out My Name","The Weeknd",663922,https://open.spotify.com/track/1gm616Plq4ScqNi7TVkZ5N
116,"DDU-DU DDU-DU - KR Ver.",BLACKPINK,661979,https://open.spotify.com/track/2CWnuF7ht55Ajyeg4WPvWu
117,"Don't Leave Me Alone (feat. Anne-Marie)","David Guetta",653099,https://open.spotify.com/track/2lYTJK94hb0fd1LQtb6Dhk
118,"El Préstamo",Maluma,644241,https://open.spotify.com/track/2XVilv6s9GETnw9PG4T9Mz
119,"All The Stars (with SZA)","Kendrick Lamar",631518,https://open.spotify.com/track/3GCdLUSnKSMJhs4Tj6CV3s
120,"Te Amo","Piso 21",630469,https://open.spotify.com/track/2RVrdr062uLFxXwIxwdXPH
121,"All Mine","Kanye West",630080,https://open.spotify.com/track/3qnoOm4fwZPBS116f5hpgF
122,"Ric Flair Drip (& Metro Boomin)",Offset,629097,https://open.spotify.com/track/7sO5G9EABYOXQKNPNiE9NR
123,Hope,XXXTENTACION,628907,https://open.spotify.com/track/2ZRo7axmMPeSVUvDbGkJah
124,Closer,"The Chainsmokers",619903,https://open.spotify.com/track/7BKLCZ1jbUBVqRi2FVlTVw
125,Africa,Toto,618021,https://open.spotify.com/track/2374M0fQpWi3dLnB54qaLX
126,"I'm Yours","Jason Mraz",616424,https://open.spotify.com/track/3S0OXQeoh0w6AY8WQVckRW
127,"Duro y Suave","Leslie Grace",614899,https://open.spotify.com/track/31M5m42C3EGlbydf9XB5to
128,HUMBLE.,"Kendrick Lamar",612226,https://open.spotify.com/track/7KXjTSCq5nL1LoYtL7XAwS
129,"Remind Me to Forget",Kygo,610530,https://open.spotify.com/track/6xTU6B6nFwKKTSZ9ySXS80
130,Familiar,"Liam Payne",609892,https://open.spotify.com/track/0Y4hwUppbGc8aIBmiTz30A
131,JAPAN,"Famous Dex",605071,https://open.spotify.com/track/5PTG6rrL6EPFD9E2QMI2pl
132,"Wake Me Up - Radio Edit",Avicii,602343,https://open.spotify.com/track/4h8VwCb1MTGoLKueQ1WgbD
133,"I Might Need Security","Chance the Rapper",602186,https://open.spotify.com/track/3EApebexZ7YqDIqw2EMTDh
134,Congratulations,"Post Malone",595411,https://open.spotify.com/track/3a1lNhkSLSkpJE4MSHpDu9
135,"Échame La Culpa","Luis Fonsi",594746,https://open.spotify.com/track/2hl6q70unbviGo3g1R7uFx
136,"Say You Won't Let Go","James Arthur",587625,https://open.spotify.com/track/5uCax9HTNlzGybIStD3vDh
137,"I'll Be There","Jess Glynne",583027,https://open.spotify.com/track/083Qf6hn6sFL6xiOHlZUyn
138,"Candy Paint","Post Malone",577211,https://open.spotify.com/track/32lItqlMi4LBhb4k0BaSaC
139,"Something Just Like This","The Chainsmokers",573851,https://open.spotify.com/track/6RUKPb4LETWmmr3iAEQktW
140,Enemies,Lauv,566720,https://open.spotify.com/track/3JJYIoJ5FyY9E0DGjr7SXF
141,Medicina,Anitta,558465,https://open.spotify.com/track/4R5xvs5X0phd0EYWyGigju
142,"I Like Me Better",Lauv,556609,https://open.spotify.com/track/2P91MQbaiQOfbiz9VqhqKQ
143,"Mad Love","Sean Paul",555245,https://open.spotify.com/track/4dSoDnmR9opAQ8KxUc9SbC
144,"One Dance",Drake,552173,https://open.spotify.com/track/1zi7xx7UVEFkmKfv06H8x0
145,"Perfect Duet (Ed Sheeran & Beyoncé)","Ed Sheeran",552166,https://open.spotify.com/track/1bhUWB0zJMIKr9yVPrkEuI
146,Lie,NF,551569,https://open.spotify.com/track/07FkzikE6FuHIa8Ma7zJGc
147,"Hopeless Romantic (feat. Swae Lee)","Wiz Khalifa",549575,https://open.spotify.com/track/7IBSffWIu7P2MC7kMwy2FM
148,"Feel It Still","Portugal. The Man",545329,https://open.spotify.com/track/6QgjcU0zLnzq5OrUoSZ3OK
149,"Young Dumb & Broke",Khalid,543951,https://open.spotify.com/track/5Z3GHaZ6ec9bsiI5BenrbY
150,goosebumps,"Travis Scott",543470,https://open.spotify.com/track/6gBFPUFcJLzWGx4lenP6h2
151,Emotionless,Drake,542634,https://open.spotify.com/track/5Psnhdkyanjpgc2P8A5TSM
152,Unforgettable,"French Montana",539014,https://open.spotify.com/track/3B54sVLJ402zGa6Xm4YGNe
153,"Wonderwall - Remastered",Oasis,537737,https://open.spotify.com/track/5qqabIl2vWzo9ApSC317sa
154,Silence,Marshmello,536990,https://open.spotify.com/track/7vGuf3Y35N4wmASOKLUVVU
155,Ambiente,"J Balvin",536787,https://open.spotify.com/track/6VrBWh90BiwWmwKtvwWFcq
156,"Toda - Remix","Alex Rose",536306,https://open.spotify.com/track/7nD2JPaxIKUdxd2UWgnaGL
157,"New Light","John Mayer",532295,https://open.spotify.com/track/40FLJc17FMZaPmCQEEZgB0
158,"Ao Vivo E A Cores","Matheus & Kauan",531725,https://open.spotify.com/track/2Ab1wPTEqulaCGoBak1gUo
159,"Let Me Down Slowly","Alec Benjamin",528015,https://open.spotify.com/track/2uaiyLKnYvazyfR0Ky3Kbk
160,Wolves,"Selena Gomez",527655,https://open.spotify.com/track/0tBbt8CrmxbjRP0pueQkyU
161,"No Quiero Amarte (feat. Zion & Lennox)","Justin Quiles",527527,https://open.spotify.com/track/5bITfqKGaPakO1l99hOMsI
162,"Déjala Que Vuelva (feat. Manuel Turizo)","Piso 21",527498,https://open.spotify.com/track/1j6xOGusnyXq3l6IryKF3G
163,"Thinking Out Loud","Ed Sheeran",525949,https://open.spotify.com/track/1Slwb6dOYkBlWal1PGtnNg
164,"Live It Up - Official Song 2018 FIFA World Cup Russia","Nicky Jam",523030,https://open.spotify.com/track/4DnHUy01jEA4b5ydC3HgsT
165,Somebody,"The Chainsmokers",522649,https://open.spotify.com/track/3pWcj8hxj3fsb9TDAcMpEl
166,"Without You (feat. Sandro Cavazza)",Avicii,522127,https://open.spotify.com/track/6Pgkp4qUoTmJIPn7ReaGxL
167,"Sorry Not Sorry","Demi Lovato",518058,https://open.spotify.com/track/3Du2K5dLzmduCNp6uwuaL0
168,"What Lovers Do (feat. SZA)","Maroon 5",517559,https://open.spotify.com/track/0GxQ1A5L9xnMOytbP6eKBG
169,"Better Not (feat. Wafia)","Louis The Child",517437,https://open.spotify.com/track/447yWcDPg1ddgcHBLGpJC0
170,Criminal,"Natti Natasha",515208,https://open.spotify.com/track/6Za3190Sbw39BBC77WSS1C
171,Halo,Beyoncé,514499,https://open.spotify.com/track/2CvOqDpQIMw69cCzWqr5yr
172,"Fr Fr (feat. Lil Skies)","Wiz Khalifa",512051,https://open.spotify.com/track/1RagpNpkD3KcjXMLGMe99V
173,"All of Me","John Legend",510411,https://open.spotify.com/track/3uhBIQ7tv8j1FME8cFGEfG
174,"Bohemian Rhapsody - Remastered 2011",Queen,509989,https://open.spotify.com/track/7tFiyTwD0nx5a1eklYtX2J
175,"Side Effects (feat. Emily Warren)","The Chainsmokers",509604,https://open.spotify.com/track/5yNEdBlZMxpcVtGKz5NFk5
176,Dembow,"Danny Ocean",508632,https://open.spotify.com/track/2EzRdhuoPyNJDlep7lnNf2
177,"Don't Stop Believin'",Journey,506016,https://open.spotify.com/track/4bHsxqR3GMrXTxEPLuK5ue
178,"Whatever It Takes","Imagine Dragons",505802,https://open.spotify.com/track/6Qn5zhYkTa37e91HC1D7lb
179,"Never Be the Same","Camila Cabello",505735,https://open.spotify.com/track/4eWQlBRaTjPPUlzacqEeoQ
180,Darkside,"Alan Walker",505456,https://open.spotify.com/track/1snWlbcbgQpJfknoI30DWG
181,Location,Khalid,504777,https://open.spotify.com/track/152lZdxL1OR0ZMW6KquMif
182,"Let You Down",NF,504358,https://open.spotify.com/track/52okn5MNA47tk87PeZJLEL
183,TELÉFONO,Aitana,504160,https://open.spotify.com/track/5h8VHxOBK1VWWj46T8fSly
184,"Powerglide (feat. Juicy J) - From SR3MM","Rae Sremmurd",501147,https://open.spotify.com/track/1BuZAIO8WZpavWVbbq3Lci
185,NUMB,XXXTENTACION,500516,https://open.spotify.com/track/01TnVDiet1DFTsyWKUKovl
186,Elevate,Drake,499911,https://open.spotify.com/track/3szf2z1Cy1QMrtHrbn8rz9
187,"That's What I Like","Bruno Mars",498826,https://open.spotify.com/track/0KKkJNfGyhkQ5aFogxQAPU
188,"Mi Gente","J Balvin",498563,https://open.spotify.com/track/7COfe3P7KgfwDwIRB8LIDw
189,TATI,6ix9ine,497636,https://open.spotify.com/track/6kp0inxIexxSiDJfWqq0ZL
190,"Largado Às Traças - Ao Vivo","Zé Neto & Cristiano",497051,https://open.spotify.com/track/1IJH7QjV5V99eJBtKXqGXE
191,"Propaganda - Ao Vivo","Jorge & Mateus",496192,https://open.spotify.com/track/74n5d5M21JnC4WJ6gdkggK
192,"Bank Account","21 Savage",494945,https://open.spotify.com/track/2fQrGHiQOvpL9UgPvtYy6G
193,Esskeetit,"Lil Pump",493309,https://open.spotify.com/track/44KKhCyI0BGS6LvVyDqJtH
194,"Despacito - Remix","Luis Fonsi",489692,https://open.spotify.com/track/6rPO02ozF3bM7NnOV4h6s2
195,1-800-273-8255,Logic,488103,https://open.spotify.com/track/5tz69p7tJuGPeMGwNTxYuV
196,Solita,Ozuna,487598,https://open.spotify.com/track/7rwX0O3RlxqqIjQM8evm5E
197,"Can’t Take A Joke",Drake,487477,https://open.spotify.com/track/1dUHF4RyMmMTveJ0Rby6Xm
198,"This Is Me","Keala Settle",485413,https://open.spotify.com/track/2xGjteMU3E1tkEPVFBO08U
199,"Mr. Brightside","The Killers",484796,https://open.spotify.com/track/7oK9VyNzrYvRFo7nQEYkWN
200,Photograph,"Ed Sheeran",483512,https://open.spotify.com/track/6fxVffaTuwjgEk5h9QyRjy
