,,,"Note that these figures are generated using a formula that protects against any artificial inflation of chart positions.",
Position,"Track Name",Artist,Streams,URL
1,"In My Feelings",Drake,9318877,https://open.spotify.com/track/2G7V7zsVDxg1yRsu7Ew9RJ
2,"Girls Like You (feat. Cardi B)","Maroon 5",3793868,https://open.spotify.com/track/7fa9MBXhVfQ8P8Df9OEbD8
3,"I Like It","Cardi B",3790490,https://open.spotify.com/track/58q2HKrzhC3ozto2nDdN4z
4,"Lucid Dreams","Juice WRLD",3534106,https://open.spotify.com/track/0s3nnoMeVWz3989MkNQiRf
5,"God is a woman","Ariana Grande",3477274,https://open.spotify.com/track/7gkWXbAxIYuvtOpcN3p9GJ
6,SAD!,XXXTENTACION,3426753,https://open.spotify.com/track/3ee8Jmje8o58CHK66QrVC2
7,"Taste (feat. Offset)",Tyga,3422029,https://open.spotify.com/track/5IaHrVsrferBYDm0bDyABy
8,"Solo (feat. Demi Lovato)","Clean Bandit",3343273,https://open.spotify.com/track/6kPJZM97LwdG9QIsT7khp6
9,"FEFE (feat. Nicki Minaj & Murda Beatz)",6ix9ine,3274977,https://open.spotify.com/track/2E124GmJRnBJuXbTb4cPUB
10,"One Kiss (with Dua Lipa)","Calvin Harris",3269274,https://open.spotify.com/track/7ef4DlsgrMEH11cDZd32M6
11,"Better Now","Post Malone",3134925,https://open.spotify.com/track/7dt6x5M1jzdTEt8oCbisTK
12,Rise,"Jonas Blue",2967440,https://open.spotify.com/track/3u1S1OmAUhx5DRlLrXqyp3
13,"Jackie Chan",Tiësto,2932807,https://open.spotify.com/track/4kWO6O1BUXcZmaxitpVUwp
14,"Don’t Matter To Me (with Michael Jackson)",Drake,2929588,https://open.spotify.com/track/6G8kHiVZ1jW7vHMPVRNZU0
15,Youngblood,"5 Seconds of Summer",2844816,https://open.spotify.com/track/2iUXsYOEPhVqEBwsqP70rE
16,Nonstop,Drake,2407276,https://open.spotify.com/track/0TlLq3lA83rQOYtrqBqSct
17,Moonlight,XXXTENTACION,2398086,https://open.spotify.com/track/0JP9xo3adEtGSdUEISiszL
18,"Te Boté - Remix","Nio Garcia",2345017,https://open.spotify.com/track/3V8UKqhEK5zBkBb6d6ub8i
19,"Eastside (with Halsey & Khalid)","benny blanco",2284748,https://open.spotify.com/track/0d2iYfpKoM0QCKvcLCkBao
20,"God's Plan",Drake,2274427,https://open.spotify.com/track/6DCZcSspjsKoFjzjrWoCdn
21,"Ocean (feat. Khalid)","Martin Garrix",2196163,https://open.spotify.com/track/3nc420PXjTdBV5TN0gCFkS
22,"Nice For What",Drake,2150209,https://open.spotify.com/track/3CA9pLiwRIGtUBiMjbZmRw
23,"Back To You - From 13 Reasons Why – Season 2 Soundtrack","Selena Gomez",2121134,https://open.spotify.com/track/4hQ6UGyWQIGJmHSo0J88JW
24,Body,"Loud Luxury",2045385,https://open.spotify.com/track/43V1z6QToNNWNldV4FEG6r
25,"no tears left to cry","Ariana Grande",2022379,https://open.spotify.com/track/5SxkdsY1ufZzoq9iXceLw9
26,"Sin Pijama","Becky G",2006271,https://open.spotify.com/track/2ijef6ni2amuunRoKTlgww
27,2002,Anne-Marie,1944858,https://open.spotify.com/track/6SFStUDQZNaGPKWOx9ZiJB
28,"Born To Be Yours",Kygo,1888209,https://open.spotify.com/track/0kHyKhJMukHEPfeh8s7rdM
29,changes,XXXTENTACION,1768761,https://open.spotify.com/track/7AFASza1mXqntmGtbxXprO
30,Nevermind,"Dennis Lloyd",1765836,https://open.spotify.com/track/63SevszngYpZOwf63o61K4
31,"Jocelyn Flores",XXXTENTACION,1741445,https://open.spotify.com/track/7m9OqQk4RVRkw9JJdeAw96
32,"In My Mind",Dynoro,1674374,https://open.spotify.com/track/0E9ZjEAyAwOXZ7wJC0PD33
33,"Summertime Magic","Childish Gambino",1649752,https://open.spotify.com/track/4j3GWI86JvSaF0BLdmgcfF
34,"Psycho (feat. Ty Dolla $ign)","Post Malone",1647328,https://open.spotify.com/track/3swc6WTsr7rl9DqQKQA55C
35,"No Es Justo","J Balvin",1606198,https://open.spotify.com/track/5qFeMRz4TvetPmzjre9Dq7
36,X,"Nicky Jam",1587403,https://open.spotify.com/track/39N9RPD9MRb5WmoLzNzPeA
37,"rockstar (feat. 21 Savage)","Post Malone",1586888,https://open.spotify.com/track/0e7ipj03S05BNilyu5bRzt
38,"X - Remix","Nicky Jam",1561416,https://open.spotify.com/track/6JjPBQfI2Y8nIjnm65X6Pw
39,"Vaina Loca",Ozuna,1545089,https://open.spotify.com/track/1s2B5cndbqK8rPJEIcKJRQ
40,"Bed (feat. Ariana Grande)","Nicki Minaj",1545025,https://open.spotify.com/track/1ZEm9cJC05rawV2tptNfTS
41,FRIENDS,Marshmello,1519996,https://open.spotify.com/track/08bNPGLD8AhKpnnERrAc6G
42,"Praise The Lord (Da Shine)","A$AP Rocky",1508800,https://open.spotify.com/track/7ycWLEP1GsNjVvcjawXz3z
43,"La Cintura","Alvaro Soler",1478496,https://open.spotify.com/track/19MBk3PbNFE36wqIqkMq9H
44,Flames,"David Guetta",1457253,https://open.spotify.com/track/33IOhptvC2Qoy2UhjiHXLV
45,"I'm Upset",Drake,1441134,https://open.spotify.com/track/3qN5qMTKyEEmiTZD38BNTT
46,"The Middle",Zedd,1421347,https://open.spotify.com/track/09IStsImFySgyp0pIQdqAc
47,"Yes Indeed","Lil Baby",1353023,https://open.spotify.com/track/6vN77lE9LK6HP2DewaN6HZ
48,"lovely (with Khalid)","Billie Eilish",1321950,https://open.spotify.com/track/0u2P5u6lvoDfwTYjAADbn4
49,"Shape of You","Ed Sheeran",1296077,https://open.spotify.com/track/7qiZfU4dY1lWllzX7mPBI3
50,"Me Niego",Reik,1287339,https://open.spotify.com/track/6jA8JUuPCGYjFcgw0AoM5T
51,APESHIT,"The Carters",1262765,https://open.spotify.com/track/0E6PsO3ymCfUh7pJQjBgkj
52,Clandestino,Shakira,1253573,https://open.spotify.com/track/7DrluKkTviBwCc8AV3VGmf
53,"Look Alive (feat. Drake)","BlocBoy JB",1205834,https://open.spotify.com/track/4qKcDkK6siZ7Jp1Jb4m0aL
54,"Fuck Love (feat. Trippie Redd)",XXXTENTACION,1202124,https://open.spotify.com/track/7AQim7LbvFVZJE3O8TYgf2
55,"Mob Ties",Drake,1168481,https://open.spotify.com/track/7rC5Pl8rQSX4myONQHYPBK
56,IDGAF,"Dua Lipa",1157883,https://open.spotify.com/track/76cy1WJvNGJTj78UqeA5zr
57,"1, 2, 3 (feat. Jason Derulo & De La Ghetto)","Sofia Reyes",1155538,https://open.spotify.com/track/4QtiVmuA88tPQiCOHZuQ5b
58,Havana,"Camila Cabello",1093797,https://open.spotify.com/track/1rfofaqEpACxVEHIZBJe6W
59,"Mi Cama","Karol G",1086166,https://open.spotify.com/track/7sFYVcKSb24qg0dAkqLEFj
60,"High Hopes","Panic! At The Disco",1085272,https://open.spotify.com/track/1rqqCSm0Qe4I9rUvWncaom
61,"I Might Need Security","Chance the Rapper",1059728,https://open.spotify.com/track/3EApebexZ7YqDIqw2EMTDh
62,"La Player (Bandolera)","Zion & Lennox",1035114,https://open.spotify.com/track/0VKkyBKCXyR99navhVRqcP
63,"Love Lies (with Normani)",Khalid,1030971,https://open.spotify.com/track/45Egmo7icyopuzJN0oMEdk
64,"New Rules","Dua Lipa",1022480,https://open.spotify.com/track/2ekn2ttSfGqwhhate0LSR0
65,"These Days (feat. Jess Glynne, Macklemore & Dan Caplen)",Rudimental,1016756,https://open.spotify.com/track/5CLGzJsGqhCEECcpnFQA8x
66,Natural,"Imagine Dragons",1009673,https://open.spotify.com/track/4zIO3ilp5HvTeK3HJHxhMP
67,Believer,"Imagine Dragons",1005651,https://open.spotify.com/track/5VKSZDsidOFHrtlJb33Syo
68,"Playinwitme (feat. Kehlani)",KYLE,994240,https://open.spotify.com/track/4F1yvJfQ7gJkrcgFJQDjOr
69,"Everybody Dies In Their Nightmares",XXXTENTACION,993017,https://open.spotify.com/track/3GVkPk8mqxz0itaAriG1L7
70,"If You're Over Me","Years & Years",979594,https://open.spotify.com/track/1oc3jna2ablnfIKLYbKujl
71,"I'm a Mess","Bebe Rexha",975366,https://open.spotify.com/track/04ZTP5KsCypmtCmQg5tH9R
72,"Dura - Remix","Daddy Yankee",966194,https://open.spotify.com/track/6U2NuJILEOEpW2tVCuqKHb
73,Unica,Ozuna,957181,https://open.spotify.com/track/6752EZMgXswvRBH3N2PilO
74,"All Girls Are The Same","Juice WRLD",955528,https://open.spotify.com/track/0XySogm94T51XF5F2jumXm
75,"Only You (with Little Mix)","Cheat Codes",949485,https://open.spotify.com/track/54l9GJGQ1UCFKe2tzt1Vxt
76,Shotgun,"George Ezra",943478,https://open.spotify.com/track/4ofwffwvvnbSkrMSCKQDaC
77,Perfect,"Ed Sheeran",938119,https://open.spotify.com/track/0tgVpDi06FyKpA1z0VMD4v
78,"Boo'd Up","Ella Mai",934774,https://open.spotify.com/track/0At2qAoaVjIwWNAqrscXli
79,"Look At Me!",XXXTENTACION,932894,https://open.spotify.com/track/6eYxmK9fdL4hwLnXG2zY3s
80,Thunder,"Imagine Dragons",926739,https://open.spotify.com/track/7BrsBU0BAytRDvROM4yCbn
81,Mine,Bazzi,913577,https://open.spotify.com/track/7uzmGiiJyRfuViKKK3lVmR
82,Connection,OneRepublic,907010,https://open.spotify.com/track/3T4UodGkfZObJ43RtA5KFU
83,"Meant to Be (feat. Florida Georgia Line)","Bebe Rexha",904636,https://open.spotify.com/track/4e4fqjx0Izh4svvTef1z7e
84,"Madura (feat. Bad Bunny)",Cosculluela,890149,https://open.spotify.com/track/0r9d60ZYPAlFHq8qnUtkXN
85,"Por Perro","Sebastian Yatra",884150,https://open.spotify.com/track/2alIsNw1mqEShbWyO1HXZZ
86,OTW,Khalid,881717,https://open.spotify.com/track/6Hgh47WXVKtXN5zGOu0hjI
87,"Estamos Bien","Bad Bunny",879569,https://open.spotify.com/track/7glCSQqV5o6NU88Cn4zPZn
88,"This Is America","Childish Gambino",874987,https://open.spotify.com/track/0b9oOr2ZgvyQu88wzixux9
89,"In My Blood","Shawn Mendes",874317,https://open.spotify.com/track/21YnmkSDhUkmkkni22Svc4
90,Asesina,Brytiago,857001,https://open.spotify.com/track/6rbhaJsE4uLzpPf8WYSHDK
91,"the remedy for a broken heart (why am I so in love)",XXXTENTACION,854889,https://open.spotify.com/track/4UKCKdYiLN6IMA5ZESUTL7
92,"Ball For Me (feat. Nicki Minaj)","Post Malone",853858,https://open.spotify.com/track/6IaieqiCVvsNvEt6Y7yOFa
93,"Wasted (feat. Lil Uzi Vert)","Juice WRLD",834055,https://open.spotify.com/track/3obgSF06ki98lYNLNq5vCB
94,"Plug Walk","Rich The Kid",828578,https://open.spotify.com/track/6mAz8D1TmlTuef90dbNIiZ
95,"All Mine","Kanye West",824872,https://open.spotify.com/track/3qnoOm4fwZPBS116f5hpgF
96,"XO TOUR Llif3","Lil Uzi Vert",824076,https://open.spotify.com/track/7GX5flRQZVHRAGd6B4TmDO
97,"Audio - with Sia, Diplo & Labrinth",Sia,821289,https://open.spotify.com/track/7boPPE857KEqCIHNwFkDop
98,"Happy Now",Zedd,820205,https://open.spotify.com/track/4keoy2fqgwGnbWlm3ZVZFa
99,"I Fall Apart","Post Malone",815751,https://open.spotify.com/track/75ZvA4QfFiZvzhj2xkaWAh
100,"you should see me in a crown","Billie Eilish",804399,https://open.spotify.com/track/6vsV4D8BM6PioRr1UOx0n2
101,"ocean eyes","Billie Eilish",797211,https://open.spotify.com/track/7hDVYcQq6MxkdJGweuCtl9
102,Familiar,"Liam Payne",786370,https://open.spotify.com/track/0Y4hwUppbGc8aIBmiTz30A
103,"All The Stars (with SZA)","Kendrick Lamar",781771,https://open.spotify.com/track/3GCdLUSnKSMJhs4Tj6CV3s
104,"Call Out My Name","The Weeknd",779467,https://open.spotify.com/track/1gm616Plq4ScqNi7TVkZ5N
105,Calypso,"Luis Fonsi",776264,https://open.spotify.com/track/4178A5NkEjcsGc64jpBO6d
106,Happier,"Ed Sheeran",773725,https://open.spotify.com/track/2RttW7RAu5nOAfq6YFvApB
107,"Freaky Friday (feat. Chris Brown)","Lil Dicky",770923,https://open.spotify.com/track/10Igtw8bSDyyFs7KIsKngZ
108,"Bella - Remix",Wolfine,762755,https://open.spotify.com/track/0SaYeGhSXN0dDWstyNTQ56
109,"New Light","John Mayer",751714,https://open.spotify.com/track/40FLJc17FMZaPmCQEEZgB0
110,Emotionless,Drake,746877,https://open.spotify.com/track/5Psnhdkyanjpgc2P8A5TSM
111,"Walk It Talk It",Migos,746314,https://open.spotify.com/track/6n4U3TlzUGhdSFbUUhTvLP
112,"Too Good At Goodbyes","Sam Smith",743104,https://open.spotify.com/track/1mXVgsBdtIVeCLJnSnmtdV
113,Medicina,Anitta,736766,https://open.spotify.com/track/4R5xvs5X0phd0EYWyGigju
114,"DDU-DU DDU-DU - KR Ver.",BLACKPINK,731305,https://open.spotify.com/track/2CWnuF7ht55Ajyeg4WPvWu
115,Dura,"Daddy Yankee",718917,https://open.spotify.com/track/6KuqAtoeVzxAYOaMveLNpH
116,"Remind Me to Forget",Kygo,717929,https://open.spotify.com/track/6xTU6B6nFwKKTSZ9ySXS80
117,Lie,NF,715257,https://open.spotify.com/track/07FkzikE6FuHIa8Ma7zJGc
118,"Hopeless Romantic (feat. Swae Lee)","Wiz Khalifa",714392,https://open.spotify.com/track/7IBSffWIu7P2MC7kMwy2FM
119,"I'll Be There","Jess Glynne",713025,https://open.spotify.com/track/083Qf6hn6sFL6xiOHlZUyn
120,"El Préstamo",Maluma,711243,https://open.spotify.com/track/2XVilv6s9GETnw9PG4T9Mz
121,Hope,XXXTENTACION,706509,https://open.spotify.com/track/2ZRo7axmMPeSVUvDbGkJah
122,"Síguelo Bailando",Ozuna,704017,https://open.spotify.com/track/5Y9fnynLlIvqtM710MHzfz
123,"I'm Yours","Jason Mraz",699618,https://open.spotify.com/track/3S0OXQeoh0w6AY8WQVckRW
124,JAPAN,"Famous Dex",699476,https://open.spotify.com/track/5PTG6rrL6EPFD9E2QMI2pl
125,"Ric Flair Drip (& Metro Boomin)",Offset,696406,https://open.spotify.com/track/7sO5G9EABYOXQKNPNiE9NR
126,Elevate,Drake,695162,https://open.spotify.com/track/3szf2z1Cy1QMrtHrbn8rz9
127,"Te Amo","Piso 21",691143,https://open.spotify.com/track/2RVrdr062uLFxXwIxwdXPH
128,HUMBLE.,"Kendrick Lamar",689871,https://open.spotify.com/track/7KXjTSCq5nL1LoYtL7XAwS
129,"Be Alright","Dean Lewis",687073,https://open.spotify.com/track/3EPXxR3ImUwfayaurPi3cm
130,"Wake Me Up - Radio Edit",Avicii,682193,https://open.spotify.com/track/4h8VwCb1MTGoLKueQ1WgbD
131,"Duro y Suave","Leslie Grace",677456,https://open.spotify.com/track/31M5m42C3EGlbydf9XB5to
132,Closer,"The Chainsmokers",672519,https://open.spotify.com/track/7BKLCZ1jbUBVqRi2FVlTVw
133,Enemies,Lauv,668226,https://open.spotify.com/track/3JJYIoJ5FyY9E0DGjr7SXF
134,"Live It Up - Official Song 2018 FIFA World Cup Russia","Nicky Jam",666562,https://open.spotify.com/track/4DnHUy01jEA4b5ydC3HgsT
135,"Fr Fr (feat. Lil Skies)","Wiz Khalifa",661599,https://open.spotify.com/track/1RagpNpkD3KcjXMLGMe99V
136,"Big Bank feat. 2 Chainz, Big Sean, Nicki Minaj",YG,661034,https://open.spotify.com/track/2RM4jf1Xa9zPgMGRDiht8O
137,"Mad Love","Sean Paul",660845,https://open.spotify.com/track/4dSoDnmR9opAQ8KxUc9SbC
138,"Say You Won't Let Go","James Arthur",654047,https://open.spotify.com/track/5uCax9HTNlzGybIStD3vDh
139,"Can’t Take A Joke",Drake,652855,https://open.spotify.com/track/1dUHF4RyMmMTveJ0Rby6Xm
140,Congratulations,"Post Malone",652315,https://open.spotify.com/track/3a1lNhkSLSkpJE4MSHpDu9
141,"Something Just Like This","The Chainsmokers",651256,https://open.spotify.com/track/6RUKPb4LETWmmr3iAEQktW
142,"Candy Paint","Post Malone",651218,https://open.spotify.com/track/32lItqlMi4LBhb4k0BaSaC
143,"Échame La Culpa","Luis Fonsi",636752,https://open.spotify.com/track/2hl6q70unbviGo3g1R7uFx
144,"No Me Acuerdo",Thalía,635776,https://open.spotify.com/track/00EPIEnX1JFjff8sC6bccd
145,"I Like Me Better",Lauv,629678,https://open.spotify.com/track/2P91MQbaiQOfbiz9VqhqKQ
146,"Without You (feat. Sandro Cavazza)",Avicii,629442,https://open.spotify.com/track/6Pgkp4qUoTmJIPn7ReaGxL
147,Pablo,Rvssian,628863,https://open.spotify.com/track/0l8vhDaEztxLCQsFOAX64d
148,Africa,Toto,623596,https://open.spotify.com/track/2374M0fQpWi3dLnB54qaLX
149,"Feel It Still","Portugal. The Man",622707,https://open.spotify.com/track/6QgjcU0zLnzq5OrUoSZ3OK
150,"Perfect Duet (Ed Sheeran & Beyoncé)","Ed Sheeran",621110,https://open.spotify.com/track/1bhUWB0zJMIKr9yVPrkEuI
151,Wolves,"Selena Gomez",620322,https://open.spotify.com/track/0tBbt8CrmxbjRP0pueQkyU
152,"One Dance",Drake,606518,https://open.spotify.com/track/1zi7xx7UVEFkmKfv06H8x0
153,Unforgettable,"French Montana",603291,https://open.spotify.com/track/3B54sVLJ402zGa6Xm4YGNe
154,"65th & Ingleside","Chance the Rapper",602077,https://open.spotify.com/track/5H0NU2sHWUnWCcZyYlX46X
155,Jumpsuit,"Twenty One Pilots",600389,https://open.spotify.com/track/6cQnrSlTxhHCCiUpKrs7g3
156,goosebumps,"Travis Scott",599229,https://open.spotify.com/track/6gBFPUFcJLzWGx4lenP6h2
157,Somebody,"The Chainsmokers",599177,https://open.spotify.com/track/3pWcj8hxj3fsb9TDAcMpEl
158,Ambiente,"J Balvin",596562,https://open.spotify.com/track/6VrBWh90BiwWmwKtvwWFcq
159,"Never Be the Same","Camila Cabello",592658,https://open.spotify.com/track/4eWQlBRaTjPPUlzacqEeoQ
160,"What Lovers Do (feat. SZA)","Maroon 5",591263,https://open.spotify.com/track/0GxQ1A5L9xnMOytbP6eKBG
161,"Wonderwall - Remastered",Oasis,588613,https://open.spotify.com/track/5qqabIl2vWzo9ApSC317sa
162,"Dance To This (feat. Ariana Grande)","Troye Sivan",588096,https://open.spotify.com/track/1NbGcdgwRHZ5rbPIT9hdR3
163,"Thinking Out Loud","Ed Sheeran",585388,https://open.spotify.com/track/1Slwb6dOYkBlWal1PGtnNg
164,"Whatever It Takes","Imagine Dragons",585321,https://open.spotify.com/track/0yt31hMKZMiyIEfiBiLD2N
165,Silence,Marshmello,585172,https://open.spotify.com/track/7vGuf3Y35N4wmASOKLUVVU
166,"Like I Do","David Guetta",584751,https://open.spotify.com/track/6RnkFd8Fqqgk1Uni8RgqCQ
167,"Let Me Live (feat. Anne-Marie & Mr Eazi)",Rudimental,584506,https://open.spotify.com/track/3D1rlKmZdpYUeMtRRLNawc
168,"Let Me Down Slowly","Alec Benjamin",580041,https://open.spotify.com/track/2uaiyLKnYvazyfR0Ky3Kbk
169,"Déjala Que Vuelva (feat. Manuel Turizo)","Piso 21",579578,https://open.spotify.com/track/1j6xOGusnyXq3l6IryKF3G
170,"Drug Addicts","Lil Pump",577816,https://open.spotify.com/track/6tpHfEM8eaETzlPOARYWfZ
171,"No Quiero Amarte (feat. Zion & Lennox)","Justin Quiles",577328,https://open.spotify.com/track/5bITfqKGaPakO1l99hOMsI
172,NUMB,XXXTENTACION,574018,https://open.spotify.com/track/01TnVDiet1DFTsyWKUKovl
173,Halo,Beyoncé,573821,https://open.spotify.com/track/2CvOqDpQIMw69cCzWqr5yr
174,"Young Dumb & Broke",Khalid,573211,https://open.spotify.com/track/5Z3GHaZ6ec9bsiI5BenrbY
175,Dembow,"Danny Ocean",570805,https://open.spotify.com/track/2EzRdhuoPyNJDlep7lnNf2
176,"More Than You Know","Axwell /\ Ingrosso",568364,https://open.spotify.com/track/6h5PAsRni4IRlxWr6uDPTP
177,"Powerglide (feat. Juicy J) - From SR3MM","Rae Sremmurd",567185,https://open.spotify.com/track/1BuZAIO8WZpavWVbbq3Lci
178,TATI,6ix9ine,565624,https://open.spotify.com/track/6kp0inxIexxSiDJfWqq0ZL
179,"Better Not (feat. Wafia)","Louis The Child",565359,https://open.spotify.com/track/447yWcDPg1ddgcHBLGpJC0
180,Esskeetit,"Lil Pump",560107,https://open.spotify.com/track/44KKhCyI0BGS6LvVyDqJtH
181,"All of Me","John Legend",557780,https://open.spotify.com/track/3uhBIQ7tv8j1FME8cFGEfG
182,"Let You Down",NF,553822,https://open.spotify.com/track/52okn5MNA47tk87PeZJLEL
183,"This Is Me","Keala Settle",552417,https://open.spotify.com/track/2xGjteMU3E1tkEPVFBO08U
184,Paranoid,"Post Malone",551641,https://open.spotify.com/track/3fpVWegR6YOS1Yk5HSMYIq
185,"Leave a Light On","Tom Walker",549807,https://open.spotify.com/track/6lOWoTqVnAWXchddtTH31W
186,"Let Her Go",Passenger,549561,https://open.spotify.com/track/2jyjhRf6DVbMPU5zxagN2h
187,"Mr. Brightside","The Killers",549502,https://open.spotify.com/track/7oK9VyNzrYvRFo7nQEYkWN
188,"Like To Be You feat. Julia Michaels","Shawn Mendes",547226,https://open.spotify.com/track/5QskYLFPX9y7pLU0VEMNbr
189,Photograph,"Ed Sheeran",544678,https://open.spotify.com/track/6fxVffaTuwjgEk5h9QyRjy
190,Simple,"Florida Georgia Line",541272,https://open.spotify.com/track/4P92FrvmYQSAfOpp4cpFEi
191,Criminal,"Natti Natasha",540675,https://open.spotify.com/track/6Za3190Sbw39BBC77WSS1C
192,"Nico And The Niners","Twenty One Pilots",539835,https://open.spotify.com/track/6ZIuit0z4eQg77F1RGkp0L
193,"That's What I Like","Bruno Mars",539208,https://open.spotify.com/track/0KKkJNfGyhkQ5aFogxQAPU
194,"Toda - Remix","Alex Rose",537398,https://open.spotify.com/track/7nD2JPaxIKUdxd2UWgnaGL
195,Location,Khalid,536136,https://open.spotify.com/track/152lZdxL1OR0ZMW6KquMif
196,1-800-273-8255,Logic,536135,https://open.spotify.com/track/5tz69p7tJuGPeMGwNTxYuV
197,"Mi Gente","J Balvin",533469,https://open.spotify.com/track/7COfe3P7KgfwDwIRB8LIDw
198,BILLY,6ix9ine,533150,https://open.spotify.com/track/5KhFaq45chTw8RGfWo8T8J
199,Lust,"Lil Skies",530201,https://open.spotify.com/track/7oJrVhiTPZGBXWPwhxjy9S
200,Solita,Ozuna,528181,https://open.spotify.com/track/7rwX0O3RlxqqIjQM8evm5E
