,,,"Note that these figures are generated using a formula that protects against any artificial inflation of chart positions.",
Position,"Track Name",Artist,Streams,URL
1,Havana,"Camila Cabello",4261303,https://open.spotify.com/track/1rfofaqEpACxVEHIZBJe6W
2,rockstar,"Post Malone",3818601,https://open.spotify.com/track/7wGoVu4Dady5GV0Sv4UIsx
3,"River (feat. Ed Sheeran)",Eminem,3199261,https://open.spotify.com/track/5UEnHoDYpsxlfzWLZIc7LD
4,"Never Be the Same","Camila Cabello",3075568,https://open.spotify.com/track/4eWQlBRaTjPPUlzacqEeoQ
5,Wolves,"Selena Gomez",2872339,https://open.spotify.com/track/7EmGUiUaOSGDnUUQUDrOXC
6,"Finesse (Remix) [feat. Cardi B]","Bruno Mars",2871159,https://open.spotify.com/track/3Vo4wInECJQuz9BIBMOu8i
7,"Him & I (with Halsey)",G-Eazy,2655043,https://open.spotify.com/track/5k38wzpLb15YgncyWdTZE4
8,"New Rules","Dua Lipa",2633028,https://open.spotify.com/track/2ekn2ttSfGqwhhate0LSR0
9,"Échame La Culpa","Luis Fonsi",2623868,https://open.spotify.com/track/1zsG4eaZmkA1dvjDDsAGLK
10,"Let You Down",NF,2601692,https://open.spotify.com/track/6mrKP2jyIQmM0rw6fQryjr
11,Perfect,"Ed Sheeran",2471986,https://open.spotify.com/track/0tgVpDi06FyKpA1z0VMD4v
12,"All The Stars (with SZA)","Kendrick Lamar",2269397,https://open.spotify.com/track/12SJpYZEdj4kzWZ8FPFg4Y
13,IDGAF,"Dua Lipa",2258186,https://open.spotify.com/track/76cy1WJvNGJTj78UqeA5zr
14,"What Lovers Do (feat. SZA)","Maroon 5",2239392,https://open.spotify.com/track/3hBBKuWJfxlIlnd9QFoC8k
15,"Let Me Go (with Alesso, Florida Georgia Line & watt)","Hailee Steinfeld",2159192,https://open.spotify.com/track/5AEtlRudpgdT5FtNiuly6Y
16,"I Fall Apart","Post Malone",2119870,https://open.spotify.com/track/75ZvA4QfFiZvzhj2xkaWAh
17,"Shape of You","Ed Sheeran",2062376,https://open.spotify.com/track/7qiZfU4dY1lWllzX7mPBI3
18,"Perfect Duet (Ed Sheeran & Beyoncé)","Ed Sheeran",2024373,https://open.spotify.com/track/1bhUWB0zJMIKr9yVPrkEuI
19,"Too Good At Goodbyes","Sam Smith",1982967,https://open.spotify.com/track/1mXVgsBdtIVeCLJnSnmtdV
20,Silence,Marshmello,1976166,https://open.spotify.com/track/7vGuf3Y35N4wmASOKLUVVU
21,"No Limit",G-Eazy,1931545,https://open.spotify.com/track/2DQ1ITjI0YoLFzuADN1ZBW
22,"I Miss You (feat. Julia Michaels)","Clean Bandit",1873211,https://open.spotify.com/track/2xmrfQpmS2iJExTlklLoAL
23,"Rewrite The Stars","Zac Efron",1871650,https://open.spotify.com/track/630sXRhIcfwr2e4RdNtjKN
24,Corazón,Maluma,1838900,https://open.spotify.com/track/4lESS6vuruP6a79KWRaQou
25,"Meant to Be (feat. Florida Georgia Line)","Bebe Rexha",1832331,https://open.spotify.com/track/7iDa6hUg2VgEL1o1HjmfBn
26,Downtown,Anitta,1804571,https://open.spotify.com/track/3Ga6eKrUFf12ouh9Yw3v2D
27,"Dusk Till Dawn - Radio Edit",ZAYN,1742361,https://open.spotify.com/track/1j4kHkkpqZRBwE0A4CN4Yv
28,"This Is Me","Keala Settle",1712225,https://open.spotify.com/track/2xGjteMU3E1tkEPVFBO08U
29,"Bartier Cardi (feat. 21 Savage)","Cardi B",1710206,https://open.spotify.com/track/75FDPwaULRdYDn4StFN2rT
30,Sensualidad,"Bad Bunny",1666774,https://open.spotify.com/track/5hcisvFMidkMJlElTO9Qmw
31,"Gucci Gang","Lil Pump",1608594,https://open.spotify.com/track/43ZyHQITOjhciSUUNPVRHc
32,"My My My!","Troye Sivan",1600377,https://open.spotify.com/track/2Tq2R8sRftNEqdgJK5HadO
33,"Déjala Que Vuelva (feat. Manuel Turizo)","Piso 21",1585334,https://open.spotify.com/track/33bnxcjePIkcmNjEFTJX0l
34,Thunder,"Imagine Dragons",1565003,https://open.spotify.com/track/0tKcYR2II1VCQWT79i5NrW
35,Criminal,"Natti Natasha",1564183,https://open.spotify.com/track/6Za3190Sbw39BBC77WSS1C
36,"How Long","Charlie Puth",1500432,https://open.spotify.com/track/32DGGj6KlNuBr6WaqRxpxi
37,"XO TOUR Llif3","Lil Uzi Vert",1479564,https://open.spotify.com/track/7GX5flRQZVHRAGd6B4TmDO
38,Anywhere,"Rita Ora",1476318,https://open.spotify.com/track/7EI6Iki24tBHAMxtb4xQN2
39,"Candy Paint","Post Malone",1445001,https://open.spotify.com/track/42CeaId2XNlxugDvyqHfDf
40,"Feel It Still","Portugal. The Man",1444417,https://open.spotify.com/track/6QgjcU0zLnzq5OrUoSZ3OK
41,"Real Friends","Camila Cabello",1438960,https://open.spotify.com/track/3iq9nhbI8fcnNamxMft1uv
42,"Ric Flair Drip (& Metro Boomin)",Offset,1434743,https://open.spotify.com/track/7sO5G9EABYOXQKNPNiE9NR
43,"Young Dumb & Broke",Khalid,1434614,https://open.spotify.com/track/5Z3GHaZ6ec9bsiI5BenrbY
44,Congratulations,"Post Malone",1433903,https://open.spotify.com/track/3a1lNhkSLSkpJE4MSHpDu9
45,"EL BAÑO","Enrique Iglesias",1402219,https://open.spotify.com/track/2vvdTrdryjsl8DmPIMDWZU
46,"So Far Away (feat. Jamie Scott & Romy Dya)","Martin Garrix",1365254,https://open.spotify.com/track/0OlnLZY4cmQzT6ZGttvWBM
47,"End Game","Taylor Swift",1357162,https://open.spotify.com/track/2x0WlnmfG39ZuDmstl9xfX
48,HUMBLE.,"Kendrick Lamar",1322560,https://open.spotify.com/track/7KXjTSCq5nL1LoYtL7XAwS
49,"Tip Toe (feat. French Montana)","Jason Derulo",1247145,https://open.spotify.com/track/2z4pcBLQXF2BXKFvd0BuB6
50,"Se Preparó",Ozuna,1232436,https://open.spotify.com/track/1m69ELEgE6k5ZWsap40ozt
51,"Mi Gente","J Balvin",1231176,https://open.spotify.com/track/2rb5MvYT7ZIxbKW5hfcHx8
52,Filthy,"Justin Timberlake",1199688,https://open.spotify.com/track/1L3NV7VrCiuE8C5QlhdeQL
53,Stargazing,Kygo,1186640,https://open.spotify.com/track/0Zbbxnx4SGGHoIow4PpISP
54,1-800-273-8255,Logic,1174366,https://open.spotify.com/track/5tz69p7tJuGPeMGwNTxYuV
55,"LOVE. FEAT. ZACARI.","Kendrick Lamar",1166506,https://open.spotify.com/track/6PGoSes0D9eUDeeAafB2As
56,"All Falls Down","Alan Walker",1161748,https://open.spotify.com/track/5yFSF6qQA1rcLsQRnBsZgb
57,Unforgettable,"French Montana",1159812,https://open.spotify.com/track/3B54sVLJ402zGa6Xm4YGNe
58,"Codeine Dreaming (feat. Lil Wayne)","Kodak Black",1159504,https://open.spotify.com/track/4DTpngLjoHj5gFxEZFeD3J
59,Bella,Wolfine,1139079,https://open.spotify.com/track/4R55IUi2x7S5ek2SpebOiE
60,"Bank Account","21 Savage",1137773,https://open.spotify.com/track/2fQrGHiQOvpL9UgPvtYy6G
61,"She Loves Control","Camila Cabello",1105435,https://open.spotify.com/track/5HwnezK198pJCEj1l2Adjy
62,Mayores,"Becky G",1101688,https://open.spotify.com/track/7JNh1cfm0eXjqFVOzKLyau
63,"Lonely Together (feat. Rita Ora)",Avicii,1083290,https://open.spotify.com/track/2OALaHcDdKkjYEpAr0Qzab
64,Attention,"Charlie Puth",1073310,https://open.spotify.com/track/4iLqG9SeJSnt0cSPICSjxv
65,"Me Rehúso","Danny Ocean",1070005,https://open.spotify.com/track/6De0lHrwBfPfrhorm9q1Xl
66,"For You (Fifty Shades Freed) (& Rita Ora)","Liam Payne",1065155,https://open.spotify.com/track/5hM6sP0Gh1jD57drszNueC
67,MotorSport,Migos,1064141,https://open.spotify.com/track/1YZfcVLbbJwfizR5cDOp3q
68,"I Like Me Better",Lauv,1061777,https://open.spotify.com/track/1wjzFQodRWrPcQ0AnYnvQ9
69,"PICK IT UP (feat. A$AP Rocky)","Famous Dex",1048240,https://open.spotify.com/track/3ncgNpxLoBQ65ABk4djDyd
70,"Sorry Not Sorry","Demi Lovato",1040559,https://open.spotify.com/track/3m660poUr1chesgkkjQM7P
71,Zombie,"The Cranberries",1024503,https://open.spotify.com/track/6xy6jNeNTYwjnKTDzMyHw2
72,Believer,"Imagine Dragons",1023251,https://open.spotify.com/track/0CcQNd8CINkwQfe1RDtGV6
73,"The Greatest Show","Hugh Jackman",1020718,https://open.spotify.com/track/43ay9lQZ5rfNcOOHhRF2cM
74,"Tell Me You Love Me","Demi Lovato",1016550,https://open.spotify.com/track/5Htb1uFQ1KrkFXlefS8oGj
75,"Home (with Machine Gun Kelly, X Ambassadors & Bebe Rexha)","Machine Gun Kelly",1015175,https://open.spotify.com/track/0OI7AFifLSoGzpb8bdBLLV
76,"Something Just Like This","The Chainsmokers",1007549,https://open.spotify.com/track/6RUKPb4LETWmmr3iAEQktW
77,"Perro Fiel (feat. Nicky Jam)",Shakira,987584,https://open.spotify.com/track/70lnL3QaSOIIyMa2X9aVRL
78,Betrayed,"Lil Xan",979638,https://open.spotify.com/track/6NWl2m8asvH83xjuXVNsuG
79,"More Than You Know","Axwell /\ Ingrosso",973992,https://open.spotify.com/track/71bBFbfn2OBK5QwUJSLS44
80,"Bum Bum Tam Tam","MC Fioti",973367,https://open.spotify.com/track/4zWO4gvuFtw6EJZC5FFGlr
81,"Plain Jane","A$AP Ferg",964901,https://open.spotify.com/track/4dVpf9jZjcORqGTLUaeYj9
82,"Vai malandra (feat. Tropkillaz & DJ Yuri Martins)",Anitta,960347,https://open.spotify.com/track/6u0EAxf1OJTLS7CvInuNd7
83,"Stir Fry",Migos,935448,https://open.spotify.com/track/4fndbjoz1qJyK6JcLdKfzm
84,Naked,"James Arthur",932022,https://open.spotify.com/track/7krbSH3rd8lhIZvuzTV3Bl
85,"Sky Walker",Miguel,930473,https://open.spotify.com/track/5WoaF1B5XIEnWfmb5NZikf
86,"Bodak Yellow","Cardi B",928021,https://open.spotify.com/track/2771LMNxwf62FTAdpJMQfM
87,"Say You Won't Let Go","James Arthur",914645,https://open.spotify.com/track/5uCax9HTNlzGybIStD3vDh
88,"Báilame - Remix",Nacho,898838,https://open.spotify.com/track/3VClLWqNn80Llv0PJOsKgr
89,"Jocelyn Flores",XXXTENTACION,897450,https://open.spotify.com/track/7m9OqQk4RVRkw9JJdeAw96
90,"Friends (with BloodPop®)","Justin Bieber",890837,https://open.spotify.com/track/7nZmah2llfvLDiUjm0kiyz
91,"Que Va","Alex Sensation",889820,https://open.spotify.com/track/7ofxPmTNMj2GP07g1VZa0O
92,"Despacito - Remix","Luis Fonsi",872348,https://open.spotify.com/track/5CtI0qwDJkDQGwXD1H1cLb
93,"A Million Dreams","Ziv Zaifman",872075,https://open.spotify.com/track/0RoA7ObU6phWpqhlC9zH4Z
94,Location,Khalid,865389,https://open.spotify.com/track/152lZdxL1OR0ZMW6KquMif
95,"Never Enough","Loren Allred",858837,https://open.spotify.com/track/0Gl5s8IhMmQE5YQwM8Qx1J
96,"Havana - Remix","Camila Cabello",851118,https://open.spotify.com/track/3whrwq4DtvucphBPUogRuJ
97,"Suena El Dembow","Joey Montana",843145,https://open.spotify.com/track/5TysCiZtv1HnSWcTcUFusI
98,"There's Nothing Holdin' Me Back","Shawn Mendes",842636,https://open.spotify.com/track/79cuOz3SPQTuFrp8WgftAu
99,"Escápate Conmigo (feat. Ozuna)",Wisin,821231,https://open.spotify.com/track/1KSqYYJFyfTecXFk9M0prc
100,goosebumps,"Travis Scott",819806,https://open.spotify.com/track/6gBFPUFcJLzWGx4lenP6h2
101,Spotlight,Marshmello,818107,https://open.spotify.com/track/6VrCmhRBFnuGKmtNfk4jDs
102,Wait,"Maroon 5",813831,https://open.spotify.com/track/1Qg9jWGDkKAGZXj5v2OG59
103,"Robarte un Beso","Carlos Vives",806832,https://open.spotify.com/track/0JcNysfWVWaMS7R6vzGB2k
104,"Man's Not Hot","Big Shaq",798062,https://open.spotify.com/track/2nUJvBO87SkxCViQsLc9Zr
105,"Strip That Down","Liam Payne",796262,https://open.spotify.com/track/6EpRaXYhGOB3fj4V2uDkMJ
106,"The Other Side","Hugh Jackman",794168,https://open.spotify.com/track/2cKovq3l6OJjhVVDbVKOsr
107,SUTRA,"Sebastian Yatra",788688,https://open.spotify.com/track/5TmZYdHW6HJ9gt7Aokuql5
108,"Felices los 4",Maluma,782782,https://open.spotify.com/track/0qYTZCo5Bwh1nsUFGZP3zn
109,"I Get The Bag (feat. Migos)","Gucci Mane",782398,https://open.spotify.com/track/1XRgIKC5TPwo7nWGyKqgG0
110,"Nowadays (feat. Landon Cube)","Lil Skies",777376,https://open.spotify.com/track/2u7mxWSeoqTXndK5e08jMp
111,Linger,"The Cranberries",775527,https://open.spotify.com/track/1aLNpg2kKvUncflV8xE5AA
112,"Symphony (feat. Zara Larsson)","Clean Bandit",772669,https://open.spotify.com/track/1x5sYLZiu9r5E43kMlt9f8
113,"Quiero Repetir",Ozuna,770689,https://open.spotify.com/track/0MIcPSq9n2z5H8TAfEstri
114,KEKE,6ix9ine,767024,https://open.spotify.com/track/0zl3PdjIl320fK0pxBGWNR
115,"BUTTERFLY EFFECT","Travis Scott",757531,https://open.spotify.com/track/1yxgsra98r3qAtxqiGZPiX
116,Photograph,"Ed Sheeran",756829,https://open.spotify.com/track/6fxVffaTuwjgEk5h9QyRjy
117,"That's What I Like","Bruno Mars",754448,https://open.spotify.com/track/0KKkJNfGyhkQ5aFogxQAPU
118,"Whatever It Takes","Imagine Dragons",750435,https://open.spotify.com/track/4IWAyPf1KMq7JCyGeCjTeH
119,"Bella y Sensual","Romeo Santos",747225,https://open.spotify.com/track/0ERbK7qVqveCaBWIiYCrl3
120,"King's Dead (with Kendrick Lamar, Future & James Blake)","Jay Rock",744296,https://open.spotify.com/track/51rXHuKN8Loc4sUlKPODgH
121,"Galway Girl","Ed Sheeran",743153,https://open.spotify.com/track/0afhq8XCExXpqazXczTSve
122,Closer,"The Chainsmokers",741061,https://open.spotify.com/track/7BKLCZ1jbUBVqRi2FVlTVw
123,"Go Flex","Post Malone",737349,https://open.spotify.com/track/5yuShbu70mtHXY0yLzCQLQ
124,"Look What You Made Me Do","Taylor Swift",737335,https://open.spotify.com/track/5troof8mcGO3AafoDbk1gc
125,Vuelve,"Daddy Yankee",736065,https://open.spotify.com/track/0lJCqIx5BhZtf6QtYI2fbv
126,Feels,"Calvin Harris",733411,https://open.spotify.com/track/5bcTCxgc7xVfSaMV3RuVke
127,Dreamer,"Axwell /\ Ingrosso",726959,https://open.spotify.com/track/0RTzJVkunbGwuRjXDFHnjf
128,"Glorious (feat. Skylar Grey)",Macklemore,713558,https://open.spotify.com/track/0CokSRCu5hZgPxcZBaEzVE
129,"I'm the One (feat. Justin Bieber, Quavo, Chance the Rapper & Lil Wayne)","DJ Khaled",710323,https://open.spotify.com/track/3DXncPQOG4VBw3QHh3S817
130,"What About Us",P!nk,708445,https://open.spotify.com/track/0Qh38w01QRXK6KHIv0e3hb
131,"Thinking Out Loud","Ed Sheeran",705096,https://open.spotify.com/track/1Slwb6dOYkBlWal1PGtnNg
132,"Wild Thoughts (feat. Rihanna & Bryson Tiller)","DJ Khaled",701989,https://open.spotify.com/track/1OAh8uOEOvTDqkKFsKksCi
133,"Fuck Love (feat. Trippie Redd)",XXXTENTACION,700697,https://open.spotify.com/track/7AQim7LbvFVZJE3O8TYgf2
134,"Roll In Peace (feat. XXXTENTACION)","Kodak Black",696011,https://open.spotify.com/track/40oKW22ZNNkEdZLJTScaQI
135,Mama,"Jonas Blue",694405,https://open.spotify.com/track/0NiXXAI876aGImAd6rTj8w
136,"Wanted You (feat. Lil Uzi Vert)",NAV,687118,https://open.spotify.com/track/790MhTXPFrYkrqCKvpg4t1
137,"It Ain't Me (with Selena Gomez)",Kygo,686820,https://open.spotify.com/track/3eR23VReFzcdmS7TYCrhCe
138,"Back to You (feat. Bebe Rexha & Digital Farm Animals)","Louis Tomlinson",682378,https://open.spotify.com/track/7F9vK8hNFMml4GtHsaXui6
139,"MIC Drop (feat. Desiigner) [Steve Aoki Remix]",BTS,675230,https://open.spotify.com/track/7Ed6BkggCS2KaKY5YlINaF
140,"Bad At Love",Halsey,671409,https://open.spotify.com/track/7y9iMe8SOB6z3NoHE2OfXl
141,Bonita,"J Balvin",670262,https://open.spotify.com/track/693iqPOQvhI7PobtR8CC8v
142,"I Don’t Wanna Live Forever (Fifty Shades Darker) - From ""Fifty Shades Darker (Original Motion Picture Soundtrack)""",ZAYN,665719,https://open.spotify.com/track/3NdDpSvN911VPGivFlV5d0
143,"Come Alive","Hugh Jackman",663973,https://open.spotify.com/track/5xNUR50KxswPRAvx7S163g
144,Issues,"Julia Michaels",661044,https://open.spotify.com/track/7vu0JkJh0ldukEYbTVcqd0
145,"Without You (feat. Sandro Cavazza)",Avicii,659370,https://open.spotify.com/track/6WbADFqMvR8N5u0BvtsWQE
146,"Mask Off",Future,655298,https://open.spotify.com/track/0VgkVdmE4gld66l8iyGjgx
147,"From Now On","Hugh Jackman",652935,https://open.spotify.com/track/3IkWmgGsXbsafrunwPojXO
148,"Déjate Llevar","Juan Magán",652009,https://open.spotify.com/track/3xWEI23MLJrD0dpDcDUTW6
149,"Too Much To Ask","Niall Horan",647429,https://open.spotify.com/track/4v094LQ9eF10k2O2Te2ngK
150,"Ghostface Killers","21 Savage",646776,https://open.spotify.com/track/5u6vkDnOyaf8LsteDAj2ub
151,"All These Years","Camila Cabello",637070,https://open.spotify.com/track/4XLu3tTSZiPFVC9mmuR6Zp
152,"Swalla (feat. Nicki Minaj & Ty Dolla $ign)","Jason Derulo",634678,https://open.spotify.com/track/6kex4EBAj0WHXDKZMEJaaF
153,"White Iverson","Post Malone",629881,https://open.spotify.com/track/6eT7xZZlB2mwyzJ2sUKG6w
154,"One Dance",Drake,628937,https://open.spotify.com/track/1xznGGDReH1oQq0xzbwXa3
155,"Despacito (Featuring Daddy Yankee)","Luis Fonsi",625924,https://open.spotify.com/track/4aWmUDTfIPGksMNLV2rQP2
156,"Una Lady Como Tú","Manuel Turizo",623296,https://open.spotify.com/track/7MHN1aCFtLXjownGhvEQlF
157,"Slippery (feat. Gucci Mane)",Migos,621944,https://open.spotify.com/track/6p8NuHm8uCGnn2Dtbtf7zE
158,Starboy,"The Weeknd",616978,https://open.spotify.com/track/5aAx2yezTd8zXrkmtKl66Z
159,Happier,"Ed Sheeran",611571,https://open.spotify.com/track/2RttW7RAu5nOAfq6YFvApB
160,Stay,Zedd,610575,https://open.spotify.com/track/0I20rLT2MJDhcF96AjbNYo
161,Consequences,"Camila Cabello",605853,https://open.spotify.com/track/7sTtHHrD0zDpmzQzH3zegz
162,DNA.,"Kendrick Lamar",602378,https://open.spotify.com/track/6HZILIRieu8S0iqY8kIKhj
163,Redbone,"Childish Gambino",598467,https://open.spotify.com/track/3kxfsdsCpFgN412fpnW85Y
164,"Dirty Sexy Money (feat. Charli XCX & French Montana)","David Guetta",592152,https://open.spotify.com/track/0tPQPaOKM32WgMSbPCYyRH
165,"Pretty Girl - Cheat Codes X CADE Remix","Maggie Lindemann",588497,https://open.spotify.com/track/1NDxZ7cFAo481dtYWdrUnR
166,Breathe,"Jax Jones",586851,https://open.spotify.com/track/6tvQzeCPwOytDlBYCIOY0n
167,"Castle on the Hill","Ed Sheeran",585002,https://open.spotify.com/track/6PCUP3dWmTjcTtXY02oFdT
168,"A Different Way (with Lauv)","DJ Snake",583669,https://open.spotify.com/track/0Wv5wuenRLI3BcwgT3HPIP
169,"Your Song","Rita Ora",583644,https://open.spotify.com/track/4c2W3VKsOFoIg2SFaO6DY5
170,"Síguelo Bailando",Ozuna,583569,https://open.spotify.com/track/5Y9fnynLlIvqtM710MHzfz
171,"Slow Hands","Niall Horan",579709,https://open.spotify.com/track/38yBBH2jacvDxrznF7h08J
172,"The Weekend - Funk Wav Remix",SZA,579596,https://open.spotify.com/track/0P6AWOA4LG1XOctzaVu5tt
173,"Scared to Be Lonely","Martin Garrix",579325,https://open.spotify.com/track/3ebXMykcMXOcLeJ9xZ17XH
174,Passionfruit,Drake,578903,https://open.spotify.com/track/7hDc8b7IXETo14hHIHdnhd
175,Dembow,"Danny Ocean",578340,https://open.spotify.com/track/2EzRdhuoPyNJDlep7lnNf2
176,"Ahora Dice","Chris Jeday",577668,https://open.spotify.com/track/22eADXu8DfOAUEDw4vU8qy
177,"The Way Life Goes (feat. Oh Wonder)","Lil Uzi Vert",576250,https://open.spotify.com/track/2eAZfqOm4EnOF9VvN50Tyc
178,Explícale,Yandel,570480,https://open.spotify.com/track/1LszjjoVwDDZcWUQbzeDLG
179,"Good Old Days (feat. Kesha)",Macklemore,569849,https://open.spotify.com/track/2Za1AlJNvksouPPWbXpR2X
180,"3 A.M.","Jesse & Joy",569355,https://open.spotify.com/track/0yyZN5ASdrYu0XYWFzfxUu
181,"La Modelo","Lean Trap",565488,https://open.spotify.com/track/76DNqvSyzL9VCkhlnByqLf
182,"Into It","Camila Cabello",557349,https://open.spotify.com/track/2gxqozTaq2NYylvS8jd57G
183,GUMMO,6ix9ine,552465,https://open.spotify.com/track/2vjmyyAnDUzilFYxOlTdO1
184,"Sucker for You","Matt Terry",551811,https://open.spotify.com/track/4vkVvmjIiQibQ6zJnC1Q9z
185,"2U (feat. Justin Bieber)","David Guetta",551336,https://open.spotify.com/track/3A7qX2QjDlPnazUsRk5y0M
186,"Sign of the Times","Harry Styles",550084,https://open.spotify.com/track/5Ohxk2dO5COHF1krpoPigN
187,Tightrope,"Michelle Williams",547454,https://open.spotify.com/track/0GVuLQtPXFaL18ijEOqoAa
188,"I Feel It Coming","The Weeknd",544746,https://open.spotify.com/track/5GXAXm5YOmYT0kL5jHvYBt
189,"Lose Yourself - From ""8 Mile"" Soundtrack",Eminem,543224,https://open.spotify.com/track/7w9bgPAmPTtrkt2v16QWvQ
190,"Inside Out","Camila Cabello",540937,https://open.spotify.com/track/5xi2SXmF3A5AIsuGXiUIZu
191,Sober,G-Eazy,538918,https://open.spotify.com/track/3qk4wRMDlaeagZGjSYbsOV
192,"No Promises (feat. Demi Lovato)","Cheat Codes",537070,https://open.spotify.com/track/1louJpMmzEicAn7lzDalPW
193,Paris,"The Chainsmokers",535270,https://open.spotify.com/track/72jbDTw1piOOj770jWNeaG
194,"Rockabye (feat. Sean Paul & Anne-Marie)","Clean Bandit",535188,https://open.spotify.com/track/5knuzwU65gJK7IF5yJsuaW
195,"In the Dark","Camila Cabello",532902,https://open.spotify.com/track/1GO9vCm5Cra5uWGSWQ5mGK
196,"Reggaetón Lento (Remix)",CNCO,524780,https://open.spotify.com/track/5PB8zB1MOZASboLquvinMF
197,"'Till I Collapse",Eminem,524591,https://open.spotify.com/track/6yr8GiTHWvFfi4o6Q5ebdT
198,"...Ready For It?","Taylor Swift",524213,https://open.spotify.com/track/2yLa0QULdQr0qAIvVwN6B5
199,"Wonderwall - Remastered",Oasis,523890,https://open.spotify.com/track/5qqabIl2vWzo9ApSC317sa
200,"Everybody Dies In Their Nightmares",XXXTENTACION,523486,https://open.spotify.com/track/3GVkPk8mqxz0itaAriG1L7
